Build started 2026-01-06 2:01:18 PM.
Logging verbosity is set to: Detailed.     0>Process = "C:\Program Files\dotnet\dotnet.exe"
       MSBuild executable path = "C:\Program Files\dotnet\sdk\9.0.305\MSBuild.dll"
       Command line arguments = "C:\Program Files\dotnet\sdk\9.0.305\MSBuild.dll -maxcpucount -verbosity:m -tlp:default=auto -nologo -restore -consoleloggerparameters:Summary /flp:v=detailed /fl -distributedlogger:Microsoft.DotNet.Tools.MSBuild.MSBuildLogger,C:\Program Files\dotnet\sdk\9.0.305\dotnet.dll*Microsoft.DotNet.Tools.MSBuild.MSBuildForwardingLogger,C:\Program Files\dotnet\sdk\9.0.305\dotnet.dll"
       Current directory = "C:\Users\hisha\Documents\Bomberman"
       MSBuild version = "17.14.21+8929ca9e3"
       Based on the Windows registry key LongPathsEnabled, the LongPaths feature is enabled.
       Based on the Windows registry key VerifiedAndReputablePolicyState, SAC state = 0: turned off.
       The SDK "Microsoft.NET.Sdk" was successfully resolved by the "DefaultSdkResolver" resolver to location "C:\Program Files\dotnet\sdk\9.0.305\Sdks\Microsoft.NET.Sdk\Sdk" and version "".
       C:\Program Files\dotnet\sdk\9.0.305\Sdks\Microsoft.NET.Sdk\Sdk\Sdk.props(49,11): message : Property 'MSBuildExtensionsPath' with value 'C:\Program Files\dotnet\sdk\9.0.305\' expanded from the environment.
       C:\Program Files\dotnet\sdk\9.0.305\Current\Microsoft.Common.props(60,5): message : Property reassignment: $(MSBuildProjectExtensionsPath)="C:\Users\hisha\Documents\Bomberman\obj\" (previous value: "obj\") at C:\Program Files\dotnet\sdk\9.0.305\Current\Microsoft.Common.props (60,5)
       C:\Program Files\dotnet\sdk\9.0.305\Current\Microsoft.Common.props(84,119): message : Property 'MSBuildUserExtensionsPath' with value 'C:\Users\hisha\AppData\Local\Microsoft\MSBuild' expanded from the environment.
       C:\Program Files\dotnet\sdk\9.0.305\Sdks\Microsoft.NET.Sdk\targets\Microsoft.NET.Sdk.props(90,5): message : Property reassignment: $(AssemblySearchPaths)="{CandidateAssemblyFiles};{HintPathFromItem}" (previous value: "{CandidateAssemblyFiles}") at C:\Program Files\dotnet\sdk\9.0.305\Sdks\Microsoft.NET.Sdk\targets\Microsoft.NET.Sdk.props (90,5)
       C:\Program Files\dotnet\sdk\9.0.305\Sdks\Microsoft.NET.Sdk\targets\Microsoft.NET.Sdk.props(91,5): message : Property reassignment: $(AssemblySearchPaths)="{CandidateAssemblyFiles};{HintPathFromItem};{TargetFrameworkDirectory}" (previous value: "{CandidateAssemblyFiles};{HintPathFromItem}") at C:\Program Files\dotnet\sdk\9.0.305\Sdks\Microsoft.NET.Sdk\targets\Microsoft.NET.Sdk.props (91,5)
       C:\Program Files\dotnet\sdk\9.0.305\Sdks\Microsoft.NET.Sdk\targets\Microsoft.NET.Sdk.props(92,5): message : Property reassignment: $(AssemblySearchPaths)="{CandidateAssemblyFiles};{HintPathFromItem};{TargetFrameworkDirectory};{RawFileName}" (previous value: "{CandidateAssemblyFiles};{HintPathFromItem};{TargetFrameworkDirectory}") at C:\Program Files\dotnet\sdk\9.0.305\Sdks\Microsoft.NET.Sdk\targets\Microsoft.NET.Sdk.props (92,5)
       The "DefaultSdkResolver" resolver attempted to resolve the SDK "Microsoft.NET.SDK.WorkloadAutoImportPropsLocator".
       Warnings: null
       Errors: MSB4276: The default SDK resolver failed to resolve SDK "Microsoft.NET.SDK.WorkloadAutoImportPropsLocator" because directory "C:\Program Files\dotnet\sdk\9.0.305\Sdks\Microsoft.NET.SDK.WorkloadAutoImportPropsLocator\Sdk" did not exist.
       Assembly loaded during Evaluation: Microsoft.Build.NuGetSdkResolver, Version=6.14.0.116, Culture=neutral, PublicKeyToken=31bf3856ad364e35 (location: C:\Program Files\dotnet\sdk\9.0.305\Microsoft.Build.NuGetSdkResolver.dll, MVID: ee5cca45-a90e-417e-aaf7-f0e96f222226, AssemblyLoadContext: MSBuild plugin C:\Program Files\dotnet\sdk\9.0.305\Microsoft.Build.NuGetSdkResolver.dll)
       Assembly loaded during Evaluation: NuGet.Common, Version=6.14.0.116, Culture=neutral, PublicKeyToken=31bf3856ad364e35 (location: C:\Program Files\dotnet\sdk\9.0.305\NuGet.Common.dll, MVID: 0fbb79ae-e358-4591-bc91-e34371a3d05b, AssemblyLoadContext: MSBuild plugin C:\Program Files\dotnet\sdk\9.0.305\Microsoft.Build.NuGetSdkResolver.dll)
       Assembly loaded during Evaluation: Microsoft.NET.Sdk.WorkloadMSBuildSdkResolver, Version=9.0.305.0, Culture=neutral, PublicKeyToken=31bf3856ad364e35 (location: C:\Program Files\dotnet\sdk\9.0.305\Microsoft.NET.Sdk.WorkloadMSBuildSdkResolver.dll, MVID: 211d196f-ee7d-4cf7-9546-b65fb15c6455, AssemblyLoadContext: MSBuild plugin C:\Program Files\dotnet\sdk\9.0.305\Microsoft.NET.Sdk.WorkloadMSBuildSdkResolver.dll)
       Assembly loaded during Evaluation: Microsoft.DotNet.Cli.Utils, Version=9.0.305.0, Culture=neutral, PublicKeyToken=adb9793829ddae60 (location: C:\Program Files\dotnet\sdk\9.0.305\Microsoft.DotNet.Cli.Utils.dll, MVID: f323b3c5-98cf-487d-b907-008f8c73c11f, AssemblyLoadContext: MSBuild plugin C:\Program Files\dotnet\sdk\9.0.305\Microsoft.NET.Sdk.WorkloadMSBuildSdkResolver.dll)
       Assembly loaded during Evaluation: Microsoft.NET.Sdk.WorkloadManifestReader, Version=9.0.305.0, Culture=neutral, PublicKeyToken=adb9793829ddae60 (location: C:\Program Files\dotnet\sdk\9.0.305\Microsoft.NET.Sdk.WorkloadManifestReader.dll, MVID: 4e28badb-d613-40ef-9773-b1653eb20e3e, AssemblyLoadContext: MSBuild plugin C:\Program Files\dotnet\sdk\9.0.305\Microsoft.NET.Sdk.WorkloadMSBuildSdkResolver.dll)
       Assembly loaded during Evaluation: Microsoft.Deployment.DotNet.Releases, Version=2.0.0.0, Culture=neutral, PublicKeyToken=31bf3856ad364e35 (location: C:\Program Files\dotnet\sdk\9.0.305\Microsoft.Deployment.DotNet.Releases.dll, MVID: 400d16c0-099c-46d2-bc0e-802a0637399b, AssemblyLoadContext: MSBuild plugin C:\Program Files\dotnet\sdk\9.0.305\Microsoft.NET.Sdk.WorkloadMSBuildSdkResolver.dll)
       The SDK "Microsoft.NET.SDK.WorkloadAutoImportPropsLocator" was successfully resolved by the "Microsoft.DotNet.MSBuildWorkloadSdkResolver" resolver to location "C:\Program Files\dotnet\packs\Aspire.Hosting.Sdk\8.2.2\Sdk" and version "null".
       C:\Program Files\dotnet\sdk\9.0.305\Sdks\Microsoft.NET.Sdk\targets\Microsoft.NET.PackProjectTool.props(15,5): message : Property reassignment: $(TargetsForTfmSpecificContentInPackage)=";PackTool;_PackProjectToolValidation" (previous value: ";PackTool") at C:\Program Files\dotnet\sdk\9.0.305\Sdks\Microsoft.NET.Sdk\targets\Microsoft.NET.PackProjectTool.props (15,5)
       C:\Users\hisha\Documents\Bomberman\Bomberman.csproj(4,5): message : Property reassignment: $(OutputType)="Exe" (previous value: "Library") at C:\Users\hisha\Documents\Bomberman\Bomberman.csproj (4,5)
       C:\Program Files\dotnet\sdk\9.0.305\Sdks\Microsoft.NET.Sdk\targets\Microsoft.NET.Sdk.ImportPublishProfile.targets(28,5): message : Property reassignment: $(PublishProfileImported)="false" (previous value: "true") at C:\Program Files\dotnet\sdk\9.0.305\Sdks\Microsoft.NET.Sdk\targets\Microsoft.NET.Sdk.ImportPublishProfile.targets (28,5)
       Assembly loaded during Evaluation: NuGet.Frameworks, Version=6.14.0.116, Culture=neutral, PublicKeyToken=31bf3856ad364e35 (location: C:\Program Files\dotnet\sdk\9.0.305\NuGet.Frameworks.dll, MVID: 6b5909cd-5145-46c4-9595-25461e82c126, AssemblyLoadContext: Assembly.LoadFile(C:\Program Files\dotnet\sdk\9.0.305\NuGet.Frameworks.dll))
       C:\Program Files\dotnet\sdk\9.0.305\Sdks\Microsoft.NET.Sdk\targets\Microsoft.NET.TargetFrameworkInference.targets(69,5): message : Property reassignment: $(TargetPlatformVersion)="" (previous value: "0.0") at C:\Program Files\dotnet\sdk\9.0.305\Sdks\Microsoft.NET.Sdk\targets\Microsoft.NET.TargetFrameworkInference.targets (69,5)
       C:\Program Files\dotnet\sdk\9.0.305\Sdks\Microsoft.NET.Sdk\targets\Microsoft.NET.DefaultOutputPaths.targets(122,5): message : Property reassignment: $(DefaultItemExcludes)=";bin\Debug\/**;obj\Debug\/**" (previous value: ";bin\Debug\/**") at C:\Program Files\dotnet\sdk\9.0.305\Sdks\Microsoft.NET.Sdk\targets\Microsoft.NET.DefaultOutputPaths.targets (122,5)
       C:\Program Files\dotnet\sdk\9.0.305\Sdks\Microsoft.NET.Sdk\targets\Microsoft.NET.DefaultOutputPaths.targets(137,5): message : Property reassignment: $(OutputPath)="bin\Debug\net9.0\" (previous value: "bin\Debug\") at C:\Program Files\dotnet\sdk\9.0.305\Sdks\Microsoft.NET.Sdk\targets\Microsoft.NET.DefaultOutputPaths.targets (137,5)
       C:\Program Files\dotnet\sdk\9.0.305\Sdks\Microsoft.NET.Sdk\targets\Microsoft.NET.DefaultOutputPaths.targets(142,5): message : Property reassignment: $(IntermediateOutputPath)="obj\Debug\net9.0\" (previous value: "obj\Debug\") at C:\Program Files\dotnet\sdk\9.0.305\Sdks\Microsoft.NET.Sdk\targets\Microsoft.NET.DefaultOutputPaths.targets (142,5)
       The "DefaultSdkResolver" resolver attempted to resolve the SDK "Microsoft.NET.SDK.WorkloadManifestTargetsLocator".
       Warnings: null
       Errors: MSB4276: The default SDK resolver failed to resolve SDK "Microsoft.NET.SDK.WorkloadManifestTargetsLocator" because directory "C:\Program Files\dotnet\sdk\9.0.305\Sdks\Microsoft.NET.SDK.WorkloadManifestTargetsLocator\Sdk" did not exist.
       The SDK "Microsoft.NET.SDK.WorkloadManifestTargetsLocator" was successfully resolved by the "Microsoft.DotNet.MSBuildWorkloadSdkResolver" resolver to location "C:\Program Files\dotnet\sdk-manifests\9.0.100\microsoft.net.sdk.android\35.0.78" and version "null".
       C:\Program Files\dotnet\sdk\9.0.305\Sdks\Microsoft.NET.Sdk\targets\Microsoft.NET.Sdk.BeforeCommon.targets(187,5): message : Property reassignment: $(_FrameworkIdentifierForImplicitDefine)="NET" (previous value: "NETCOREAPP") at C:\Program Files\dotnet\sdk\9.0.305\Sdks\Microsoft.NET.Sdk\targets\Microsoft.NET.Sdk.BeforeCommon.targets (187,5)
       C:\Program Files\dotnet\sdk\9.0.305\Sdks\Microsoft.NET.Sdk\targets\Microsoft.NET.Sdk.BeforeCommon.targets(192,5): message : Property reassignment: $(_FrameworkVersionForImplicitDefine)="9_0" (previous value: "9.0") at C:\Program Files\dotnet\sdk\9.0.305\Sdks\Microsoft.NET.Sdk\targets\Microsoft.NET.Sdk.BeforeCommon.targets (192,5)
       C:\Program Files\dotnet\sdk\9.0.305\Roslyn\Microsoft.CSharp.Core.targets(200,5): message : Property reassignment: $(CommandLineArgsForDesignTimeEvaluation)="-langversion:13.0 -define:TRACE" (previous value: "-langversion:13.0") at C:\Program Files\dotnet\sdk\9.0.305\Roslyn\Microsoft.CSharp.Core.targets (200,5)
       Assembly loaded during Evaluation: Microsoft.Build.Utilities.Core, Version=15.1.0.0, Culture=neutral, PublicKeyToken=b03f5f7f11d50a3a (location: C:\Program Files\dotnet\sdk\9.0.305\Microsoft.Build.Utilities.Core.dll, MVID: ff255356-9f85-4373-891e-bcd09fa62d0d, AssemblyLoadContext: Default)
       C:\Program Files\dotnet\sdk\9.0.305\Microsoft.Common.CurrentVersion.targets(175,5): message : Property reassignment: $(_DebugSymbolsProduced)="true" (previous value: "false") at C:\Program Files\dotnet\sdk\9.0.305\Microsoft.Common.CurrentVersion.targets (175,5)
       C:\Program Files\dotnet\sdk\9.0.305\Microsoft.Common.CurrentVersion.targets(185,5): message : Property reassignment: $(_DocumentationFileProduced)="false" (previous value: "true") at C:\Program Files\dotnet\sdk\9.0.305\Microsoft.Common.CurrentVersion.targets (185,5)
       C:\Program Files\dotnet\sdk\9.0.305\Microsoft.Common.CurrentVersion.targets(393,5): message : Property reassignment: $(MSBuildCopyMarkerName)="Bomberman.csproj.Up2Date" (previous value: "Bomberman.csproj") at C:\Program Files\dotnet\sdk\9.0.305\Microsoft.Common.CurrentVersion.targets (393,5)
       C:\Program Files\dotnet\sdk\9.0.305\Microsoft.Common.CurrentVersion.targets(541,5): message : Property reassignment: $(ProcessorArchitecture)="msil" (previous value: "") at C:\Program Files\dotnet\sdk\9.0.305\Microsoft.Common.CurrentVersion.targets (541,5)
       C:\Program Files\dotnet\sdk\9.0.305\Microsoft.Common.CurrentVersion.targets(580,5): message : Property reassignment: $(DelaySign)="" (previous value: "false") at C:\Program Files\dotnet\sdk\9.0.305\Microsoft.Common.CurrentVersion.targets (580,5)
       C:\Program Files\dotnet\sdk\9.0.305\Microsoft.Common.CurrentVersion.targets(2619,5): message : Property 'LOCALAPPDATA' with value 'C:\Users\hisha\AppData\Local' expanded from the environment.
       C:\Program Files\dotnet\sdk\9.0.305\Microsoft.Common.CurrentVersion.targets(3947,5): message : Property reassignment: $(_SGenGenerateSerializationAssembliesConfig)="Auto" (previous value: "") at C:\Program Files\dotnet\sdk\9.0.305\Microsoft.Common.CurrentVersion.targets (3947,5)
       C:\Program Files\dotnet\sdk\9.0.305\Microsoft.Common.CurrentVersion.targets(3948,5): message : Property reassignment: $(_SGenGenerateSerializationAssembliesConfig)="Off" (previous value: "Auto") at C:\Program Files\dotnet\sdk\9.0.305\Microsoft.Common.CurrentVersion.targets (3948,5)
       C:\Program Files\dotnet\sdk\9.0.305\Microsoft.Common.CurrentVersion.targets(5159,5): message : Property reassignment: $(_TargetsThatPrepareProjectReferences)="
       C:\Program Files\dotnet\sdk\9.0.305\Microsoft.Common.CurrentVersion.targets(5159,5): message :       AssignProjectConfiguration;
       C:\Program Files\dotnet\sdk\9.0.305\Microsoft.Common.CurrentVersion.targets(5159,5): message :       _SplitProjectReferencesByFileExistence
       C:\Program Files\dotnet\sdk\9.0.305\Microsoft.Common.CurrentVersion.targets(5159,5): message :     " (previous value: "_SplitProjectReferencesByFileExistence") at C:\Program Files\dotnet\sdk\9.0.305\Microsoft.Common.CurrentVersion.targets (5159,5)
       C:\Program Files\dotnet\sdk\9.0.305\Microsoft.Common.CurrentVersion.targets(6954,5): message : Property 'MSBuildExtensionsPath32' with value 'C:\Program Files\dotnet\sdk\9.0.305' expanded from the environment.
       Assembly loaded during Evaluation: System.Threading.Tasks.Parallel, Version=9.0.0.0, Culture=neutral, PublicKeyToken=b03f5f7f11d50a3a (location: C:\Program Files\dotnet\shared\Microsoft.NETCore.App\9.0.9\System.Threading.Tasks.Parallel.dll, MVID: 79c78d08-12eb-471a-8ca8-a1f78148e163, AssemblyLoadContext: Default)
       C:\Program Files\dotnet\sdk\9.0.305\Sdks\Microsoft.NET.Sdk\targets\Microsoft.PackageDependencyResolution.targets(24,5): message : Property reassignment: $(ProjectAssetsFile)="C:\Users\hisha\Documents\Bomberman\obj\project.assets.json" (previous value: "C:\Users\hisha\Documents\Bomberman\obj\/project.assets.json") at C:\Program Files\dotnet\sdk\9.0.305\Sdks\Microsoft.NET.Sdk\targets\Microsoft.PackageDependencyResolution.targets (24,5)
       C:\Program Files\dotnet\sdk\9.0.305\Sdks\Microsoft.NET.Sdk\targets\Microsoft.PackageDependencyResolution.targets(29,5): message : Property reassignment: $(ProjectAssetsCacheFile)="C:\Users\hisha\Documents\Bomberman\obj\Debug\net9.0\Bomberman.assets.cache" (previous value: "obj\Debug\net9.0\Bomberman.assets.cache") at C:\Program Files\dotnet\sdk\9.0.305\Sdks\Microsoft.NET.Sdk\targets\Microsoft.PackageDependencyResolution.targets (29,5)
       C:\Program Files\dotnet\sdk\9.0.305\Sdks\Microsoft.NET.Sdk\targets\Microsoft.PackageDependencyResolution.targets(80,5): message : Property reassignment: $(ResolveAssemblyReferencesDependsOn)="
       C:\Program Files\dotnet\sdk\9.0.305\Sdks\Microsoft.NET.Sdk\targets\Microsoft.PackageDependencyResolution.targets(80,5): message :       
       C:\Program Files\dotnet\sdk\9.0.305\Sdks\Microsoft.NET.Sdk\targets\Microsoft.PackageDependencyResolution.targets(80,5): message :       ResolveProjectReferences;
       C:\Program Files\dotnet\sdk\9.0.305\Sdks\Microsoft.NET.Sdk\targets\Microsoft.PackageDependencyResolution.targets(80,5): message :       FindInvalidProjectReferences;
       C:\Program Files\dotnet\sdk\9.0.305\Sdks\Microsoft.NET.Sdk\targets\Microsoft.PackageDependencyResolution.targets(80,5): message :       GetFrameworkPaths;
       C:\Program Files\dotnet\sdk\9.0.305\Sdks\Microsoft.NET.Sdk\targets\Microsoft.PackageDependencyResolution.targets(80,5): message :       GetReferenceAssemblyPaths;
       C:\Program Files\dotnet\sdk\9.0.305\Sdks\Microsoft.NET.Sdk\targets\Microsoft.PackageDependencyResolution.targets(80,5): message :       PrepareForBuild;
       C:\Program Files\dotnet\sdk\9.0.305\Sdks\Microsoft.NET.Sdk\targets\Microsoft.PackageDependencyResolution.targets(80,5): message :       ResolveSDKReferences;
       C:\Program Files\dotnet\sdk\9.0.305\Sdks\Microsoft.NET.Sdk\targets\Microsoft.PackageDependencyResolution.targets(80,5): message :       ExpandSDKReferences;
       C:\Program Files\dotnet\sdk\9.0.305\Sdks\Microsoft.NET.Sdk\targets\Microsoft.PackageDependencyResolution.targets(80,5): message :     ;
       C:\Program Files\dotnet\sdk\9.0.305\Sdks\Microsoft.NET.Sdk\targets\Microsoft.PackageDependencyResolution.targets(80,5): message :       ResolvePackageDependenciesForBuild;
       C:\Program Files\dotnet\sdk\9.0.305\Sdks\Microsoft.NET.Sdk\targets\Microsoft.PackageDependencyResolution.targets(80,5): message :       _HandlePackageFileConflicts;
       C:\Program Files\dotnet\sdk\9.0.305\Sdks\Microsoft.NET.Sdk\targets\Microsoft.PackageDependencyResolution.targets(80,5): message :     " (previous value: "
       C:\Program Files\dotnet\sdk\9.0.305\Sdks\Microsoft.NET.Sdk\targets\Microsoft.PackageDependencyResolution.targets(80,5): message :       ResolveProjectReferences;
       C:\Program Files\dotnet\sdk\9.0.305\Sdks\Microsoft.NET.Sdk\targets\Microsoft.PackageDependencyResolution.targets(80,5): message :       FindInvalidProjectReferences;
       C:\Program Files\dotnet\sdk\9.0.305\Sdks\Microsoft.NET.Sdk\targets\Microsoft.PackageDependencyResolution.targets(80,5): message :       GetFrameworkPaths;
       C:\Program Files\dotnet\sdk\9.0.305\Sdks\Microsoft.NET.Sdk\targets\Microsoft.PackageDependencyResolution.targets(80,5): message :       GetReferenceAssemblyPaths;
       C:\Program Files\dotnet\sdk\9.0.305\Sdks\Microsoft.NET.Sdk\targets\Microsoft.PackageDependencyResolution.targets(80,5): message :       PrepareForBuild;
       C:\Program Files\dotnet\sdk\9.0.305\Sdks\Microsoft.NET.Sdk\targets\Microsoft.PackageDependencyResolution.targets(80,5): message :       ResolveSDKReferences;
       C:\Program Files\dotnet\sdk\9.0.305\Sdks\Microsoft.NET.Sdk\targets\Microsoft.PackageDependencyResolution.targets(80,5): message :       ExpandSDKReferences;
       C:\Program Files\dotnet\sdk\9.0.305\Sdks\Microsoft.NET.Sdk\targets\Microsoft.PackageDependencyResolution.targets(80,5): message :     ") at C:\Program Files\dotnet\sdk\9.0.305\Sdks\Microsoft.NET.Sdk\targets\Microsoft.PackageDependencyResolution.targets (80,5)
       C:\Program Files\dotnet\sdk\9.0.305\Sdks\Microsoft.NET.Sdk\targets\Microsoft.PackageDependencyResolution.targets(86,5): message : Property reassignment: $(PrepareResourcesDependsOn)="
       C:\Program Files\dotnet\sdk\9.0.305\Sdks\Microsoft.NET.Sdk\targets\Microsoft.PackageDependencyResolution.targets(86,5): message :       ResolvePackageDependenciesForBuild;
       C:\Program Files\dotnet\sdk\9.0.305\Sdks\Microsoft.NET.Sdk\targets\Microsoft.PackageDependencyResolution.targets(86,5): message :       _HandlePackageFileConflicts;
       C:\Program Files\dotnet\sdk\9.0.305\Sdks\Microsoft.NET.Sdk\targets\Microsoft.PackageDependencyResolution.targets(86,5): message :       
       C:\Program Files\dotnet\sdk\9.0.305\Sdks\Microsoft.NET.Sdk\targets\Microsoft.PackageDependencyResolution.targets(86,5): message :       ;
       C:\Program Files\dotnet\sdk\9.0.305\Sdks\Microsoft.NET.Sdk\targets\Microsoft.PackageDependencyResolution.targets(86,5): message :       PrepareResourceNames;
       C:\Program Files\dotnet\sdk\9.0.305\Sdks\Microsoft.NET.Sdk\targets\Microsoft.PackageDependencyResolution.targets(86,5): message :       ResGen;
       C:\Program Files\dotnet\sdk\9.0.305\Sdks\Microsoft.NET.Sdk\targets\Microsoft.PackageDependencyResolution.targets(86,5): message :       CompileLicxFiles
       C:\Program Files\dotnet\sdk\9.0.305\Sdks\Microsoft.NET.Sdk\targets\Microsoft.PackageDependencyResolution.targets(86,5): message :     
       C:\Program Files\dotnet\sdk\9.0.305\Sdks\Microsoft.NET.Sdk\targets\Microsoft.PackageDependencyResolution.targets(86,5): message :     " (previous value: "
       C:\Program Files\dotnet\sdk\9.0.305\Sdks\Microsoft.NET.Sdk\targets\Microsoft.PackageDependencyResolution.targets(86,5): message :       ;
       C:\Program Files\dotnet\sdk\9.0.305\Sdks\Microsoft.NET.Sdk\targets\Microsoft.PackageDependencyResolution.targets(86,5): message :       PrepareResourceNames;
       C:\Program Files\dotnet\sdk\9.0.305\Sdks\Microsoft.NET.Sdk\targets\Microsoft.PackageDependencyResolution.targets(86,5): message :       ResGen;
       C:\Program Files\dotnet\sdk\9.0.305\Sdks\Microsoft.NET.Sdk\targets\Microsoft.PackageDependencyResolution.targets(86,5): message :       CompileLicxFiles
       C:\Program Files\dotnet\sdk\9.0.305\Sdks\Microsoft.NET.Sdk\targets\Microsoft.PackageDependencyResolution.targets(86,5): message :     ") at C:\Program Files\dotnet\sdk\9.0.305\Sdks\Microsoft.NET.Sdk\targets\Microsoft.PackageDependencyResolution.targets (86,5)
       C:\Program Files\dotnet\sdk\9.0.305\Sdks\Microsoft.NET.Sdk\targets\Microsoft.NET.Sdk.DefaultItems.targets(27,5): message : Property reassignment: $(DefaultItemExcludes)=";bin\Debug\/**;obj\Debug\/**;bin\/**" (previous value: ";bin\Debug\/**;obj\Debug\/**") at C:\Program Files\dotnet\sdk\9.0.305\Sdks\Microsoft.NET.Sdk\targets\Microsoft.NET.Sdk.DefaultItems.targets (27,5)
       C:\Program Files\dotnet\sdk\9.0.305\Sdks\Microsoft.NET.Sdk\targets\Microsoft.NET.Sdk.DefaultItems.targets(29,5): message : Property reassignment: $(DefaultItemExcludes)=";bin\Debug\/**;obj\Debug\/**;bin\/**;obj\/**" (previous value: ";bin\Debug\/**;obj\Debug\/**;bin\/**") at C:\Program Files\dotnet\sdk\9.0.305\Sdks\Microsoft.NET.Sdk\targets\Microsoft.NET.Sdk.DefaultItems.targets (29,5)
       C:\Program Files\dotnet\sdk\9.0.305\Sdks\Microsoft.NET.Sdk\targets\Microsoft.NET.Sdk.DefaultItems.targets(32,5): message : Property reassignment: $(DefaultItemExcludes)=";bin\Debug\/**;obj\Debug\/**;bin\/**;obj\/**;**/*.user" (previous value: ";bin\Debug\/**;obj\Debug\/**;bin\/**;obj\/**") at C:\Program Files\dotnet\sdk\9.0.305\Sdks\Microsoft.NET.Sdk\targets\Microsoft.NET.Sdk.DefaultItems.targets (32,5)
       C:\Program Files\dotnet\sdk\9.0.305\Sdks\Microsoft.NET.Sdk\targets\Microsoft.NET.Sdk.DefaultItems.targets(33,5): message : Property reassignment: $(DefaultItemExcludes)=";bin\Debug\/**;obj\Debug\/**;bin\/**;obj\/**;**/*.user;**/*.*proj" (previous value: ";bin\Debug\/**;obj\Debug\/**;bin\/**;obj\/**;**/*.user") at C:\Program Files\dotnet\sdk\9.0.305\Sdks\Microsoft.NET.Sdk\targets\Microsoft.NET.Sdk.DefaultItems.targets (33,5)
       C:\Program Files\dotnet\sdk\9.0.305\Sdks\Microsoft.NET.Sdk\targets\Microsoft.NET.Sdk.DefaultItems.targets(34,5): message : Property reassignment: $(DefaultItemExcludes)=";bin\Debug\/**;obj\Debug\/**;bin\/**;obj\/**;**/*.user;**/*.*proj;**/*.sln" (previous value: ";bin\Debug\/**;obj\Debug\/**;bin\/**;obj\/**;**/*.user;**/*.*proj") at C:\Program Files\dotnet\sdk\9.0.305\Sdks\Microsoft.NET.Sdk\targets\Microsoft.NET.Sdk.DefaultItems.targets (34,5)
       C:\Program Files\dotnet\sdk\9.0.305\Sdks\Microsoft.NET.Sdk\targets\Microsoft.NET.Sdk.DefaultItems.targets(35,5): message : Property reassignment: $(DefaultItemExcludes)=";bin\Debug\/**;obj\Debug\/**;bin\/**;obj\/**;**/*.user;**/*.*proj;**/*.sln;**/*.slnx" (previous value: ";bin\Debug\/**;obj\Debug\/**;bin\/**;obj\/**;**/*.user;**/*.*proj;**/*.sln") at C:\Program Files\dotnet\sdk\9.0.305\Sdks\Microsoft.NET.Sdk\targets\Microsoft.NET.Sdk.DefaultItems.targets (35,5)
       C:\Program Files\dotnet\sdk\9.0.305\Sdks\Microsoft.NET.Sdk\targets\Microsoft.NET.Sdk.DefaultItems.targets(36,5): message : Property reassignment: $(DefaultItemExcludes)=";bin\Debug\/**;obj\Debug\/**;bin\/**;obj\/**;**/*.user;**/*.*proj;**/*.sln;**/*.slnx;**/*.vssscc" (previous value: ";bin\Debug\/**;obj\Debug\/**;bin\/**;obj\/**;**/*.user;**/*.*proj;**/*.sln;**/*.slnx") at C:\Program Files\dotnet\sdk\9.0.305\Sdks\Microsoft.NET.Sdk\targets\Microsoft.NET.Sdk.DefaultItems.targets (36,5)
       C:\Program Files\dotnet\sdk\9.0.305\Sdks\Microsoft.NET.Sdk\targets\Microsoft.NET.Sdk.DefaultItems.targets(37,5): message : Property reassignment: $(DefaultItemExcludes)=";bin\Debug\/**;obj\Debug\/**;bin\/**;obj\/**;**/*.user;**/*.*proj;**/*.sln;**/*.slnx;**/*.vssscc;**/.DS_Store" (previous value: ";bin\Debug\/**;obj\Debug\/**;bin\/**;obj\/**;**/*.user;**/*.*proj;**/*.sln;**/*.slnx;**/*.vssscc") at C:\Program Files\dotnet\sdk\9.0.305\Sdks\Microsoft.NET.Sdk\targets\Microsoft.NET.Sdk.DefaultItems.targets (37,5)
       C:\Program Files\dotnet\sdk\9.0.305\Sdks\Microsoft.NET.Sdk\targets\Microsoft.NET.Sdk.FrameworkReferenceResolution.targets(14,5): message : Property reassignment: $(ResolveAssemblyReferencesDependsOn)="
       C:\Program Files\dotnet\sdk\9.0.305\Sdks\Microsoft.NET.Sdk\targets\Microsoft.NET.Sdk.FrameworkReferenceResolution.targets(14,5): message :       
       C:\Program Files\dotnet\sdk\9.0.305\Sdks\Microsoft.NET.Sdk\targets\Microsoft.NET.Sdk.FrameworkReferenceResolution.targets(14,5): message :       
       C:\Program Files\dotnet\sdk\9.0.305\Sdks\Microsoft.NET.Sdk\targets\Microsoft.NET.Sdk.FrameworkReferenceResolution.targets(14,5): message :       ResolveProjectReferences;
       C:\Program Files\dotnet\sdk\9.0.305\Sdks\Microsoft.NET.Sdk\targets\Microsoft.NET.Sdk.FrameworkReferenceResolution.targets(14,5): message :       FindInvalidProjectReferences;
       C:\Program Files\dotnet\sdk\9.0.305\Sdks\Microsoft.NET.Sdk\targets\Microsoft.NET.Sdk.FrameworkReferenceResolution.targets(14,5): message :       GetFrameworkPaths;
       C:\Program Files\dotnet\sdk\9.0.305\Sdks\Microsoft.NET.Sdk\targets\Microsoft.NET.Sdk.FrameworkReferenceResolution.targets(14,5): message :       GetReferenceAssemblyPaths;
       C:\Program Files\dotnet\sdk\9.0.305\Sdks\Microsoft.NET.Sdk\targets\Microsoft.NET.Sdk.FrameworkReferenceResolution.targets(14,5): message :       PrepareForBuild;
       C:\Program Files\dotnet\sdk\9.0.305\Sdks\Microsoft.NET.Sdk\targets\Microsoft.NET.Sdk.FrameworkReferenceResolution.targets(14,5): message :       ResolveSDKReferences;
       C:\Program Files\dotnet\sdk\9.0.305\Sdks\Microsoft.NET.Sdk\targets\Microsoft.NET.Sdk.FrameworkReferenceResolution.targets(14,5): message :       ExpandSDKReferences;
       C:\Program Files\dotnet\sdk\9.0.305\Sdks\Microsoft.NET.Sdk\targets\Microsoft.NET.Sdk.FrameworkReferenceResolution.targets(14,5): message :     ;
       C:\Program Files\dotnet\sdk\9.0.305\Sdks\Microsoft.NET.Sdk\targets\Microsoft.NET.Sdk.FrameworkReferenceResolution.targets(14,5): message :       ResolvePackageDependenciesForBuild;
       C:\Program Files\dotnet\sdk\9.0.305\Sdks\Microsoft.NET.Sdk\targets\Microsoft.NET.Sdk.FrameworkReferenceResolution.targets(14,5): message :       _HandlePackageFileConflicts;
       C:\Program Files\dotnet\sdk\9.0.305\Sdks\Microsoft.NET.Sdk\targets\Microsoft.NET.Sdk.FrameworkReferenceResolution.targets(14,5): message :     ;
       C:\Program Files\dotnet\sdk\9.0.305\Sdks\Microsoft.NET.Sdk\targets\Microsoft.NET.Sdk.FrameworkReferenceResolution.targets(14,5): message :       ResolveTargetingPackAssets;
       C:\Program Files\dotnet\sdk\9.0.305\Sdks\Microsoft.NET.Sdk\targets\Microsoft.NET.Sdk.FrameworkReferenceResolution.targets(14,5): message :     " (previous value: "
       C:\Program Files\dotnet\sdk\9.0.305\Sdks\Microsoft.NET.Sdk\targets\Microsoft.NET.Sdk.FrameworkReferenceResolution.targets(14,5): message :       
       C:\Program Files\dotnet\sdk\9.0.305\Sdks\Microsoft.NET.Sdk\targets\Microsoft.NET.Sdk.FrameworkReferenceResolution.targets(14,5): message :       ResolveProjectReferences;
       C:\Program Files\dotnet\sdk\9.0.305\Sdks\Microsoft.NET.Sdk\targets\Microsoft.NET.Sdk.FrameworkReferenceResolution.targets(14,5): message :       FindInvalidProjectReferences;
       C:\Program Files\dotnet\sdk\9.0.305\Sdks\Microsoft.NET.Sdk\targets\Microsoft.NET.Sdk.FrameworkReferenceResolution.targets(14,5): message :       GetFrameworkPaths;
       C:\Program Files\dotnet\sdk\9.0.305\Sdks\Microsoft.NET.Sdk\targets\Microsoft.NET.Sdk.FrameworkReferenceResolution.targets(14,5): message :       GetReferenceAssemblyPaths;
       C:\Program Files\dotnet\sdk\9.0.305\Sdks\Microsoft.NET.Sdk\targets\Microsoft.NET.Sdk.FrameworkReferenceResolution.targets(14,5): message :       PrepareForBuild;
       C:\Program Files\dotnet\sdk\9.0.305\Sdks\Microsoft.NET.Sdk\targets\Microsoft.NET.Sdk.FrameworkReferenceResolution.targets(14,5): message :       ResolveSDKReferences;
       C:\Program Files\dotnet\sdk\9.0.305\Sdks\Microsoft.NET.Sdk\targets\Microsoft.NET.Sdk.FrameworkReferenceResolution.targets(14,5): message :       ExpandSDKReferences;
       C:\Program Files\dotnet\sdk\9.0.305\Sdks\Microsoft.NET.Sdk\targets\Microsoft.NET.Sdk.FrameworkReferenceResolution.targets(14,5): message :     ;
       C:\Program Files\dotnet\sdk\9.0.305\Sdks\Microsoft.NET.Sdk\targets\Microsoft.NET.Sdk.FrameworkReferenceResolution.targets(14,5): message :       ResolvePackageDependenciesForBuild;
       C:\Program Files\dotnet\sdk\9.0.305\Sdks\Microsoft.NET.Sdk\targets\Microsoft.NET.Sdk.FrameworkReferenceResolution.targets(14,5): message :       _HandlePackageFileConflicts;
       C:\Program Files\dotnet\sdk\9.0.305\Sdks\Microsoft.NET.Sdk\targets\Microsoft.NET.Sdk.FrameworkReferenceResolution.targets(14,5): message :     ") at C:\Program Files\dotnet\sdk\9.0.305\Sdks\Microsoft.NET.Sdk\targets\Microsoft.NET.Sdk.FrameworkReferenceResolution.targets (14,5)
       C:\Program Files\dotnet\sdk\9.0.305\Sdks\Microsoft.NET.Sdk\targets\Microsoft.NET.Sdk.targets(44,5): message : Property reassignment: $(_GenerateRuntimeConfigurationPropertyInputsCache)="C:\Users\hisha\Documents\Bomberman\obj\Debug\net9.0\Bomberman.genruntimeconfig.cache" (previous value: "obj\Debug\net9.0\Bomberman.genruntimeconfig.cache") at C:\Program Files\dotnet\sdk\9.0.305\Sdks\Microsoft.NET.Sdk\targets\Microsoft.NET.Sdk.targets (44,5)
       C:\Program Files\dotnet\sdk\9.0.305\Sdks\Microsoft.NET.Sdk\targets\Microsoft.NET.Sdk.targets(46,5): message : Property reassignment: $(_GeneratePublishDependencyFilePropertyInputsCache)="C:\Users\hisha\Documents\Bomberman\obj\Debug\net9.0\Bomberman.genpublishdeps.cache" (previous value: "obj\Debug\net9.0\Bomberman.genpublishdeps.cache") at C:\Program Files\dotnet\sdk\9.0.305\Sdks\Microsoft.NET.Sdk\targets\Microsoft.NET.Sdk.targets (46,5)
       C:\Program Files\dotnet\sdk\9.0.305\Sdks\Microsoft.NET.Sdk\targets\Microsoft.NET.Sdk.targets(48,5): message : Property reassignment: $(_GenerateSingleFileBundlePropertyInputsCache)="C:\Users\hisha\Documents\Bomberman\obj\Debug\net9.0\Bomberman.genbundle.cache" (previous value: "obj\Debug\net9.0\Bomberman.genbundle.cache") at C:\Program Files\dotnet\sdk\9.0.305\Sdks\Microsoft.NET.Sdk\targets\Microsoft.NET.Sdk.targets (48,5)
       C:\Program Files\dotnet\sdk\9.0.305\Sdks\Microsoft.NET.Sdk\targets\Microsoft.NET.Sdk.targets(81,5): message : Property reassignment: $(GenerateRuntimeConfigDevFile)="false" (previous value: "true") at C:\Program Files\dotnet\sdk\9.0.305\Sdks\Microsoft.NET.Sdk\targets\Microsoft.NET.Sdk.targets (81,5)
       C:\Program Files\dotnet\sdk\9.0.305\Sdks\Microsoft.NET.Sdk\targets\Microsoft.NET.Sdk.targets(97,5): message : Property 'USERPROFILE' with value 'C:\Users\hisha' expanded from the environment.
       C:\Program Files\dotnet\sdk\9.0.305\Sdks\Microsoft.NET.Sdk\targets\Microsoft.NET.Sdk.targets(97,5): message : Property reassignment: $(_DefaultUserProfileRuntimeStorePath)="C:\Users\hisha" (previous value: "") at C:\Program Files\dotnet\sdk\9.0.305\Sdks\Microsoft.NET.Sdk\targets\Microsoft.NET.Sdk.targets (97,5)
       C:\Program Files\dotnet\sdk\9.0.305\Sdks\Microsoft.NET.Sdk\targets\Microsoft.NET.Sdk.targets(98,5): message : Property reassignment: $(_DefaultUserProfileRuntimeStorePath)="C:\Users\hisha\.dotnet\store" (previous value: "C:\Users\hisha") at C:\Program Files\dotnet\sdk\9.0.305\Sdks\Microsoft.NET.Sdk\targets\Microsoft.NET.Sdk.targets (98,5)
       C:\Program Files\dotnet\sdk\9.0.305\Sdks\Microsoft.NET.Sdk\targets\Microsoft.NET.Sdk.targets(140,5): message : Property reassignment: $(AvailablePlatforms)="Any CPU,x86,x64,ARM32" (previous value: "Any CPU,x86,x64") at C:\Program Files\dotnet\sdk\9.0.305\Sdks\Microsoft.NET.Sdk\targets\Microsoft.NET.Sdk.targets (140,5)
       C:\Program Files\dotnet\sdk\9.0.305\Sdks\Microsoft.NET.Sdk\targets\Microsoft.NET.Sdk.targets(144,5): message : Property reassignment: $(AvailablePlatforms)="Any CPU,x86,x64,ARM32,ARM64" (previous value: "Any CPU,x86,x64,ARM32") at C:\Program Files\dotnet\sdk\9.0.305\Sdks\Microsoft.NET.Sdk\targets\Microsoft.NET.Sdk.targets (144,5)
       C:\Program Files\dotnet\sdk\9.0.305\Sdks\Microsoft.NET.Sdk\targets\Microsoft.NET.Sdk.targets(201,5): message : Property reassignment: $(CoreBuildDependsOn)="
       C:\Program Files\dotnet\sdk\9.0.305\Sdks\Microsoft.NET.Sdk\targets\Microsoft.NET.Sdk.targets(201,5): message :       _CheckForBuildWithNoBuild;
       C:\Program Files\dotnet\sdk\9.0.305\Sdks\Microsoft.NET.Sdk\targets\Microsoft.NET.Sdk.targets(201,5): message :       
       C:\Program Files\dotnet\sdk\9.0.305\Sdks\Microsoft.NET.Sdk\targets\Microsoft.NET.Sdk.targets(201,5): message :       BuildOnlySettings;
       C:\Program Files\dotnet\sdk\9.0.305\Sdks\Microsoft.NET.Sdk\targets\Microsoft.NET.Sdk.targets(201,5): message :       PrepareForBuild;
       C:\Program Files\dotnet\sdk\9.0.305\Sdks\Microsoft.NET.Sdk\targets\Microsoft.NET.Sdk.targets(201,5): message :       PreBuildEvent;
       C:\Program Files\dotnet\sdk\9.0.305\Sdks\Microsoft.NET.Sdk\targets\Microsoft.NET.Sdk.targets(201,5): message :       ResolveReferences;
       C:\Program Files\dotnet\sdk\9.0.305\Sdks\Microsoft.NET.Sdk\targets\Microsoft.NET.Sdk.targets(201,5): message :       PrepareResources;
       C:\Program Files\dotnet\sdk\9.0.305\Sdks\Microsoft.NET.Sdk\targets\Microsoft.NET.Sdk.targets(201,5): message :       ResolveKeySource;
       C:\Program Files\dotnet\sdk\9.0.305\Sdks\Microsoft.NET.Sdk\targets\Microsoft.NET.Sdk.targets(201,5): message :       Compile;
       C:\Program Files\dotnet\sdk\9.0.305\Sdks\Microsoft.NET.Sdk\targets\Microsoft.NET.Sdk.targets(201,5): message :       ExportWindowsMDFile;
       C:\Program Files\dotnet\sdk\9.0.305\Sdks\Microsoft.NET.Sdk\targets\Microsoft.NET.Sdk.targets(201,5): message :       UnmanagedUnregistration;
       C:\Program Files\dotnet\sdk\9.0.305\Sdks\Microsoft.NET.Sdk\targets\Microsoft.NET.Sdk.targets(201,5): message :       GenerateSerializationAssemblies;
       C:\Program Files\dotnet\sdk\9.0.305\Sdks\Microsoft.NET.Sdk\targets\Microsoft.NET.Sdk.targets(201,5): message :       CreateSatelliteAssemblies;
       C:\Program Files\dotnet\sdk\9.0.305\Sdks\Microsoft.NET.Sdk\targets\Microsoft.NET.Sdk.targets(201,5): message :       GenerateManifests;
       C:\Program Files\dotnet\sdk\9.0.305\Sdks\Microsoft.NET.Sdk\targets\Microsoft.NET.Sdk.targets(201,5): message :       GetTargetPath;
       C:\Program Files\dotnet\sdk\9.0.305\Sdks\Microsoft.NET.Sdk\targets\Microsoft.NET.Sdk.targets(201,5): message :       PrepareForRun;
       C:\Program Files\dotnet\sdk\9.0.305\Sdks\Microsoft.NET.Sdk\targets\Microsoft.NET.Sdk.targets(201,5): message :       UnmanagedRegistration;
       C:\Program Files\dotnet\sdk\9.0.305\Sdks\Microsoft.NET.Sdk\targets\Microsoft.NET.Sdk.targets(201,5): message :       IncrementalClean;
       C:\Program Files\dotnet\sdk\9.0.305\Sdks\Microsoft.NET.Sdk\targets\Microsoft.NET.Sdk.targets(201,5): message :       PostBuildEvent
       C:\Program Files\dotnet\sdk\9.0.305\Sdks\Microsoft.NET.Sdk\targets\Microsoft.NET.Sdk.targets(201,5): message :     ;
       C:\Program Files\dotnet\sdk\9.0.305\Sdks\Microsoft.NET.Sdk\targets\Microsoft.NET.Sdk.targets(201,5): message :       GenerateBuildDependencyFile;
       C:\Program Files\dotnet\sdk\9.0.305\Sdks\Microsoft.NET.Sdk\targets\Microsoft.NET.Sdk.targets(201,5): message :       GenerateBuildRuntimeConfigurationFiles
       C:\Program Files\dotnet\sdk\9.0.305\Sdks\Microsoft.NET.Sdk\targets\Microsoft.NET.Sdk.targets(201,5): message :     " (previous value: "
       C:\Program Files\dotnet\sdk\9.0.305\Sdks\Microsoft.NET.Sdk\targets\Microsoft.NET.Sdk.targets(201,5): message :       BuildOnlySettings;
       C:\Program Files\dotnet\sdk\9.0.305\Sdks\Microsoft.NET.Sdk\targets\Microsoft.NET.Sdk.targets(201,5): message :       PrepareForBuild;
       C:\Program Files\dotnet\sdk\9.0.305\Sdks\Microsoft.NET.Sdk\targets\Microsoft.NET.Sdk.targets(201,5): message :       PreBuildEvent;
       C:\Program Files\dotnet\sdk\9.0.305\Sdks\Microsoft.NET.Sdk\targets\Microsoft.NET.Sdk.targets(201,5): message :       ResolveReferences;
       C:\Program Files\dotnet\sdk\9.0.305\Sdks\Microsoft.NET.Sdk\targets\Microsoft.NET.Sdk.targets(201,5): message :       PrepareResources;
       C:\Program Files\dotnet\sdk\9.0.305\Sdks\Microsoft.NET.Sdk\targets\Microsoft.NET.Sdk.targets(201,5): message :       ResolveKeySource;
       C:\Program Files\dotnet\sdk\9.0.305\Sdks\Microsoft.NET.Sdk\targets\Microsoft.NET.Sdk.targets(201,5): message :       Compile;
       C:\Program Files\dotnet\sdk\9.0.305\Sdks\Microsoft.NET.Sdk\targets\Microsoft.NET.Sdk.targets(201,5): message :       ExportWindowsMDFile;
       C:\Program Files\dotnet\sdk\9.0.305\Sdks\Microsoft.NET.Sdk\targets\Microsoft.NET.Sdk.targets(201,5): message :       UnmanagedUnregistration;
       C:\Program Files\dotnet\sdk\9.0.305\Sdks\Microsoft.NET.Sdk\targets\Microsoft.NET.Sdk.targets(201,5): message :       GenerateSerializationAssemblies;
       C:\Program Files\dotnet\sdk\9.0.305\Sdks\Microsoft.NET.Sdk\targets\Microsoft.NET.Sdk.targets(201,5): message :       CreateSatelliteAssemblies;
       C:\Program Files\dotnet\sdk\9.0.305\Sdks\Microsoft.NET.Sdk\targets\Microsoft.NET.Sdk.targets(201,5): message :       GenerateManifests;
       C:\Program Files\dotnet\sdk\9.0.305\Sdks\Microsoft.NET.Sdk\targets\Microsoft.NET.Sdk.targets(201,5): message :       GetTargetPath;
       C:\Program Files\dotnet\sdk\9.0.305\Sdks\Microsoft.NET.Sdk\targets\Microsoft.NET.Sdk.targets(201,5): message :       PrepareForRun;
       C:\Program Files\dotnet\sdk\9.0.305\Sdks\Microsoft.NET.Sdk\targets\Microsoft.NET.Sdk.targets(201,5): message :       UnmanagedRegistration;
       C:\Program Files\dotnet\sdk\9.0.305\Sdks\Microsoft.NET.Sdk\targets\Microsoft.NET.Sdk.targets(201,5): message :       IncrementalClean;
       C:\Program Files\dotnet\sdk\9.0.305\Sdks\Microsoft.NET.Sdk\targets\Microsoft.NET.Sdk.targets(201,5): message :       PostBuildEvent
       C:\Program Files\dotnet\sdk\9.0.305\Sdks\Microsoft.NET.Sdk\targets\Microsoft.NET.Sdk.targets(201,5): message :     ") at C:\Program Files\dotnet\sdk\9.0.305\Sdks\Microsoft.NET.Sdk\targets\Microsoft.NET.Sdk.targets (201,5)
       C:\Program Files\dotnet\sdk\9.0.305\Sdks\Microsoft.NET.Sdk\targets\Microsoft.NET.Sdk.targets(210,5): message : Property reassignment: $(CoreCleanDependsOn)="
       C:\Program Files\dotnet\sdk\9.0.305\Sdks\Microsoft.NET.Sdk\targets\Microsoft.NET.Sdk.targets(210,5): message :       _SdkBeforeClean;
       C:\Program Files\dotnet\sdk\9.0.305\Sdks\Microsoft.NET.Sdk\targets\Microsoft.NET.Sdk.targets(210,5): message :       
       C:\Program Files\dotnet\sdk\9.0.305\Sdks\Microsoft.NET.Sdk\targets\Microsoft.NET.Sdk.targets(210,5): message :     " (previous value: "") at C:\Program Files\dotnet\sdk\9.0.305\Sdks\Microsoft.NET.Sdk\targets\Microsoft.NET.Sdk.targets (210,5)
       C:\Program Files\dotnet\sdk\9.0.305\Sdks\Microsoft.NET.Sdk\targets\Microsoft.NET.Sdk.targets(217,5): message : Property reassignment: $(RebuildDependsOn)="
       C:\Program Files\dotnet\sdk\9.0.305\Sdks\Microsoft.NET.Sdk\targets\Microsoft.NET.Sdk.targets(217,5): message :       _SdkBeforeRebuild;
       C:\Program Files\dotnet\sdk\9.0.305\Sdks\Microsoft.NET.Sdk\targets\Microsoft.NET.Sdk.targets(217,5): message :       
       C:\Program Files\dotnet\sdk\9.0.305\Sdks\Microsoft.NET.Sdk\targets\Microsoft.NET.Sdk.targets(217,5): message :       BeforeRebuild;
       C:\Program Files\dotnet\sdk\9.0.305\Sdks\Microsoft.NET.Sdk\targets\Microsoft.NET.Sdk.targets(217,5): message :       Clean;
       C:\Program Files\dotnet\sdk\9.0.305\Sdks\Microsoft.NET.Sdk\targets\Microsoft.NET.Sdk.targets(217,5): message :       Build;
       C:\Program Files\dotnet\sdk\9.0.305\Sdks\Microsoft.NET.Sdk\targets\Microsoft.NET.Sdk.targets(217,5): message :       AfterRebuild;
       C:\Program Files\dotnet\sdk\9.0.305\Sdks\Microsoft.NET.Sdk\targets\Microsoft.NET.Sdk.targets(217,5): message :     
       C:\Program Files\dotnet\sdk\9.0.305\Sdks\Microsoft.NET.Sdk\targets\Microsoft.NET.Sdk.targets(217,5): message :     " (previous value: "
       C:\Program Files\dotnet\sdk\9.0.305\Sdks\Microsoft.NET.Sdk\targets\Microsoft.NET.Sdk.targets(217,5): message :       BeforeRebuild;
       C:\Program Files\dotnet\sdk\9.0.305\Sdks\Microsoft.NET.Sdk\targets\Microsoft.NET.Sdk.targets(217,5): message :       Clean;
       C:\Program Files\dotnet\sdk\9.0.305\Sdks\Microsoft.NET.Sdk\targets\Microsoft.NET.Sdk.targets(217,5): message :       Build;
       C:\Program Files\dotnet\sdk\9.0.305\Sdks\Microsoft.NET.Sdk\targets\Microsoft.NET.Sdk.targets(217,5): message :       AfterRebuild;
       C:\Program Files\dotnet\sdk\9.0.305\Sdks\Microsoft.NET.Sdk\targets\Microsoft.NET.Sdk.targets(217,5): message :     ") at C:\Program Files\dotnet\sdk\9.0.305\Sdks\Microsoft.NET.Sdk\targets\Microsoft.NET.Sdk.targets (217,5)
       C:\Program Files\dotnet\sdk\9.0.305\Sdks\Microsoft.NET.Sdk\targets\Microsoft.NET.Sdk.targets(784,5): message : Property reassignment: $(CompileDependsOn)="
       C:\Program Files\dotnet\sdk\9.0.305\Sdks\Microsoft.NET.Sdk\targets\Microsoft.NET.Sdk.targets(784,5): message :       
       C:\Program Files\dotnet\sdk\9.0.305\Sdks\Microsoft.NET.Sdk\targets\Microsoft.NET.Sdk.targets(784,5): message :       ResolveReferences;
       C:\Program Files\dotnet\sdk\9.0.305\Sdks\Microsoft.NET.Sdk\targets\Microsoft.NET.Sdk.targets(784,5): message :       ResolveKeySource;
       C:\Program Files\dotnet\sdk\9.0.305\Sdks\Microsoft.NET.Sdk\targets\Microsoft.NET.Sdk.targets(784,5): message :       SetWin32ManifestProperties;
       C:\Program Files\dotnet\sdk\9.0.305\Sdks\Microsoft.NET.Sdk\targets\Microsoft.NET.Sdk.targets(784,5): message :       _SetPreferNativeArm64Win32ManifestProperties;
       C:\Program Files\dotnet\sdk\9.0.305\Sdks\Microsoft.NET.Sdk\targets\Microsoft.NET.Sdk.targets(784,5): message :       FindReferenceAssembliesForReferences;
       C:\Program Files\dotnet\sdk\9.0.305\Sdks\Microsoft.NET.Sdk\targets\Microsoft.NET.Sdk.targets(784,5): message :       _GenerateCompileInputs;
       C:\Program Files\dotnet\sdk\9.0.305\Sdks\Microsoft.NET.Sdk\targets\Microsoft.NET.Sdk.targets(784,5): message :       BeforeCompile;
       C:\Program Files\dotnet\sdk\9.0.305\Sdks\Microsoft.NET.Sdk\targets\Microsoft.NET.Sdk.targets(784,5): message :       _TimeStampBeforeCompile;
       C:\Program Files\dotnet\sdk\9.0.305\Sdks\Microsoft.NET.Sdk\targets\Microsoft.NET.Sdk.targets(784,5): message :       _GenerateCompileDependencyCache;
       C:\Program Files\dotnet\sdk\9.0.305\Sdks\Microsoft.NET.Sdk\targets\Microsoft.NET.Sdk.targets(784,5): message :       CoreCompile;
       C:\Program Files\dotnet\sdk\9.0.305\Sdks\Microsoft.NET.Sdk\targets\Microsoft.NET.Sdk.targets(784,5): message :       _TimeStampAfterCompile;
       C:\Program Files\dotnet\sdk\9.0.305\Sdks\Microsoft.NET.Sdk\targets\Microsoft.NET.Sdk.targets(784,5): message :       AfterCompile;
       C:\Program Files\dotnet\sdk\9.0.305\Sdks\Microsoft.NET.Sdk\targets\Microsoft.NET.Sdk.targets(784,5): message :     ;
       C:\Program Files\dotnet\sdk\9.0.305\Sdks\Microsoft.NET.Sdk\targets\Microsoft.NET.Sdk.targets(784,5): message :       _CreateAppHost;
       C:\Program Files\dotnet\sdk\9.0.305\Sdks\Microsoft.NET.Sdk\targets\Microsoft.NET.Sdk.targets(784,5): message :       _CreateComHost;
       C:\Program Files\dotnet\sdk\9.0.305\Sdks\Microsoft.NET.Sdk\targets\Microsoft.NET.Sdk.targets(784,5): message :       _GetIjwHostPaths;
       C:\Program Files\dotnet\sdk\9.0.305\Sdks\Microsoft.NET.Sdk\targets\Microsoft.NET.Sdk.targets(784,5): message :     " (previous value: "
       C:\Program Files\dotnet\sdk\9.0.305\Sdks\Microsoft.NET.Sdk\targets\Microsoft.NET.Sdk.targets(784,5): message :       ResolveReferences;
       C:\Program Files\dotnet\sdk\9.0.305\Sdks\Microsoft.NET.Sdk\targets\Microsoft.NET.Sdk.targets(784,5): message :       ResolveKeySource;
       C:\Program Files\dotnet\sdk\9.0.305\Sdks\Microsoft.NET.Sdk\targets\Microsoft.NET.Sdk.targets(784,5): message :       SetWin32ManifestProperties;
       C:\Program Files\dotnet\sdk\9.0.305\Sdks\Microsoft.NET.Sdk\targets\Microsoft.NET.Sdk.targets(784,5): message :       _SetPreferNativeArm64Win32ManifestProperties;
       C:\Program Files\dotnet\sdk\9.0.305\Sdks\Microsoft.NET.Sdk\targets\Microsoft.NET.Sdk.targets(784,5): message :       FindReferenceAssembliesForReferences;
       C:\Program Files\dotnet\sdk\9.0.305\Sdks\Microsoft.NET.Sdk\targets\Microsoft.NET.Sdk.targets(784,5): message :       _GenerateCompileInputs;
       C:\Program Files\dotnet\sdk\9.0.305\Sdks\Microsoft.NET.Sdk\targets\Microsoft.NET.Sdk.targets(784,5): message :       BeforeCompile;
       C:\Program Files\dotnet\sdk\9.0.305\Sdks\Microsoft.NET.Sdk\targets\Microsoft.NET.Sdk.targets(784,5): message :       _TimeStampBeforeCompile;
       C:\Program Files\dotnet\sdk\9.0.305\Sdks\Microsoft.NET.Sdk\targets\Microsoft.NET.Sdk.targets(784,5): message :       _GenerateCompileDependencyCache;
       C:\Program Files\dotnet\sdk\9.0.305\Sdks\Microsoft.NET.Sdk\targets\Microsoft.NET.Sdk.targets(784,5): message :       CoreCompile;
       C:\Program Files\dotnet\sdk\9.0.305\Sdks\Microsoft.NET.Sdk\targets\Microsoft.NET.Sdk.targets(784,5): message :       _TimeStampAfterCompile;
       C:\Program Files\dotnet\sdk\9.0.305\Sdks\Microsoft.NET.Sdk\targets\Microsoft.NET.Sdk.targets(784,5): message :       AfterCompile;
       C:\Program Files\dotnet\sdk\9.0.305\Sdks\Microsoft.NET.Sdk\targets\Microsoft.NET.Sdk.targets(784,5): message :     ") at C:\Program Files\dotnet\sdk\9.0.305\Sdks\Microsoft.NET.Sdk\targets\Microsoft.NET.Sdk.targets (784,5)
       C:\Program Files\dotnet\sdk\9.0.305\Sdks\Microsoft.NET.Sdk\targets\Microsoft.NET.Sdk.targets(1184,5): message : Property reassignment: $(CreateSatelliteAssembliesDependsOn)="
       C:\Program Files\dotnet\sdk\9.0.305\Sdks\Microsoft.NET.Sdk\targets\Microsoft.NET.Sdk.targets(1184,5): message :       
       C:\Program Files\dotnet\sdk\9.0.305\Sdks\Microsoft.NET.Sdk\targets\Microsoft.NET.Sdk.targets(1184,5): message :       ;
       C:\Program Files\dotnet\sdk\9.0.305\Sdks\Microsoft.NET.Sdk\targets\Microsoft.NET.Sdk.targets(1184,5): message :       _GenerateSatelliteAssemblyInputs;
       C:\Program Files\dotnet\sdk\9.0.305\Sdks\Microsoft.NET.Sdk\targets\Microsoft.NET.Sdk.targets(1184,5): message :       ComputeIntermediateSatelliteAssemblies;
       C:\Program Files\dotnet\sdk\9.0.305\Sdks\Microsoft.NET.Sdk\targets\Microsoft.NET.Sdk.targets(1184,5): message :       GenerateSatelliteAssemblies
       C:\Program Files\dotnet\sdk\9.0.305\Sdks\Microsoft.NET.Sdk\targets\Microsoft.NET.Sdk.targets(1184,5): message :     ;
       C:\Program Files\dotnet\sdk\9.0.305\Sdks\Microsoft.NET.Sdk\targets\Microsoft.NET.Sdk.targets(1184,5): message :       CoreGenerateSatelliteAssemblies
       C:\Program Files\dotnet\sdk\9.0.305\Sdks\Microsoft.NET.Sdk\targets\Microsoft.NET.Sdk.targets(1184,5): message :     " (previous value: "
       C:\Program Files\dotnet\sdk\9.0.305\Sdks\Microsoft.NET.Sdk\targets\Microsoft.NET.Sdk.targets(1184,5): message :       ;
       C:\Program Files\dotnet\sdk\9.0.305\Sdks\Microsoft.NET.Sdk\targets\Microsoft.NET.Sdk.targets(1184,5): message :       _GenerateSatelliteAssemblyInputs;
       C:\Program Files\dotnet\sdk\9.0.305\Sdks\Microsoft.NET.Sdk\targets\Microsoft.NET.Sdk.targets(1184,5): message :       ComputeIntermediateSatelliteAssemblies;
       C:\Program Files\dotnet\sdk\9.0.305\Sdks\Microsoft.NET.Sdk\targets\Microsoft.NET.Sdk.targets(1184,5): message :       GenerateSatelliteAssemblies
       C:\Program Files\dotnet\sdk\9.0.305\Sdks\Microsoft.NET.Sdk\targets\Microsoft.NET.Sdk.targets(1184,5): message :     ") at C:\Program Files\dotnet\sdk\9.0.305\Sdks\Microsoft.NET.Sdk\targets\Microsoft.NET.Sdk.targets (1184,5)
       C:\Program Files\dotnet\sdk\9.0.305\Sdks\Microsoft.SourceLink.GitLab\build\Microsoft.SourceLink.GitLab.targets(12,5): message : Property reassignment: $(SourceLinkUrlInitializerTargets)=";_InitializeGitHubSourceLinkUrl;_InitializeGitLabSourceLinkUrl" (previous value: ";_InitializeGitHubSourceLinkUrl") at C:\Program Files\dotnet\sdk\9.0.305\Sdks\Microsoft.SourceLink.GitLab\build\Microsoft.SourceLink.GitLab.targets (12,5)
       C:\Program Files\dotnet\sdk\9.0.305\Sdks\Microsoft.SourceLink.GitLab\build\Microsoft.SourceLink.GitLab.targets(13,5): message : Property reassignment: $(SourceControlManagerUrlTranslationTargets)=";TranslateGitHubUrlsInSourceControlInformation;TranslateGitLabUrlsInSourceControlInformation" (previous value: ";TranslateGitHubUrlsInSourceControlInformation") at C:\Program Files\dotnet\sdk\9.0.305\Sdks\Microsoft.SourceLink.GitLab\build\Microsoft.SourceLink.GitLab.targets (13,5)
       C:\Program Files\dotnet\sdk\9.0.305\Sdks\Microsoft.SourceLink.AzureRepos.Git\build\Microsoft.SourceLink.AzureRepos.Git.targets(12,5): message : Property reassignment: $(SourceLinkUrlInitializerTargets)=";_InitializeGitHubSourceLinkUrl;_InitializeGitLabSourceLinkUrl;_InitializeAzureReposGitSourceLinkUrl" (previous value: ";_InitializeGitHubSourceLinkUrl;_InitializeGitLabSourceLinkUrl") at C:\Program Files\dotnet\sdk\9.0.305\Sdks\Microsoft.SourceLink.AzureRepos.Git\build\Microsoft.SourceLink.AzureRepos.Git.targets (12,5)
       C:\Program Files\dotnet\sdk\9.0.305\Sdks\Microsoft.SourceLink.AzureRepos.Git\build\Microsoft.SourceLink.AzureRepos.Git.targets(13,5): message : Property reassignment: $(SourceControlManagerUrlTranslationTargets)=";TranslateGitHubUrlsInSourceControlInformation;TranslateGitLabUrlsInSourceControlInformation;TranslateAzureReposGitUrlsInSourceControlInformation" (previous value: ";TranslateGitHubUrlsInSourceControlInformation;TranslateGitLabUrlsInSourceControlInformation") at C:\Program Files\dotnet\sdk\9.0.305\Sdks\Microsoft.SourceLink.AzureRepos.Git\build\Microsoft.SourceLink.AzureRepos.Git.targets (13,5)
       C:\Program Files\dotnet\sdk\9.0.305\Sdks\Microsoft.SourceLink.Bitbucket.Git\build\Microsoft.SourceLink.Bitbucket.Git.targets(12,5): message : Property reassignment: $(SourceLinkUrlInitializerTargets)=";_InitializeGitHubSourceLinkUrl;_InitializeGitLabSourceLinkUrl;_InitializeAzureReposGitSourceLinkUrl;_InitializeBitbucketGitSourceLinkUrl" (previous value: ";_InitializeGitHubSourceLinkUrl;_InitializeGitLabSourceLinkUrl;_InitializeAzureReposGitSourceLinkUrl") at C:\Program Files\dotnet\sdk\9.0.305\Sdks\Microsoft.SourceLink.Bitbucket.Git\build\Microsoft.SourceLink.Bitbucket.Git.targets (12,5)
       C:\Program Files\dotnet\sdk\9.0.305\Sdks\Microsoft.SourceLink.Bitbucket.Git\build\Microsoft.SourceLink.Bitbucket.Git.targets(13,5): message : Property reassignment: $(SourceControlManagerUrlTranslationTargets)=";TranslateGitHubUrlsInSourceControlInformation;TranslateGitLabUrlsInSourceControlInformation;TranslateAzureReposGitUrlsInSourceControlInformation;TranslateBitbucketGitUrlsInSourceControlInformation" (previous value: ";TranslateGitHubUrlsInSourceControlInformation;TranslateGitLabUrlsInSourceControlInformation;TranslateAzureReposGitUrlsInSourceControlInformation") at C:\Program Files\dotnet\sdk\9.0.305\Sdks\Microsoft.SourceLink.Bitbucket.Git\build\Microsoft.SourceLink.Bitbucket.Git.targets (13,5)
       C:\Program Files\dotnet\sdk\9.0.305\Sdks\Microsoft.NET.Sdk\targets\Microsoft.NET.DesignerSupport.targets(21,5): message : Property reassignment: $(DesignerRuntimeImplementationProjectOutputGroupDependsOn)="
       C:\Program Files\dotnet\sdk\9.0.305\Sdks\Microsoft.NET.Sdk\targets\Microsoft.NET.DesignerSupport.targets(21,5): message :       
       C:\Program Files\dotnet\sdk\9.0.305\Sdks\Microsoft.NET.Sdk\targets\Microsoft.NET.DesignerSupport.targets(21,5): message :       ;
       C:\Program Files\dotnet\sdk\9.0.305\Sdks\Microsoft.NET.Sdk\targets\Microsoft.NET.DesignerSupport.targets(21,5): message :       
       C:\Program Files\dotnet\sdk\9.0.305\Sdks\Microsoft.NET.Sdk\targets\Microsoft.NET.DesignerSupport.targets(21,5): message :       ;
       C:\Program Files\dotnet\sdk\9.0.305\Sdks\Microsoft.NET.Sdk\targets\Microsoft.NET.DesignerSupport.targets(21,5): message :       BuildOnlySettings;
       C:\Program Files\dotnet\sdk\9.0.305\Sdks\Microsoft.NET.Sdk\targets\Microsoft.NET.DesignerSupport.targets(21,5): message :       PrepareForBuild;
       C:\Program Files\dotnet\sdk\9.0.305\Sdks\Microsoft.NET.Sdk\targets\Microsoft.NET.DesignerSupport.targets(21,5): message :       AssignTargetPaths;
       C:\Program Files\dotnet\sdk\9.0.305\Sdks\Microsoft.NET.Sdk\targets\Microsoft.NET.DesignerSupport.targets(21,5): message :       ResolveReferences
       C:\Program Files\dotnet\sdk\9.0.305\Sdks\Microsoft.NET.Sdk\targets\Microsoft.NET.DesignerSupport.targets(21,5): message :     
       C:\Program Files\dotnet\sdk\9.0.305\Sdks\Microsoft.NET.Sdk\targets\Microsoft.NET.DesignerSupport.targets(21,5): message :     ;
       C:\Program Files\dotnet\sdk\9.0.305\Sdks\Microsoft.NET.Sdk\targets\Microsoft.NET.DesignerSupport.targets(21,5): message :       _GenerateDesignerDepsFile;
       C:\Program Files\dotnet\sdk\9.0.305\Sdks\Microsoft.NET.Sdk\targets\Microsoft.NET.DesignerSupport.targets(21,5): message :       _GenerateDesignerRuntimeConfigFile;
       C:\Program Files\dotnet\sdk\9.0.305\Sdks\Microsoft.NET.Sdk\targets\Microsoft.NET.DesignerSupport.targets(21,5): message :       GetCopyToOutputDirectoryItems;
       C:\Program Files\dotnet\sdk\9.0.305\Sdks\Microsoft.NET.Sdk\targets\Microsoft.NET.DesignerSupport.targets(21,5): message :       _GatherDesignerShadowCopyFiles;
       C:\Program Files\dotnet\sdk\9.0.305\Sdks\Microsoft.NET.Sdk\targets\Microsoft.NET.DesignerSupport.targets(21,5): message :     " (previous value: "
       C:\Program Files\dotnet\sdk\9.0.305\Sdks\Microsoft.NET.Sdk\targets\Microsoft.NET.DesignerSupport.targets(21,5): message :       ;
       C:\Program Files\dotnet\sdk\9.0.305\Sdks\Microsoft.NET.Sdk\targets\Microsoft.NET.DesignerSupport.targets(21,5): message :       
       C:\Program Files\dotnet\sdk\9.0.305\Sdks\Microsoft.NET.Sdk\targets\Microsoft.NET.DesignerSupport.targets(21,5): message :       ;
       C:\Program Files\dotnet\sdk\9.0.305\Sdks\Microsoft.NET.Sdk\targets\Microsoft.NET.DesignerSupport.targets(21,5): message :       BuildOnlySettings;
       C:\Program Files\dotnet\sdk\9.0.305\Sdks\Microsoft.NET.Sdk\targets\Microsoft.NET.DesignerSupport.targets(21,5): message :       PrepareForBuild;
       C:\Program Files\dotnet\sdk\9.0.305\Sdks\Microsoft.NET.Sdk\targets\Microsoft.NET.DesignerSupport.targets(21,5): message :       AssignTargetPaths;
       C:\Program Files\dotnet\sdk\9.0.305\Sdks\Microsoft.NET.Sdk\targets\Microsoft.NET.DesignerSupport.targets(21,5): message :       ResolveReferences
       C:\Program Files\dotnet\sdk\9.0.305\Sdks\Microsoft.NET.Sdk\targets\Microsoft.NET.DesignerSupport.targets(21,5): message :     
       C:\Program Files\dotnet\sdk\9.0.305\Sdks\Microsoft.NET.Sdk\targets\Microsoft.NET.DesignerSupport.targets(21,5): message :     ") at C:\Program Files\dotnet\sdk\9.0.305\Sdks\Microsoft.NET.Sdk\targets\Microsoft.NET.DesignerSupport.targets (21,5)
       C:\Program Files\dotnet\sdk\9.0.305\Sdks\Microsoft.NET.Sdk\targets\Microsoft.NET.PackTool.targets(68,5): message : Property reassignment: $(_GenerateToolsSettingsFileCacheFile)="C:\Users\hisha\Documents\Bomberman\obj\Debug\net9.0\Bomberman.toolssettingsinput.cache" (previous value: "obj\Debug\net9.0\Bomberman.toolssettingsinput.cache") at C:\Program Files\dotnet\sdk\9.0.305\Sdks\Microsoft.NET.Sdk\targets\Microsoft.NET.PackTool.targets (68,5)
       C:\Program Files\dotnet\sdk\9.0.305\Sdks\Microsoft.NET.Sdk\targets\Microsoft.NET.PackTool.targets(137,5): message : Property reassignment: $(_ShimInputCacheFile)="C:\Users\hisha\Documents\Bomberman\obj\Debug\net9.0\Bomberman.shiminput.cache" (previous value: "obj\Debug\net9.0\Bomberman.shiminput.cache") at C:\Program Files\dotnet\sdk\9.0.305\Sdks\Microsoft.NET.Sdk\targets\Microsoft.NET.PackTool.targets (137,5)
       C:\Program Files\dotnet\sdk\9.0.305\Sdks\Microsoft.NET.Sdk\targets\Microsoft.NET.PackTool.targets(139,5): message : Property reassignment: $(_ShimCreatedSentinelFile)="C:\Users\hisha\Documents\Bomberman\obj\Debug\net9.0\Bomberman.shimcreated.sentinel" (previous value: "obj\Debug\net9.0\Bomberman.shimcreated.sentinel") at C:\Program Files\dotnet\sdk\9.0.305\Sdks\Microsoft.NET.Sdk\targets\Microsoft.NET.PackTool.targets (139,5)
       C:\Program Files\dotnet\sdk\9.0.305\Sdks\Microsoft.NET.Sdk\targets\Microsoft.NET.Sdk.CSharp.targets(31,5): message : Property reassignment: $(DefineConstants)="TRACE;DEBUG" (previous value: "TRACE") at C:\Program Files\dotnet\sdk\9.0.305\Sdks\Microsoft.NET.Sdk\targets\Microsoft.NET.Sdk.CSharp.targets (31,5)
       C:\Program Files\dotnet\sdk\9.0.305\Sdks\Microsoft.NET.Sdk\targets\Microsoft.NET.Sdk.CSharp.targets(34,5): message : Property reassignment: $(DefineConstants)="TRACE;DEBUG;NET;NET9_0;NETCOREAPP" (previous value: "TRACE;DEBUG") at C:\Program Files\dotnet\sdk\9.0.305\Sdks\Microsoft.NET.Sdk\targets\Microsoft.NET.Sdk.CSharp.targets (34,5)
       C:\Program Files\dotnet\sdk\9.0.305\Sdks\Microsoft.NET.Sdk\targets\Microsoft.NET.Sdk.CSharp.targets(48,5): message : Property reassignment: $(WarningsAsErrors)=";NU1605;SYSLIB0011" (previous value: ";NU1605") at C:\Program Files\dotnet\sdk\9.0.305\Sdks\Microsoft.NET.Sdk\targets\Microsoft.NET.Sdk.CSharp.targets (48,5)
       C:\Program Files\dotnet\sdk\9.0.305\Sdks\NuGet.Build.Tasks.Pack\build\NuGet.Build.Tasks.Pack.targets(34,5): message : Property reassignment: $(PackageDescription)="Package Description" (previous value: "") at C:\Program Files\dotnet\sdk\9.0.305\Sdks\NuGet.Build.Tasks.Pack\build\NuGet.Build.Tasks.Pack.targets (34,5)
       C:\Program Files\dotnet\sdk\9.0.305\Sdks\NuGet.Build.Tasks.Pack\build\NuGet.Build.Tasks.Pack.targets(59,5): message : Property reassignment: $(GenerateNuspecDependsOn)="Build;_LoadPackInputItems; _GetTargetFrameworksOutput; _WalkEachTargetPerFramework; _GetPackageFiles; " (previous value: "_LoadPackInputItems; _GetTargetFrameworksOutput; _WalkEachTargetPerFramework; _GetPackageFiles; ") at C:\Program Files\dotnet\sdk\9.0.305\Sdks\NuGet.Build.Tasks.Pack\build\NuGet.Build.Tasks.Pack.targets (59,5)
       C:\Program Files\dotnet\sdk\9.0.305\Sdks\Microsoft.NET.Sdk\Sdk\Sdk.targets(60,5): message : Property reassignment: $(_IsNotSetContainersTargetsDir)="true" (previous value: "false") at C:\Program Files\dotnet\sdk\9.0.305\Sdks\Microsoft.NET.Sdk\Sdk\Sdk.targets (60,5)
       C:\Program Files\dotnet\sdk\9.0.305\Containers\build\Microsoft.NET.Build.Containers.targets(5,5): message : Property reassignment: $(_IsSDKContainerAllowedVersion)="true" (previous value: "false") at C:\Program Files\dotnet\sdk\9.0.305\Containers\build\Microsoft.NET.Build.Containers.targets (5,5)
       C:\Program Files\dotnet\sdk\9.0.305\Containers\build\Microsoft.NET.Build.Containers.targets(15,5): message : Property reassignment: $(_ContainerIsTargetingNet8TFM)="true" (previous value: "false") at C:\Program Files\dotnet\sdk\9.0.305\Containers\build\Microsoft.NET.Build.Containers.targets (15,5)
       Overriding target "ResolveFrameworkReferences" in project "C:\Program Files\dotnet\sdk\9.0.305\Microsoft.Common.CurrentVersion.targets" with target "ResolveFrameworkReferences" from project "C:\Program Files\dotnet\sdk\9.0.305\Sdks\Microsoft.NET.Sdk\targets\Microsoft.NET.Sdk.FrameworkReferenceResolution.targets".
       Overriding target "Run" in project "C:\Program Files\dotnet\sdk\9.0.305\Microsoft.Common.CurrentVersion.targets" with target "Run" from project "C:\Program Files\dotnet\sdk\9.0.305\Sdks\Microsoft.NET.Sdk\targets\Microsoft.NET.Sdk.targets".
       Overriding target "GenerateSupportedTargetFrameworkAlias" in project "C:\Program Files\dotnet\sdk\9.0.305\Microsoft.Common.CurrentVersion.targets" with target "GenerateSupportedTargetFrameworkAlias" from project "C:\Program Files\dotnet\sdk\9.0.305\Sdks\Microsoft.NET.Sdk\targets\Microsoft.NET.Sdk.targets".
       Overriding target "GetReferenceAssemblyPaths" in project "C:\Program Files\dotnet\sdk\9.0.305\Microsoft.Common.CurrentVersion.targets" with target "GetReferenceAssemblyPaths" from project "C:\Program Files\dotnet\sdk\9.0.305\Sdks\Microsoft.NET.Sdk\targets\Microsoft.NET.DisableStandardFrameworkResolution.targets".
       Overriding target "GetFrameworkPaths" in project "C:\Program Files\dotnet\sdk\9.0.305\Microsoft.Common.CurrentVersion.targets" with target "GetFrameworkPaths" from project "C:\Program Files\dotnet\sdk\9.0.305\Sdks\Microsoft.NET.Sdk\targets\Microsoft.NET.DisableStandardFrameworkResolution.targets".
       Overriding target "DesignerRuntimeImplementationProjectOutputGroup" in project "C:\Program Files\dotnet\sdk\9.0.305\Microsoft.Common.CurrentVersion.targets" with target "DesignerRuntimeImplementationProjectOutputGroup" from project "C:\Program Files\dotnet\sdk\9.0.305\Sdks\Microsoft.NET.Sdk\targets\Microsoft.NET.DesignerSupport.targets".
       Overriding target "Publish" in project "C:\Program Files\dotnet\sdk\9.0.305\Microsoft.Common.CurrentVersion.targets" with target "Publish" from project "C:\Program Files\dotnet\sdk\9.0.305\Sdks\Microsoft.NET.Sdk\targets\Microsoft.NET.Publish.targets".
       Overriding target "ResolveReadyToRunCompilers" in project "C:\Program Files\dotnet\sdk\9.0.305\Sdks\Microsoft.NET.Sdk\targets\Microsoft.NET.CrossGen.targets" with target "ResolveReadyToRunCompilers" from project "C:\Program Files\dotnet\sdk\9.0.305\Sdks\Microsoft.NET.Sdk\targets\Microsoft.NET.Publish.targets".
       Overriding target "GetCopyToPublishDirectoryItems" in project "C:\Program Files\dotnet\sdk\9.0.305\Microsoft.Common.CurrentVersion.targets" with target "GetCopyToPublishDirectoryItems" from project "C:\Program Files\dotnet\sdk\9.0.305\Sdks\Microsoft.NET.Sdk\targets\Microsoft.NET.Publish.targets".
     1>Project "C:\Users\hisha\Documents\Bomberman\Bomberman.csproj" on node 1 (Restore target(s)).
     1>Target "_LoadRestoreGraphEntryPoints" in file "C:\Program Files\dotnet\sdk\9.0.305\NuGet.targets" from project "C:\Users\hisha\Documents\Bomberman\Bomberman.csproj" (target "_FilterRestoreGraphProjectInputItems" depends on it):
     1>Task "GetRestoreSolutionProjectsTask" skipped, due to false condition; ( $(MSBuildProjectFullPath.EndsWith('.metaproj')) == 'true' AND @(RestoreGraphProjectInputItems) == '' ) was evaluated as ( False == 'true' AND C:\Users\hisha\Documents\Bomberman\Bomberman.csproj == '' ).
     1>Done building target "_LoadRestoreGraphEntryPoints" in project "Bomberman.csproj".
     1>Target "_FilterRestoreGraphProjectInputItems" in file "C:\Program Files\dotnet\sdk\9.0.305\NuGet.targets" from project "C:\Users\hisha\Documents\Bomberman\Bomberman.csproj" (target "_GenerateRestoreGraph" depends on it):
       Using "RemoveDuplicates" task from assembly "Microsoft.Build.Tasks.Core, Version=15.1.0.0, Culture=neutral, PublicKeyToken=b03f5f7f11d50a3a".
       Task "RemoveDuplicates"
       Done executing task "RemoveDuplicates".
       Using "MSBuild" task from assembly "Microsoft.Build.Tasks.Core, Version=15.1.0.0, Culture=neutral, PublicKeyToken=b03f5f7f11d50a3a".
       Task "MSBuild"
         Global Properties:
           ExcludeRestorePackageImports=true
     0>C:\Program Files\dotnet\sdk\9.0.305\Sdks\Microsoft.NET.Sdk\Sdk\Sdk.props(49,11): message : Property 'MSBuildExtensionsPath' with value 'C:\Program Files\dotnet\sdk\9.0.305\' expanded from the environment.
       C:\Program Files\dotnet\sdk\9.0.305\Current\Microsoft.Common.props(60,5): message : Property reassignment: $(MSBuildProjectExtensionsPath)="C:\Users\hisha\Documents\Bomberman\obj\" (previous value: "obj\") at C:\Program Files\dotnet\sdk\9.0.305\Current\Microsoft.Common.props (60,5)
       C:\Program Files\dotnet\sdk\9.0.305\Current\Microsoft.Common.props(84,119): message : Property 'MSBuildUserExtensionsPath' with value 'C:\Users\hisha\AppData\Local\Microsoft\MSBuild' expanded from the environment.
       C:\Program Files\dotnet\sdk\9.0.305\Sdks\Microsoft.NET.Sdk\targets\Microsoft.NET.Sdk.props(90,5): message : Property reassignment: $(AssemblySearchPaths)="{CandidateAssemblyFiles};{HintPathFromItem}" (previous value: "{CandidateAssemblyFiles}") at C:\Program Files\dotnet\sdk\9.0.305\Sdks\Microsoft.NET.Sdk\targets\Microsoft.NET.Sdk.props (90,5)
       C:\Program Files\dotnet\sdk\9.0.305\Sdks\Microsoft.NET.Sdk\targets\Microsoft.NET.Sdk.props(91,5): message : Property reassignment: $(AssemblySearchPaths)="{CandidateAssemblyFiles};{HintPathFromItem};{TargetFrameworkDirectory}" (previous value: "{CandidateAssemblyFiles};{HintPathFromItem}") at C:\Program Files\dotnet\sdk\9.0.305\Sdks\Microsoft.NET.Sdk\targets\Microsoft.NET.Sdk.props (91,5)
       C:\Program Files\dotnet\sdk\9.0.305\Sdks\Microsoft.NET.Sdk\targets\Microsoft.NET.Sdk.props(92,5): message : Property reassignment: $(AssemblySearchPaths)="{CandidateAssemblyFiles};{HintPathFromItem};{TargetFrameworkDirectory};{RawFileName}" (previous value: "{CandidateAssemblyFiles};{HintPathFromItem};{TargetFrameworkDirectory}") at C:\Program Files\dotnet\sdk\9.0.305\Sdks\Microsoft.NET.Sdk\targets\Microsoft.NET.Sdk.props (92,5)
       C:\Program Files\dotnet\sdk\9.0.305\Sdks\Microsoft.NET.Sdk\targets\Microsoft.NET.PackProjectTool.props(15,5): message : Property reassignment: $(TargetsForTfmSpecificContentInPackage)=";PackTool;_PackProjectToolValidation" (previous value: ";PackTool") at C:\Program Files\dotnet\sdk\9.0.305\Sdks\Microsoft.NET.Sdk\targets\Microsoft.NET.PackProjectTool.props (15,5)
       C:\Users\hisha\Documents\Bomberman\Bomberman.csproj(4,5): message : Property reassignment: $(OutputType)="Exe" (previous value: "Library") at C:\Users\hisha\Documents\Bomberman\Bomberman.csproj (4,5)
       C:\Program Files\dotnet\sdk\9.0.305\Sdks\Microsoft.NET.Sdk\targets\Microsoft.NET.Sdk.ImportPublishProfile.targets(28,5): message : Property reassignment: $(PublishProfileImported)="false" (previous value: "true") at C:\Program Files\dotnet\sdk\9.0.305\Sdks\Microsoft.NET.Sdk\targets\Microsoft.NET.Sdk.ImportPublishProfile.targets (28,5)
       C:\Program Files\dotnet\sdk\9.0.305\Sdks\Microsoft.NET.Sdk\targets\Microsoft.NET.TargetFrameworkInference.targets(69,5): message : Property reassignment: $(TargetPlatformVersion)="" (previous value: "0.0") at C:\Program Files\dotnet\sdk\9.0.305\Sdks\Microsoft.NET.Sdk\targets\Microsoft.NET.TargetFrameworkInference.targets (69,5)
       C:\Program Files\dotnet\sdk\9.0.305\Sdks\Microsoft.NET.Sdk\targets\Microsoft.NET.DefaultOutputPaths.targets(122,5): message : Property reassignment: $(DefaultItemExcludes)=";bin\Debug\/**;obj\Debug\/**" (previous value: ";bin\Debug\/**") at C:\Program Files\dotnet\sdk\9.0.305\Sdks\Microsoft.NET.Sdk\targets\Microsoft.NET.DefaultOutputPaths.targets (122,5)
       C:\Program Files\dotnet\sdk\9.0.305\Sdks\Microsoft.NET.Sdk\targets\Microsoft.NET.DefaultOutputPaths.targets(137,5): message : Property reassignment: $(OutputPath)="bin\Debug\net9.0\" (previous value: "bin\Debug\") at C:\Program Files\dotnet\sdk\9.0.305\Sdks\Microsoft.NET.Sdk\targets\Microsoft.NET.DefaultOutputPaths.targets (137,5)
       C:\Program Files\dotnet\sdk\9.0.305\Sdks\Microsoft.NET.Sdk\targets\Microsoft.NET.DefaultOutputPaths.targets(142,5): message : Property reassignment: $(IntermediateOutputPath)="obj\Debug\net9.0\" (previous value: "obj\Debug\") at C:\Program Files\dotnet\sdk\9.0.305\Sdks\Microsoft.NET.Sdk\targets\Microsoft.NET.DefaultOutputPaths.targets (142,5)
       C:\Program Files\dotnet\sdk\9.0.305\Sdks\Microsoft.NET.Sdk\targets\Microsoft.NET.Sdk.BeforeCommon.targets(187,5): message : Property reassignment: $(_FrameworkIdentifierForImplicitDefine)="NET" (previous value: "NETCOREAPP") at C:\Program Files\dotnet\sdk\9.0.305\Sdks\Microsoft.NET.Sdk\targets\Microsoft.NET.Sdk.BeforeCommon.targets (187,5)
       C:\Program Files\dotnet\sdk\9.0.305\Sdks\Microsoft.NET.Sdk\targets\Microsoft.NET.Sdk.BeforeCommon.targets(192,5): message : Property reassignment: $(_FrameworkVersionForImplicitDefine)="9_0" (previous value: "9.0") at C:\Program Files\dotnet\sdk\9.0.305\Sdks\Microsoft.NET.Sdk\targets\Microsoft.NET.Sdk.BeforeCommon.targets (192,5)
       C:\Program Files\dotnet\sdk\9.0.305\Roslyn\Microsoft.CSharp.Core.targets(200,5): message : Property reassignment: $(CommandLineArgsForDesignTimeEvaluation)="-langversion:13.0 -define:TRACE" (previous value: "-langversion:13.0") at C:\Program Files\dotnet\sdk\9.0.305\Roslyn\Microsoft.CSharp.Core.targets (200,5)
       C:\Program Files\dotnet\sdk\9.0.305\Microsoft.Common.CurrentVersion.targets(175,5): message : Property reassignment: $(_DebugSymbolsProduced)="true" (previous value: "false") at C:\Program Files\dotnet\sdk\9.0.305\Microsoft.Common.CurrentVersion.targets (175,5)
       C:\Program Files\dotnet\sdk\9.0.305\Microsoft.Common.CurrentVersion.targets(185,5): message : Property reassignment: $(_DocumentationFileProduced)="false" (previous value: "true") at C:\Program Files\dotnet\sdk\9.0.305\Microsoft.Common.CurrentVersion.targets (185,5)
       C:\Program Files\dotnet\sdk\9.0.305\Microsoft.Common.CurrentVersion.targets(393,5): message : Property reassignment: $(MSBuildCopyMarkerName)="Bomberman.csproj.Up2Date" (previous value: "Bomberman.csproj") at C:\Program Files\dotnet\sdk\9.0.305\Microsoft.Common.CurrentVersion.targets (393,5)
       C:\Program Files\dotnet\sdk\9.0.305\Microsoft.Common.CurrentVersion.targets(541,5): message : Property reassignment: $(ProcessorArchitecture)="msil" (previous value: "") at C:\Program Files\dotnet\sdk\9.0.305\Microsoft.Common.CurrentVersion.targets (541,5)
       C:\Program Files\dotnet\sdk\9.0.305\Microsoft.Common.CurrentVersion.targets(580,5): message : Property reassignment: $(DelaySign)="" (previous value: "false") at C:\Program Files\dotnet\sdk\9.0.305\Microsoft.Common.CurrentVersion.targets (580,5)
       C:\Program Files\dotnet\sdk\9.0.305\Microsoft.Common.CurrentVersion.targets(2619,5): message : Property 'LOCALAPPDATA' with value 'C:\Users\hisha\AppData\Local' expanded from the environment.
       C:\Program Files\dotnet\sdk\9.0.305\Microsoft.Common.CurrentVersion.targets(3947,5): message : Property reassignment: $(_SGenGenerateSerializationAssembliesConfig)="Auto" (previous value: "") at C:\Program Files\dotnet\sdk\9.0.305\Microsoft.Common.CurrentVersion.targets (3947,5)
       C:\Program Files\dotnet\sdk\9.0.305\Microsoft.Common.CurrentVersion.targets(3948,5): message : Property reassignment: $(_SGenGenerateSerializationAssembliesConfig)="Off" (previous value: "Auto") at C:\Program Files\dotnet\sdk\9.0.305\Microsoft.Common.CurrentVersion.targets (3948,5)
       C:\Program Files\dotnet\sdk\9.0.305\Microsoft.Common.CurrentVersion.targets(5159,5): message : Property reassignment: $(_TargetsThatPrepareProjectReferences)="
       C:\Program Files\dotnet\sdk\9.0.305\Microsoft.Common.CurrentVersion.targets(5159,5): message :       AssignProjectConfiguration;
       C:\Program Files\dotnet\sdk\9.0.305\Microsoft.Common.CurrentVersion.targets(5159,5): message :       _SplitProjectReferencesByFileExistence
       C:\Program Files\dotnet\sdk\9.0.305\Microsoft.Common.CurrentVersion.targets(5159,5): message :     " (previous value: "_SplitProjectReferencesByFileExistence") at C:\Program Files\dotnet\sdk\9.0.305\Microsoft.Common.CurrentVersion.targets (5159,5)
       C:\Program Files\dotnet\sdk\9.0.305\Microsoft.Common.CurrentVersion.targets(6954,5): message : Property 'MSBuildExtensionsPath32' with value 'C:\Program Files\dotnet\sdk\9.0.305' expanded from the environment.
       C:\Program Files\dotnet\sdk\9.0.305\Sdks\Microsoft.NET.Sdk\targets\Microsoft.PackageDependencyResolution.targets(24,5): message : Property reassignment: $(ProjectAssetsFile)="C:\Users\hisha\Documents\Bomberman\obj\project.assets.json" (previous value: "C:\Users\hisha\Documents\Bomberman\obj\/project.assets.json") at C:\Program Files\dotnet\sdk\9.0.305\Sdks\Microsoft.NET.Sdk\targets\Microsoft.PackageDependencyResolution.targets (24,5)
       C:\Program Files\dotnet\sdk\9.0.305\Sdks\Microsoft.NET.Sdk\targets\Microsoft.PackageDependencyResolution.targets(29,5): message : Property reassignment: $(ProjectAssetsCacheFile)="C:\Users\hisha\Documents\Bomberman\obj\Debug\net9.0\Bomberman.assets.cache" (previous value: "obj\Debug\net9.0\Bomberman.assets.cache") at C:\Program Files\dotnet\sdk\9.0.305\Sdks\Microsoft.NET.Sdk\targets\Microsoft.PackageDependencyResolution.targets (29,5)
       C:\Program Files\dotnet\sdk\9.0.305\Sdks\Microsoft.NET.Sdk\targets\Microsoft.PackageDependencyResolution.targets(80,5): message : Property reassignment: $(ResolveAssemblyReferencesDependsOn)="
       C:\Program Files\dotnet\sdk\9.0.305\Sdks\Microsoft.NET.Sdk\targets\Microsoft.PackageDependencyResolution.targets(80,5): message :       
       C:\Program Files\dotnet\sdk\9.0.305\Sdks\Microsoft.NET.Sdk\targets\Microsoft.PackageDependencyResolution.targets(80,5): message :       ResolveProjectReferences;
       C:\Program Files\dotnet\sdk\9.0.305\Sdks\Microsoft.NET.Sdk\targets\Microsoft.PackageDependencyResolution.targets(80,5): message :       FindInvalidProjectReferences;
       C:\Program Files\dotnet\sdk\9.0.305\Sdks\Microsoft.NET.Sdk\targets\Microsoft.PackageDependencyResolution.targets(80,5): message :       GetFrameworkPaths;
       C:\Program Files\dotnet\sdk\9.0.305\Sdks\Microsoft.NET.Sdk\targets\Microsoft.PackageDependencyResolution.targets(80,5): message :       GetReferenceAssemblyPaths;
       C:\Program Files\dotnet\sdk\9.0.305\Sdks\Microsoft.NET.Sdk\targets\Microsoft.PackageDependencyResolution.targets(80,5): message :       PrepareForBuild;
       C:\Program Files\dotnet\sdk\9.0.305\Sdks\Microsoft.NET.Sdk\targets\Microsoft.PackageDependencyResolution.targets(80,5): message :       ResolveSDKReferences;
       C:\Program Files\dotnet\sdk\9.0.305\Sdks\Microsoft.NET.Sdk\targets\Microsoft.PackageDependencyResolution.targets(80,5): message :       ExpandSDKReferences;
       C:\Program Files\dotnet\sdk\9.0.305\Sdks\Microsoft.NET.Sdk\targets\Microsoft.PackageDependencyResolution.targets(80,5): message :     ;
       C:\Program Files\dotnet\sdk\9.0.305\Sdks\Microsoft.NET.Sdk\targets\Microsoft.PackageDependencyResolution.targets(80,5): message :       ResolvePackageDependenciesForBuild;
       C:\Program Files\dotnet\sdk\9.0.305\Sdks\Microsoft.NET.Sdk\targets\Microsoft.PackageDependencyResolution.targets(80,5): message :       _HandlePackageFileConflicts;
       C:\Program Files\dotnet\sdk\9.0.305\Sdks\Microsoft.NET.Sdk\targets\Microsoft.PackageDependencyResolution.targets(80,5): message :     " (previous value: "
       C:\Program Files\dotnet\sdk\9.0.305\Sdks\Microsoft.NET.Sdk\targets\Microsoft.PackageDependencyResolution.targets(80,5): message :       ResolveProjectReferences;
       C:\Program Files\dotnet\sdk\9.0.305\Sdks\Microsoft.NET.Sdk\targets\Microsoft.PackageDependencyResolution.targets(80,5): message :       FindInvalidProjectReferences;
       C:\Program Files\dotnet\sdk\9.0.305\Sdks\Microsoft.NET.Sdk\targets\Microsoft.PackageDependencyResolution.targets(80,5): message :       GetFrameworkPaths;
       C:\Program Files\dotnet\sdk\9.0.305\Sdks\Microsoft.NET.Sdk\targets\Microsoft.PackageDependencyResolution.targets(80,5): message :       GetReferenceAssemblyPaths;
       C:\Program Files\dotnet\sdk\9.0.305\Sdks\Microsoft.NET.Sdk\targets\Microsoft.PackageDependencyResolution.targets(80,5): message :       PrepareForBuild;
       C:\Program Files\dotnet\sdk\9.0.305\Sdks\Microsoft.NET.Sdk\targets\Microsoft.PackageDependencyResolution.targets(80,5): message :       ResolveSDKReferences;
       C:\Program Files\dotnet\sdk\9.0.305\Sdks\Microsoft.NET.Sdk\targets\Microsoft.PackageDependencyResolution.targets(80,5): message :       ExpandSDKReferences;
       C:\Program Files\dotnet\sdk\9.0.305\Sdks\Microsoft.NET.Sdk\targets\Microsoft.PackageDependencyResolution.targets(80,5): message :     ") at C:\Program Files\dotnet\sdk\9.0.305\Sdks\Microsoft.NET.Sdk\targets\Microsoft.PackageDependencyResolution.targets (80,5)
       C:\Program Files\dotnet\sdk\9.0.305\Sdks\Microsoft.NET.Sdk\targets\Microsoft.PackageDependencyResolution.targets(86,5): message : Property reassignment: $(PrepareResourcesDependsOn)="
       C:\Program Files\dotnet\sdk\9.0.305\Sdks\Microsoft.NET.Sdk\targets\Microsoft.PackageDependencyResolution.targets(86,5): message :       ResolvePackageDependenciesForBuild;
       C:\Program Files\dotnet\sdk\9.0.305\Sdks\Microsoft.NET.Sdk\targets\Microsoft.PackageDependencyResolution.targets(86,5): message :       _HandlePackageFileConflicts;
       C:\Program Files\dotnet\sdk\9.0.305\Sdks\Microsoft.NET.Sdk\targets\Microsoft.PackageDependencyResolution.targets(86,5): message :       
       C:\Program Files\dotnet\sdk\9.0.305\Sdks\Microsoft.NET.Sdk\targets\Microsoft.PackageDependencyResolution.targets(86,5): message :       ;
       C:\Program Files\dotnet\sdk\9.0.305\Sdks\Microsoft.NET.Sdk\targets\Microsoft.PackageDependencyResolution.targets(86,5): message :       PrepareResourceNames;
       C:\Program Files\dotnet\sdk\9.0.305\Sdks\Microsoft.NET.Sdk\targets\Microsoft.PackageDependencyResolution.targets(86,5): message :       ResGen;
       C:\Program Files\dotnet\sdk\9.0.305\Sdks\Microsoft.NET.Sdk\targets\Microsoft.PackageDependencyResolution.targets(86,5): message :       CompileLicxFiles
       C:\Program Files\dotnet\sdk\9.0.305\Sdks\Microsoft.NET.Sdk\targets\Microsoft.PackageDependencyResolution.targets(86,5): message :     
       C:\Program Files\dotnet\sdk\9.0.305\Sdks\Microsoft.NET.Sdk\targets\Microsoft.PackageDependencyResolution.targets(86,5): message :     " (previous value: "
       C:\Program Files\dotnet\sdk\9.0.305\Sdks\Microsoft.NET.Sdk\targets\Microsoft.PackageDependencyResolution.targets(86,5): message :       ;
       C:\Program Files\dotnet\sdk\9.0.305\Sdks\Microsoft.NET.Sdk\targets\Microsoft.PackageDependencyResolution.targets(86,5): message :       PrepareResourceNames;
       C:\Program Files\dotnet\sdk\9.0.305\Sdks\Microsoft.NET.Sdk\targets\Microsoft.PackageDependencyResolution.targets(86,5): message :       ResGen;
       C:\Program Files\dotnet\sdk\9.0.305\Sdks\Microsoft.NET.Sdk\targets\Microsoft.PackageDependencyResolution.targets(86,5): message :       CompileLicxFiles
       C:\Program Files\dotnet\sdk\9.0.305\Sdks\Microsoft.NET.Sdk\targets\Microsoft.PackageDependencyResolution.targets(86,5): message :     ") at C:\Program Files\dotnet\sdk\9.0.305\Sdks\Microsoft.NET.Sdk\targets\Microsoft.PackageDependencyResolution.targets (86,5)
       C:\Program Files\dotnet\sdk\9.0.305\Sdks\Microsoft.NET.Sdk\targets\Microsoft.NET.Sdk.DefaultItems.targets(27,5): message : Property reassignment: $(DefaultItemExcludes)=";bin\Debug\/**;obj\Debug\/**;bin\/**" (previous value: ";bin\Debug\/**;obj\Debug\/**") at C:\Program Files\dotnet\sdk\9.0.305\Sdks\Microsoft.NET.Sdk\targets\Microsoft.NET.Sdk.DefaultItems.targets (27,5)
       C:\Program Files\dotnet\sdk\9.0.305\Sdks\Microsoft.NET.Sdk\targets\Microsoft.NET.Sdk.DefaultItems.targets(29,5): message : Property reassignment: $(DefaultItemExcludes)=";bin\Debug\/**;obj\Debug\/**;bin\/**;obj\/**" (previous value: ";bin\Debug\/**;obj\Debug\/**;bin\/**") at C:\Program Files\dotnet\sdk\9.0.305\Sdks\Microsoft.NET.Sdk\targets\Microsoft.NET.Sdk.DefaultItems.targets (29,5)
       C:\Program Files\dotnet\sdk\9.0.305\Sdks\Microsoft.NET.Sdk\targets\Microsoft.NET.Sdk.DefaultItems.targets(32,5): message : Property reassignment: $(DefaultItemExcludes)=";bin\Debug\/**;obj\Debug\/**;bin\/**;obj\/**;**/*.user" (previous value: ";bin\Debug\/**;obj\Debug\/**;bin\/**;obj\/**") at C:\Program Files\dotnet\sdk\9.0.305\Sdks\Microsoft.NET.Sdk\targets\Microsoft.NET.Sdk.DefaultItems.targets (32,5)
       C:\Program Files\dotnet\sdk\9.0.305\Sdks\Microsoft.NET.Sdk\targets\Microsoft.NET.Sdk.DefaultItems.targets(33,5): message : Property reassignment: $(DefaultItemExcludes)=";bin\Debug\/**;obj\Debug\/**;bin\/**;obj\/**;**/*.user;**/*.*proj" (previous value: ";bin\Debug\/**;obj\Debug\/**;bin\/**;obj\/**;**/*.user") at C:\Program Files\dotnet\sdk\9.0.305\Sdks\Microsoft.NET.Sdk\targets\Microsoft.NET.Sdk.DefaultItems.targets (33,5)
       C:\Program Files\dotnet\sdk\9.0.305\Sdks\Microsoft.NET.Sdk\targets\Microsoft.NET.Sdk.DefaultItems.targets(34,5): message : Property reassignment: $(DefaultItemExcludes)=";bin\Debug\/**;obj\Debug\/**;bin\/**;obj\/**;**/*.user;**/*.*proj;**/*.sln" (previous value: ";bin\Debug\/**;obj\Debug\/**;bin\/**;obj\/**;**/*.user;**/*.*proj") at C:\Program Files\dotnet\sdk\9.0.305\Sdks\Microsoft.NET.Sdk\targets\Microsoft.NET.Sdk.DefaultItems.targets (34,5)
       C:\Program Files\dotnet\sdk\9.0.305\Sdks\Microsoft.NET.Sdk\targets\Microsoft.NET.Sdk.DefaultItems.targets(35,5): message : Property reassignment: $(DefaultItemExcludes)=";bin\Debug\/**;obj\Debug\/**;bin\/**;obj\/**;**/*.user;**/*.*proj;**/*.sln;**/*.slnx" (previous value: ";bin\Debug\/**;obj\Debug\/**;bin\/**;obj\/**;**/*.user;**/*.*proj;**/*.sln") at C:\Program Files\dotnet\sdk\9.0.305\Sdks\Microsoft.NET.Sdk\targets\Microsoft.NET.Sdk.DefaultItems.targets (35,5)
       C:\Program Files\dotnet\sdk\9.0.305\Sdks\Microsoft.NET.Sdk\targets\Microsoft.NET.Sdk.DefaultItems.targets(36,5): message : Property reassignment: $(DefaultItemExcludes)=";bin\Debug\/**;obj\Debug\/**;bin\/**;obj\/**;**/*.user;**/*.*proj;**/*.sln;**/*.slnx;**/*.vssscc" (previous value: ";bin\Debug\/**;obj\Debug\/**;bin\/**;obj\/**;**/*.user;**/*.*proj;**/*.sln;**/*.slnx") at C:\Program Files\dotnet\sdk\9.0.305\Sdks\Microsoft.NET.Sdk\targets\Microsoft.NET.Sdk.DefaultItems.targets (36,5)
       C:\Program Files\dotnet\sdk\9.0.305\Sdks\Microsoft.NET.Sdk\targets\Microsoft.NET.Sdk.DefaultItems.targets(37,5): message : Property reassignment: $(DefaultItemExcludes)=";bin\Debug\/**;obj\Debug\/**;bin\/**;obj\/**;**/*.user;**/*.*proj;**/*.sln;**/*.slnx;**/*.vssscc;**/.DS_Store" (previous value: ";bin\Debug\/**;obj\Debug\/**;bin\/**;obj\/**;**/*.user;**/*.*proj;**/*.sln;**/*.slnx;**/*.vssscc") at C:\Program Files\dotnet\sdk\9.0.305\Sdks\Microsoft.NET.Sdk\targets\Microsoft.NET.Sdk.DefaultItems.targets (37,5)
       C:\Program Files\dotnet\sdk\9.0.305\Sdks\Microsoft.NET.Sdk\targets\Microsoft.NET.Sdk.FrameworkReferenceResolution.targets(14,5): message : Property reassignment: $(ResolveAssemblyReferencesDependsOn)="
       C:\Program Files\dotnet\sdk\9.0.305\Sdks\Microsoft.NET.Sdk\targets\Microsoft.NET.Sdk.FrameworkReferenceResolution.targets(14,5): message :       
       C:\Program Files\dotnet\sdk\9.0.305\Sdks\Microsoft.NET.Sdk\targets\Microsoft.NET.Sdk.FrameworkReferenceResolution.targets(14,5): message :       
       C:\Program Files\dotnet\sdk\9.0.305\Sdks\Microsoft.NET.Sdk\targets\Microsoft.NET.Sdk.FrameworkReferenceResolution.targets(14,5): message :       ResolveProjectReferences;
       C:\Program Files\dotnet\sdk\9.0.305\Sdks\Microsoft.NET.Sdk\targets\Microsoft.NET.Sdk.FrameworkReferenceResolution.targets(14,5): message :       FindInvalidProjectReferences;
       C:\Program Files\dotnet\sdk\9.0.305\Sdks\Microsoft.NET.Sdk\targets\Microsoft.NET.Sdk.FrameworkReferenceResolution.targets(14,5): message :       GetFrameworkPaths;
       C:\Program Files\dotnet\sdk\9.0.305\Sdks\Microsoft.NET.Sdk\targets\Microsoft.NET.Sdk.FrameworkReferenceResolution.targets(14,5): message :       GetReferenceAssemblyPaths;
       C:\Program Files\dotnet\sdk\9.0.305\Sdks\Microsoft.NET.Sdk\targets\Microsoft.NET.Sdk.FrameworkReferenceResolution.targets(14,5): message :       PrepareForBuild;
       C:\Program Files\dotnet\sdk\9.0.305\Sdks\Microsoft.NET.Sdk\targets\Microsoft.NET.Sdk.FrameworkReferenceResolution.targets(14,5): message :       ResolveSDKReferences;
       C:\Program Files\dotnet\sdk\9.0.305\Sdks\Microsoft.NET.Sdk\targets\Microsoft.NET.Sdk.FrameworkReferenceResolution.targets(14,5): message :       ExpandSDKReferences;
       C:\Program Files\dotnet\sdk\9.0.305\Sdks\Microsoft.NET.Sdk\targets\Microsoft.NET.Sdk.FrameworkReferenceResolution.targets(14,5): message :     ;
       C:\Program Files\dotnet\sdk\9.0.305\Sdks\Microsoft.NET.Sdk\targets\Microsoft.NET.Sdk.FrameworkReferenceResolution.targets(14,5): message :       ResolvePackageDependenciesForBuild;
       C:\Program Files\dotnet\sdk\9.0.305\Sdks\Microsoft.NET.Sdk\targets\Microsoft.NET.Sdk.FrameworkReferenceResolution.targets(14,5): message :       _HandlePackageFileConflicts;
       C:\Program Files\dotnet\sdk\9.0.305\Sdks\Microsoft.NET.Sdk\targets\Microsoft.NET.Sdk.FrameworkReferenceResolution.targets(14,5): message :     ;
       C:\Program Files\dotnet\sdk\9.0.305\Sdks\Microsoft.NET.Sdk\targets\Microsoft.NET.Sdk.FrameworkReferenceResolution.targets(14,5): message :       ResolveTargetingPackAssets;
       C:\Program Files\dotnet\sdk\9.0.305\Sdks\Microsoft.NET.Sdk\targets\Microsoft.NET.Sdk.FrameworkReferenceResolution.targets(14,5): message :     " (previous value: "
       C:\Program Files\dotnet\sdk\9.0.305\Sdks\Microsoft.NET.Sdk\targets\Microsoft.NET.Sdk.FrameworkReferenceResolution.targets(14,5): message :       
       C:\Program Files\dotnet\sdk\9.0.305\Sdks\Microsoft.NET.Sdk\targets\Microsoft.NET.Sdk.FrameworkReferenceResolution.targets(14,5): message :       ResolveProjectReferences;
       C:\Program Files\dotnet\sdk\9.0.305\Sdks\Microsoft.NET.Sdk\targets\Microsoft.NET.Sdk.FrameworkReferenceResolution.targets(14,5): message :       FindInvalidProjectReferences;
       C:\Program Files\dotnet\sdk\9.0.305\Sdks\Microsoft.NET.Sdk\targets\Microsoft.NET.Sdk.FrameworkReferenceResolution.targets(14,5): message :       GetFrameworkPaths;
       C:\Program Files\dotnet\sdk\9.0.305\Sdks\Microsoft.NET.Sdk\targets\Microsoft.NET.Sdk.FrameworkReferenceResolution.targets(14,5): message :       GetReferenceAssemblyPaths;
       C:\Program Files\dotnet\sdk\9.0.305\Sdks\Microsoft.NET.Sdk\targets\Microsoft.NET.Sdk.FrameworkReferenceResolution.targets(14,5): message :       PrepareForBuild;
       C:\Program Files\dotnet\sdk\9.0.305\Sdks\Microsoft.NET.Sdk\targets\Microsoft.NET.Sdk.FrameworkReferenceResolution.targets(14,5): message :       ResolveSDKReferences;
       C:\Program Files\dotnet\sdk\9.0.305\Sdks\Microsoft.NET.Sdk\targets\Microsoft.NET.Sdk.FrameworkReferenceResolution.targets(14,5): message :       ExpandSDKReferences;
       C:\Program Files\dotnet\sdk\9.0.305\Sdks\Microsoft.NET.Sdk\targets\Microsoft.NET.Sdk.FrameworkReferenceResolution.targets(14,5): message :     ;
       C:\Program Files\dotnet\sdk\9.0.305\Sdks\Microsoft.NET.Sdk\targets\Microsoft.NET.Sdk.FrameworkReferenceResolution.targets(14,5): message :       ResolvePackageDependenciesForBuild;
       C:\Program Files\dotnet\sdk\9.0.305\Sdks\Microsoft.NET.Sdk\targets\Microsoft.NET.Sdk.FrameworkReferenceResolution.targets(14,5): message :       _HandlePackageFileConflicts;
       C:\Program Files\dotnet\sdk\9.0.305\Sdks\Microsoft.NET.Sdk\targets\Microsoft.NET.Sdk.FrameworkReferenceResolution.targets(14,5): message :     ") at C:\Program Files\dotnet\sdk\9.0.305\Sdks\Microsoft.NET.Sdk\targets\Microsoft.NET.Sdk.FrameworkReferenceResolution.targets (14,5)
       C:\Program Files\dotnet\sdk\9.0.305\Sdks\Microsoft.NET.Sdk\targets\Microsoft.NET.Sdk.targets(44,5): message : Property reassignment: $(_GenerateRuntimeConfigurationPropertyInputsCache)="C:\Users\hisha\Documents\Bomberman\obj\Debug\net9.0\Bomberman.genruntimeconfig.cache" (previous value: "obj\Debug\net9.0\Bomberman.genruntimeconfig.cache") at C:\Program Files\dotnet\sdk\9.0.305\Sdks\Microsoft.NET.Sdk\targets\Microsoft.NET.Sdk.targets (44,5)
       C:\Program Files\dotnet\sdk\9.0.305\Sdks\Microsoft.NET.Sdk\targets\Microsoft.NET.Sdk.targets(46,5): message : Property reassignment: $(_GeneratePublishDependencyFilePropertyInputsCache)="C:\Users\hisha\Documents\Bomberman\obj\Debug\net9.0\Bomberman.genpublishdeps.cache" (previous value: "obj\Debug\net9.0\Bomberman.genpublishdeps.cache") at C:\Program Files\dotnet\sdk\9.0.305\Sdks\Microsoft.NET.Sdk\targets\Microsoft.NET.Sdk.targets (46,5)
       C:\Program Files\dotnet\sdk\9.0.305\Sdks\Microsoft.NET.Sdk\targets\Microsoft.NET.Sdk.targets(48,5): message : Property reassignment: $(_GenerateSingleFileBundlePropertyInputsCache)="C:\Users\hisha\Documents\Bomberman\obj\Debug\net9.0\Bomberman.genbundle.cache" (previous value: "obj\Debug\net9.0\Bomberman.genbundle.cache") at C:\Program Files\dotnet\sdk\9.0.305\Sdks\Microsoft.NET.Sdk\targets\Microsoft.NET.Sdk.targets (48,5)
       C:\Program Files\dotnet\sdk\9.0.305\Sdks\Microsoft.NET.Sdk\targets\Microsoft.NET.Sdk.targets(81,5): message : Property reassignment: $(GenerateRuntimeConfigDevFile)="false" (previous value: "true") at C:\Program Files\dotnet\sdk\9.0.305\Sdks\Microsoft.NET.Sdk\targets\Microsoft.NET.Sdk.targets (81,5)
       C:\Program Files\dotnet\sdk\9.0.305\Sdks\Microsoft.NET.Sdk\targets\Microsoft.NET.Sdk.targets(97,5): message : Property 'USERPROFILE' with value 'C:\Users\hisha' expanded from the environment.
       C:\Program Files\dotnet\sdk\9.0.305\Sdks\Microsoft.NET.Sdk\targets\Microsoft.NET.Sdk.targets(97,5): message : Property reassignment: $(_DefaultUserProfileRuntimeStorePath)="C:\Users\hisha" (previous value: "") at C:\Program Files\dotnet\sdk\9.0.305\Sdks\Microsoft.NET.Sdk\targets\Microsoft.NET.Sdk.targets (97,5)
       C:\Program Files\dotnet\sdk\9.0.305\Sdks\Microsoft.NET.Sdk\targets\Microsoft.NET.Sdk.targets(98,5): message : Property reassignment: $(_DefaultUserProfileRuntimeStorePath)="C:\Users\hisha\.dotnet\store" (previous value: "C:\Users\hisha") at C:\Program Files\dotnet\sdk\9.0.305\Sdks\Microsoft.NET.Sdk\targets\Microsoft.NET.Sdk.targets (98,5)
       C:\Program Files\dotnet\sdk\9.0.305\Sdks\Microsoft.NET.Sdk\targets\Microsoft.NET.Sdk.targets(140,5): message : Property reassignment: $(AvailablePlatforms)="Any CPU,x86,x64,ARM32" (previous value: "Any CPU,x86,x64") at C:\Program Files\dotnet\sdk\9.0.305\Sdks\Microsoft.NET.Sdk\targets\Microsoft.NET.Sdk.targets (140,5)
       C:\Program Files\dotnet\sdk\9.0.305\Sdks\Microsoft.NET.Sdk\targets\Microsoft.NET.Sdk.targets(144,5): message : Property reassignment: $(AvailablePlatforms)="Any CPU,x86,x64,ARM32,ARM64" (previous value: "Any CPU,x86,x64,ARM32") at C:\Program Files\dotnet\sdk\9.0.305\Sdks\Microsoft.NET.Sdk\targets\Microsoft.NET.Sdk.targets (144,5)
       C:\Program Files\dotnet\sdk\9.0.305\Sdks\Microsoft.NET.Sdk\targets\Microsoft.NET.Sdk.targets(201,5): message : Property reassignment: $(CoreBuildDependsOn)="
       C:\Program Files\dotnet\sdk\9.0.305\Sdks\Microsoft.NET.Sdk\targets\Microsoft.NET.Sdk.targets(201,5): message :       _CheckForBuildWithNoBuild;
       C:\Program Files\dotnet\sdk\9.0.305\Sdks\Microsoft.NET.Sdk\targets\Microsoft.NET.Sdk.targets(201,5): message :       
       C:\Program Files\dotnet\sdk\9.0.305\Sdks\Microsoft.NET.Sdk\targets\Microsoft.NET.Sdk.targets(201,5): message :       BuildOnlySettings;
       C:\Program Files\dotnet\sdk\9.0.305\Sdks\Microsoft.NET.Sdk\targets\Microsoft.NET.Sdk.targets(201,5): message :       PrepareForBuild;
       C:\Program Files\dotnet\sdk\9.0.305\Sdks\Microsoft.NET.Sdk\targets\Microsoft.NET.Sdk.targets(201,5): message :       PreBuildEvent;
       C:\Program Files\dotnet\sdk\9.0.305\Sdks\Microsoft.NET.Sdk\targets\Microsoft.NET.Sdk.targets(201,5): message :       ResolveReferences;
       C:\Program Files\dotnet\sdk\9.0.305\Sdks\Microsoft.NET.Sdk\targets\Microsoft.NET.Sdk.targets(201,5): message :       PrepareResources;
       C:\Program Files\dotnet\sdk\9.0.305\Sdks\Microsoft.NET.Sdk\targets\Microsoft.NET.Sdk.targets(201,5): message :       ResolveKeySource;
       C:\Program Files\dotnet\sdk\9.0.305\Sdks\Microsoft.NET.Sdk\targets\Microsoft.NET.Sdk.targets(201,5): message :       Compile;
       C:\Program Files\dotnet\sdk\9.0.305\Sdks\Microsoft.NET.Sdk\targets\Microsoft.NET.Sdk.targets(201,5): message :       ExportWindowsMDFile;
       C:\Program Files\dotnet\sdk\9.0.305\Sdks\Microsoft.NET.Sdk\targets\Microsoft.NET.Sdk.targets(201,5): message :       UnmanagedUnregistration;
       C:\Program Files\dotnet\sdk\9.0.305\Sdks\Microsoft.NET.Sdk\targets\Microsoft.NET.Sdk.targets(201,5): message :       GenerateSerializationAssemblies;
       C:\Program Files\dotnet\sdk\9.0.305\Sdks\Microsoft.NET.Sdk\targets\Microsoft.NET.Sdk.targets(201,5): message :       CreateSatelliteAssemblies;
       C:\Program Files\dotnet\sdk\9.0.305\Sdks\Microsoft.NET.Sdk\targets\Microsoft.NET.Sdk.targets(201,5): message :       GenerateManifests;
       C:\Program Files\dotnet\sdk\9.0.305\Sdks\Microsoft.NET.Sdk\targets\Microsoft.NET.Sdk.targets(201,5): message :       GetTargetPath;
       C:\Program Files\dotnet\sdk\9.0.305\Sdks\Microsoft.NET.Sdk\targets\Microsoft.NET.Sdk.targets(201,5): message :       PrepareForRun;
       C:\Program Files\dotnet\sdk\9.0.305\Sdks\Microsoft.NET.Sdk\targets\Microsoft.NET.Sdk.targets(201,5): message :       UnmanagedRegistration;
       C:\Program Files\dotnet\sdk\9.0.305\Sdks\Microsoft.NET.Sdk\targets\Microsoft.NET.Sdk.targets(201,5): message :       IncrementalClean;
       C:\Program Files\dotnet\sdk\9.0.305\Sdks\Microsoft.NET.Sdk\targets\Microsoft.NET.Sdk.targets(201,5): message :       PostBuildEvent
       C:\Program Files\dotnet\sdk\9.0.305\Sdks\Microsoft.NET.Sdk\targets\Microsoft.NET.Sdk.targets(201,5): message :     ;
       C:\Program Files\dotnet\sdk\9.0.305\Sdks\Microsoft.NET.Sdk\targets\Microsoft.NET.Sdk.targets(201,5): message :       GenerateBuildDependencyFile;
       C:\Program Files\dotnet\sdk\9.0.305\Sdks\Microsoft.NET.Sdk\targets\Microsoft.NET.Sdk.targets(201,5): message :       GenerateBuildRuntimeConfigurationFiles
       C:\Program Files\dotnet\sdk\9.0.305\Sdks\Microsoft.NET.Sdk\targets\Microsoft.NET.Sdk.targets(201,5): message :     " (previous value: "
       C:\Program Files\dotnet\sdk\9.0.305\Sdks\Microsoft.NET.Sdk\targets\Microsoft.NET.Sdk.targets(201,5): message :       BuildOnlySettings;
       C:\Program Files\dotnet\sdk\9.0.305\Sdks\Microsoft.NET.Sdk\targets\Microsoft.NET.Sdk.targets(201,5): message :       PrepareForBuild;
       C:\Program Files\dotnet\sdk\9.0.305\Sdks\Microsoft.NET.Sdk\targets\Microsoft.NET.Sdk.targets(201,5): message :       PreBuildEvent;
       C:\Program Files\dotnet\sdk\9.0.305\Sdks\Microsoft.NET.Sdk\targets\Microsoft.NET.Sdk.targets(201,5): message :       ResolveReferences;
       C:\Program Files\dotnet\sdk\9.0.305\Sdks\Microsoft.NET.Sdk\targets\Microsoft.NET.Sdk.targets(201,5): message :       PrepareResources;
       C:\Program Files\dotnet\sdk\9.0.305\Sdks\Microsoft.NET.Sdk\targets\Microsoft.NET.Sdk.targets(201,5): message :       ResolveKeySource;
       C:\Program Files\dotnet\sdk\9.0.305\Sdks\Microsoft.NET.Sdk\targets\Microsoft.NET.Sdk.targets(201,5): message :       Compile;
       C:\Program Files\dotnet\sdk\9.0.305\Sdks\Microsoft.NET.Sdk\targets\Microsoft.NET.Sdk.targets(201,5): message :       ExportWindowsMDFile;
       C:\Program Files\dotnet\sdk\9.0.305\Sdks\Microsoft.NET.Sdk\targets\Microsoft.NET.Sdk.targets(201,5): message :       UnmanagedUnregistration;
       C:\Program Files\dotnet\sdk\9.0.305\Sdks\Microsoft.NET.Sdk\targets\Microsoft.NET.Sdk.targets(201,5): message :       GenerateSerializationAssemblies;
       C:\Program Files\dotnet\sdk\9.0.305\Sdks\Microsoft.NET.Sdk\targets\Microsoft.NET.Sdk.targets(201,5): message :       CreateSatelliteAssemblies;
       C:\Program Files\dotnet\sdk\9.0.305\Sdks\Microsoft.NET.Sdk\targets\Microsoft.NET.Sdk.targets(201,5): message :       GenerateManifests;
       C:\Program Files\dotnet\sdk\9.0.305\Sdks\Microsoft.NET.Sdk\targets\Microsoft.NET.Sdk.targets(201,5): message :       GetTargetPath;
       C:\Program Files\dotnet\sdk\9.0.305\Sdks\Microsoft.NET.Sdk\targets\Microsoft.NET.Sdk.targets(201,5): message :       PrepareForRun;
       C:\Program Files\dotnet\sdk\9.0.305\Sdks\Microsoft.NET.Sdk\targets\Microsoft.NET.Sdk.targets(201,5): message :       UnmanagedRegistration;
       C:\Program Files\dotnet\sdk\9.0.305\Sdks\Microsoft.NET.Sdk\targets\Microsoft.NET.Sdk.targets(201,5): message :       IncrementalClean;
       C:\Program Files\dotnet\sdk\9.0.305\Sdks\Microsoft.NET.Sdk\targets\Microsoft.NET.Sdk.targets(201,5): message :       PostBuildEvent
       C:\Program Files\dotnet\sdk\9.0.305\Sdks\Microsoft.NET.Sdk\targets\Microsoft.NET.Sdk.targets(201,5): message :     ") at C:\Program Files\dotnet\sdk\9.0.305\Sdks\Microsoft.NET.Sdk\targets\Microsoft.NET.Sdk.targets (201,5)
       C:\Program Files\dotnet\sdk\9.0.305\Sdks\Microsoft.NET.Sdk\targets\Microsoft.NET.Sdk.targets(210,5): message : Property reassignment: $(CoreCleanDependsOn)="
       C:\Program Files\dotnet\sdk\9.0.305\Sdks\Microsoft.NET.Sdk\targets\Microsoft.NET.Sdk.targets(210,5): message :       _SdkBeforeClean;
       C:\Program Files\dotnet\sdk\9.0.305\Sdks\Microsoft.NET.Sdk\targets\Microsoft.NET.Sdk.targets(210,5): message :       
       C:\Program Files\dotnet\sdk\9.0.305\Sdks\Microsoft.NET.Sdk\targets\Microsoft.NET.Sdk.targets(210,5): message :     " (previous value: "") at C:\Program Files\dotnet\sdk\9.0.305\Sdks\Microsoft.NET.Sdk\targets\Microsoft.NET.Sdk.targets (210,5)
       C:\Program Files\dotnet\sdk\9.0.305\Sdks\Microsoft.NET.Sdk\targets\Microsoft.NET.Sdk.targets(217,5): message : Property reassignment: $(RebuildDependsOn)="
       C:\Program Files\dotnet\sdk\9.0.305\Sdks\Microsoft.NET.Sdk\targets\Microsoft.NET.Sdk.targets(217,5): message :       _SdkBeforeRebuild;
       C:\Program Files\dotnet\sdk\9.0.305\Sdks\Microsoft.NET.Sdk\targets\Microsoft.NET.Sdk.targets(217,5): message :       
       C:\Program Files\dotnet\sdk\9.0.305\Sdks\Microsoft.NET.Sdk\targets\Microsoft.NET.Sdk.targets(217,5): message :       BeforeRebuild;
       C:\Program Files\dotnet\sdk\9.0.305\Sdks\Microsoft.NET.Sdk\targets\Microsoft.NET.Sdk.targets(217,5): message :       Clean;
       C:\Program Files\dotnet\sdk\9.0.305\Sdks\Microsoft.NET.Sdk\targets\Microsoft.NET.Sdk.targets(217,5): message :       Build;
       C:\Program Files\dotnet\sdk\9.0.305\Sdks\Microsoft.NET.Sdk\targets\Microsoft.NET.Sdk.targets(217,5): message :       AfterRebuild;
       C:\Program Files\dotnet\sdk\9.0.305\Sdks\Microsoft.NET.Sdk\targets\Microsoft.NET.Sdk.targets(217,5): message :     
       C:\Program Files\dotnet\sdk\9.0.305\Sdks\Microsoft.NET.Sdk\targets\Microsoft.NET.Sdk.targets(217,5): message :     " (previous value: "
       C:\Program Files\dotnet\sdk\9.0.305\Sdks\Microsoft.NET.Sdk\targets\Microsoft.NET.Sdk.targets(217,5): message :       BeforeRebuild;
       C:\Program Files\dotnet\sdk\9.0.305\Sdks\Microsoft.NET.Sdk\targets\Microsoft.NET.Sdk.targets(217,5): message :       Clean;
       C:\Program Files\dotnet\sdk\9.0.305\Sdks\Microsoft.NET.Sdk\targets\Microsoft.NET.Sdk.targets(217,5): message :       Build;
       C:\Program Files\dotnet\sdk\9.0.305\Sdks\Microsoft.NET.Sdk\targets\Microsoft.NET.Sdk.targets(217,5): message :       AfterRebuild;
       C:\Program Files\dotnet\sdk\9.0.305\Sdks\Microsoft.NET.Sdk\targets\Microsoft.NET.Sdk.targets(217,5): message :     ") at C:\Program Files\dotnet\sdk\9.0.305\Sdks\Microsoft.NET.Sdk\targets\Microsoft.NET.Sdk.targets (217,5)
       C:\Program Files\dotnet\sdk\9.0.305\Sdks\Microsoft.NET.Sdk\targets\Microsoft.NET.Sdk.targets(784,5): message : Property reassignment: $(CompileDependsOn)="
       C:\Program Files\dotnet\sdk\9.0.305\Sdks\Microsoft.NET.Sdk\targets\Microsoft.NET.Sdk.targets(784,5): message :       
       C:\Program Files\dotnet\sdk\9.0.305\Sdks\Microsoft.NET.Sdk\targets\Microsoft.NET.Sdk.targets(784,5): message :       ResolveReferences;
       C:\Program Files\dotnet\sdk\9.0.305\Sdks\Microsoft.NET.Sdk\targets\Microsoft.NET.Sdk.targets(784,5): message :       ResolveKeySource;
       C:\Program Files\dotnet\sdk\9.0.305\Sdks\Microsoft.NET.Sdk\targets\Microsoft.NET.Sdk.targets(784,5): message :       SetWin32ManifestProperties;
       C:\Program Files\dotnet\sdk\9.0.305\Sdks\Microsoft.NET.Sdk\targets\Microsoft.NET.Sdk.targets(784,5): message :       _SetPreferNativeArm64Win32ManifestProperties;
       C:\Program Files\dotnet\sdk\9.0.305\Sdks\Microsoft.NET.Sdk\targets\Microsoft.NET.Sdk.targets(784,5): message :       FindReferenceAssembliesForReferences;
       C:\Program Files\dotnet\sdk\9.0.305\Sdks\Microsoft.NET.Sdk\targets\Microsoft.NET.Sdk.targets(784,5): message :       _GenerateCompileInputs;
       C:\Program Files\dotnet\sdk\9.0.305\Sdks\Microsoft.NET.Sdk\targets\Microsoft.NET.Sdk.targets(784,5): message :       BeforeCompile;
       C:\Program Files\dotnet\sdk\9.0.305\Sdks\Microsoft.NET.Sdk\targets\Microsoft.NET.Sdk.targets(784,5): message :       _TimeStampBeforeCompile;
       C:\Program Files\dotnet\sdk\9.0.305\Sdks\Microsoft.NET.Sdk\targets\Microsoft.NET.Sdk.targets(784,5): message :       _GenerateCompileDependencyCache;
       C:\Program Files\dotnet\sdk\9.0.305\Sdks\Microsoft.NET.Sdk\targets\Microsoft.NET.Sdk.targets(784,5): message :       CoreCompile;
       C:\Program Files\dotnet\sdk\9.0.305\Sdks\Microsoft.NET.Sdk\targets\Microsoft.NET.Sdk.targets(784,5): message :       _TimeStampAfterCompile;
       C:\Program Files\dotnet\sdk\9.0.305\Sdks\Microsoft.NET.Sdk\targets\Microsoft.NET.Sdk.targets(784,5): message :       AfterCompile;
       C:\Program Files\dotnet\sdk\9.0.305\Sdks\Microsoft.NET.Sdk\targets\Microsoft.NET.Sdk.targets(784,5): message :     ;
       C:\Program Files\dotnet\sdk\9.0.305\Sdks\Microsoft.NET.Sdk\targets\Microsoft.NET.Sdk.targets(784,5): message :       _CreateAppHost;
       C:\Program Files\dotnet\sdk\9.0.305\Sdks\Microsoft.NET.Sdk\targets\Microsoft.NET.Sdk.targets(784,5): message :       _CreateComHost;
       C:\Program Files\dotnet\sdk\9.0.305\Sdks\Microsoft.NET.Sdk\targets\Microsoft.NET.Sdk.targets(784,5): message :       _GetIjwHostPaths;
       C:\Program Files\dotnet\sdk\9.0.305\Sdks\Microsoft.NET.Sdk\targets\Microsoft.NET.Sdk.targets(784,5): message :     " (previous value: "
       C:\Program Files\dotnet\sdk\9.0.305\Sdks\Microsoft.NET.Sdk\targets\Microsoft.NET.Sdk.targets(784,5): message :       ResolveReferences;
       C:\Program Files\dotnet\sdk\9.0.305\Sdks\Microsoft.NET.Sdk\targets\Microsoft.NET.Sdk.targets(784,5): message :       ResolveKeySource;
       C:\Program Files\dotnet\sdk\9.0.305\Sdks\Microsoft.NET.Sdk\targets\Microsoft.NET.Sdk.targets(784,5): message :       SetWin32ManifestProperties;
       C:\Program Files\dotnet\sdk\9.0.305\Sdks\Microsoft.NET.Sdk\targets\Microsoft.NET.Sdk.targets(784,5): message :       _SetPreferNativeArm64Win32ManifestProperties;
       C:\Program Files\dotnet\sdk\9.0.305\Sdks\Microsoft.NET.Sdk\targets\Microsoft.NET.Sdk.targets(784,5): message :       FindReferenceAssembliesForReferences;
       C:\Program Files\dotnet\sdk\9.0.305\Sdks\Microsoft.NET.Sdk\targets\Microsoft.NET.Sdk.targets(784,5): message :       _GenerateCompileInputs;
       C:\Program Files\dotnet\sdk\9.0.305\Sdks\Microsoft.NET.Sdk\targets\Microsoft.NET.Sdk.targets(784,5): message :       BeforeCompile;
       C:\Program Files\dotnet\sdk\9.0.305\Sdks\Microsoft.NET.Sdk\targets\Microsoft.NET.Sdk.targets(784,5): message :       _TimeStampBeforeCompile;
       C:\Program Files\dotnet\sdk\9.0.305\Sdks\Microsoft.NET.Sdk\targets\Microsoft.NET.Sdk.targets(784,5): message :       _GenerateCompileDependencyCache;
       C:\Program Files\dotnet\sdk\9.0.305\Sdks\Microsoft.NET.Sdk\targets\Microsoft.NET.Sdk.targets(784,5): message :       CoreCompile;
       C:\Program Files\dotnet\sdk\9.0.305\Sdks\Microsoft.NET.Sdk\targets\Microsoft.NET.Sdk.targets(784,5): message :       _TimeStampAfterCompile;
       C:\Program Files\dotnet\sdk\9.0.305\Sdks\Microsoft.NET.Sdk\targets\Microsoft.NET.Sdk.targets(784,5): message :       AfterCompile;
       C:\Program Files\dotnet\sdk\9.0.305\Sdks\Microsoft.NET.Sdk\targets\Microsoft.NET.Sdk.targets(784,5): message :     ") at C:\Program Files\dotnet\sdk\9.0.305\Sdks\Microsoft.NET.Sdk\targets\Microsoft.NET.Sdk.targets (784,5)
       C:\Program Files\dotnet\sdk\9.0.305\Sdks\Microsoft.NET.Sdk\targets\Microsoft.NET.Sdk.targets(1184,5): message : Property reassignment: $(CreateSatelliteAssembliesDependsOn)="
       C:\Program Files\dotnet\sdk\9.0.305\Sdks\Microsoft.NET.Sdk\targets\Microsoft.NET.Sdk.targets(1184,5): message :       
       C:\Program Files\dotnet\sdk\9.0.305\Sdks\Microsoft.NET.Sdk\targets\Microsoft.NET.Sdk.targets(1184,5): message :       ;
       C:\Program Files\dotnet\sdk\9.0.305\Sdks\Microsoft.NET.Sdk\targets\Microsoft.NET.Sdk.targets(1184,5): message :       _GenerateSatelliteAssemblyInputs;
       C:\Program Files\dotnet\sdk\9.0.305\Sdks\Microsoft.NET.Sdk\targets\Microsoft.NET.Sdk.targets(1184,5): message :       ComputeIntermediateSatelliteAssemblies;
       C:\Program Files\dotnet\sdk\9.0.305\Sdks\Microsoft.NET.Sdk\targets\Microsoft.NET.Sdk.targets(1184,5): message :       GenerateSatelliteAssemblies
       C:\Program Files\dotnet\sdk\9.0.305\Sdks\Microsoft.NET.Sdk\targets\Microsoft.NET.Sdk.targets(1184,5): message :     ;
       C:\Program Files\dotnet\sdk\9.0.305\Sdks\Microsoft.NET.Sdk\targets\Microsoft.NET.Sdk.targets(1184,5): message :       CoreGenerateSatelliteAssemblies
       C:\Program Files\dotnet\sdk\9.0.305\Sdks\Microsoft.NET.Sdk\targets\Microsoft.NET.Sdk.targets(1184,5): message :     " (previous value: "
       C:\Program Files\dotnet\sdk\9.0.305\Sdks\Microsoft.NET.Sdk\targets\Microsoft.NET.Sdk.targets(1184,5): message :       ;
       C:\Program Files\dotnet\sdk\9.0.305\Sdks\Microsoft.NET.Sdk\targets\Microsoft.NET.Sdk.targets(1184,5): message :       _GenerateSatelliteAssemblyInputs;
       C:\Program Files\dotnet\sdk\9.0.305\Sdks\Microsoft.NET.Sdk\targets\Microsoft.NET.Sdk.targets(1184,5): message :       ComputeIntermediateSatelliteAssemblies;
       C:\Program Files\dotnet\sdk\9.0.305\Sdks\Microsoft.NET.Sdk\targets\Microsoft.NET.Sdk.targets(1184,5): message :       GenerateSatelliteAssemblies
       C:\Program Files\dotnet\sdk\9.0.305\Sdks\Microsoft.NET.Sdk\targets\Microsoft.NET.Sdk.targets(1184,5): message :     ") at C:\Program Files\dotnet\sdk\9.0.305\Sdks\Microsoft.NET.Sdk\targets\Microsoft.NET.Sdk.targets (1184,5)
       C:\Program Files\dotnet\sdk\9.0.305\Sdks\Microsoft.SourceLink.GitLab\build\Microsoft.SourceLink.GitLab.targets(12,5): message : Property reassignment: $(SourceLinkUrlInitializerTargets)=";_InitializeGitHubSourceLinkUrl;_InitializeGitLabSourceLinkUrl" (previous value: ";_InitializeGitHubSourceLinkUrl") at C:\Program Files\dotnet\sdk\9.0.305\Sdks\Microsoft.SourceLink.GitLab\build\Microsoft.SourceLink.GitLab.targets (12,5)
       C:\Program Files\dotnet\sdk\9.0.305\Sdks\Microsoft.SourceLink.GitLab\build\Microsoft.SourceLink.GitLab.targets(13,5): message : Property reassignment: $(SourceControlManagerUrlTranslationTargets)=";TranslateGitHubUrlsInSourceControlInformation;TranslateGitLabUrlsInSourceControlInformation" (previous value: ";TranslateGitHubUrlsInSourceControlInformation") at C:\Program Files\dotnet\sdk\9.0.305\Sdks\Microsoft.SourceLink.GitLab\build\Microsoft.SourceLink.GitLab.targets (13,5)
       C:\Program Files\dotnet\sdk\9.0.305\Sdks\Microsoft.SourceLink.AzureRepos.Git\build\Microsoft.SourceLink.AzureRepos.Git.targets(12,5): message : Property reassignment: $(SourceLinkUrlInitializerTargets)=";_InitializeGitHubSourceLinkUrl;_InitializeGitLabSourceLinkUrl;_InitializeAzureReposGitSourceLinkUrl" (previous value: ";_InitializeGitHubSourceLinkUrl;_InitializeGitLabSourceLinkUrl") at C:\Program Files\dotnet\sdk\9.0.305\Sdks\Microsoft.SourceLink.AzureRepos.Git\build\Microsoft.SourceLink.AzureRepos.Git.targets (12,5)
       C:\Program Files\dotnet\sdk\9.0.305\Sdks\Microsoft.SourceLink.AzureRepos.Git\build\Microsoft.SourceLink.AzureRepos.Git.targets(13,5): message : Property reassignment: $(SourceControlManagerUrlTranslationTargets)=";TranslateGitHubUrlsInSourceControlInformation;TranslateGitLabUrlsInSourceControlInformation;TranslateAzureReposGitUrlsInSourceControlInformation" (previous value: ";TranslateGitHubUrlsInSourceControlInformation;TranslateGitLabUrlsInSourceControlInformation") at C:\Program Files\dotnet\sdk\9.0.305\Sdks\Microsoft.SourceLink.AzureRepos.Git\build\Microsoft.SourceLink.AzureRepos.Git.targets (13,5)
       C:\Program Files\dotnet\sdk\9.0.305\Sdks\Microsoft.SourceLink.Bitbucket.Git\build\Microsoft.SourceLink.Bitbucket.Git.targets(12,5): message : Property reassignment: $(SourceLinkUrlInitializerTargets)=";_InitializeGitHubSourceLinkUrl;_InitializeGitLabSourceLinkUrl;_InitializeAzureReposGitSourceLinkUrl;_InitializeBitbucketGitSourceLinkUrl" (previous value: ";_InitializeGitHubSourceLinkUrl;_InitializeGitLabSourceLinkUrl;_InitializeAzureReposGitSourceLinkUrl") at C:\Program Files\dotnet\sdk\9.0.305\Sdks\Microsoft.SourceLink.Bitbucket.Git\build\Microsoft.SourceLink.Bitbucket.Git.targets (12,5)
       C:\Program Files\dotnet\sdk\9.0.305\Sdks\Microsoft.SourceLink.Bitbucket.Git\build\Microsoft.SourceLink.Bitbucket.Git.targets(13,5): message : Property reassignment: $(SourceControlManagerUrlTranslationTargets)=";TranslateGitHubUrlsInSourceControlInformation;TranslateGitLabUrlsInSourceControlInformation;TranslateAzureReposGitUrlsInSourceControlInformation;TranslateBitbucketGitUrlsInSourceControlInformation" (previous value: ";TranslateGitHubUrlsInSourceControlInformation;TranslateGitLabUrlsInSourceControlInformation;TranslateAzureReposGitUrlsInSourceControlInformation") at C:\Program Files\dotnet\sdk\9.0.305\Sdks\Microsoft.SourceLink.Bitbucket.Git\build\Microsoft.SourceLink.Bitbucket.Git.targets (13,5)
       C:\Program Files\dotnet\sdk\9.0.305\Sdks\Microsoft.NET.Sdk\targets\Microsoft.NET.DesignerSupport.targets(21,5): message : Property reassignment: $(DesignerRuntimeImplementationProjectOutputGroupDependsOn)="
       C:\Program Files\dotnet\sdk\9.0.305\Sdks\Microsoft.NET.Sdk\targets\Microsoft.NET.DesignerSupport.targets(21,5): message :       
       C:\Program Files\dotnet\sdk\9.0.305\Sdks\Microsoft.NET.Sdk\targets\Microsoft.NET.DesignerSupport.targets(21,5): message :       ;
       C:\Program Files\dotnet\sdk\9.0.305\Sdks\Microsoft.NET.Sdk\targets\Microsoft.NET.DesignerSupport.targets(21,5): message :       
       C:\Program Files\dotnet\sdk\9.0.305\Sdks\Microsoft.NET.Sdk\targets\Microsoft.NET.DesignerSupport.targets(21,5): message :       ;
       C:\Program Files\dotnet\sdk\9.0.305\Sdks\Microsoft.NET.Sdk\targets\Microsoft.NET.DesignerSupport.targets(21,5): message :       BuildOnlySettings;
       C:\Program Files\dotnet\sdk\9.0.305\Sdks\Microsoft.NET.Sdk\targets\Microsoft.NET.DesignerSupport.targets(21,5): message :       PrepareForBuild;
       C:\Program Files\dotnet\sdk\9.0.305\Sdks\Microsoft.NET.Sdk\targets\Microsoft.NET.DesignerSupport.targets(21,5): message :       AssignTargetPaths;
       C:\Program Files\dotnet\sdk\9.0.305\Sdks\Microsoft.NET.Sdk\targets\Microsoft.NET.DesignerSupport.targets(21,5): message :       ResolveReferences
       C:\Program Files\dotnet\sdk\9.0.305\Sdks\Microsoft.NET.Sdk\targets\Microsoft.NET.DesignerSupport.targets(21,5): message :     
       C:\Program Files\dotnet\sdk\9.0.305\Sdks\Microsoft.NET.Sdk\targets\Microsoft.NET.DesignerSupport.targets(21,5): message :     ;
       C:\Program Files\dotnet\sdk\9.0.305\Sdks\Microsoft.NET.Sdk\targets\Microsoft.NET.DesignerSupport.targets(21,5): message :       _GenerateDesignerDepsFile;
       C:\Program Files\dotnet\sdk\9.0.305\Sdks\Microsoft.NET.Sdk\targets\Microsoft.NET.DesignerSupport.targets(21,5): message :       _GenerateDesignerRuntimeConfigFile;
       C:\Program Files\dotnet\sdk\9.0.305\Sdks\Microsoft.NET.Sdk\targets\Microsoft.NET.DesignerSupport.targets(21,5): message :       GetCopyToOutputDirectoryItems;
       C:\Program Files\dotnet\sdk\9.0.305\Sdks\Microsoft.NET.Sdk\targets\Microsoft.NET.DesignerSupport.targets(21,5): message :       _GatherDesignerShadowCopyFiles;
       C:\Program Files\dotnet\sdk\9.0.305\Sdks\Microsoft.NET.Sdk\targets\Microsoft.NET.DesignerSupport.targets(21,5): message :     " (previous value: "
       C:\Program Files\dotnet\sdk\9.0.305\Sdks\Microsoft.NET.Sdk\targets\Microsoft.NET.DesignerSupport.targets(21,5): message :       ;
       C:\Program Files\dotnet\sdk\9.0.305\Sdks\Microsoft.NET.Sdk\targets\Microsoft.NET.DesignerSupport.targets(21,5): message :       
       C:\Program Files\dotnet\sdk\9.0.305\Sdks\Microsoft.NET.Sdk\targets\Microsoft.NET.DesignerSupport.targets(21,5): message :       ;
       C:\Program Files\dotnet\sdk\9.0.305\Sdks\Microsoft.NET.Sdk\targets\Microsoft.NET.DesignerSupport.targets(21,5): message :       BuildOnlySettings;
       C:\Program Files\dotnet\sdk\9.0.305\Sdks\Microsoft.NET.Sdk\targets\Microsoft.NET.DesignerSupport.targets(21,5): message :       PrepareForBuild;
       C:\Program Files\dotnet\sdk\9.0.305\Sdks\Microsoft.NET.Sdk\targets\Microsoft.NET.DesignerSupport.targets(21,5): message :       AssignTargetPaths;
       C:\Program Files\dotnet\sdk\9.0.305\Sdks\Microsoft.NET.Sdk\targets\Microsoft.NET.DesignerSupport.targets(21,5): message :       ResolveReferences
       C:\Program Files\dotnet\sdk\9.0.305\Sdks\Microsoft.NET.Sdk\targets\Microsoft.NET.DesignerSupport.targets(21,5): message :     
       C:\Program Files\dotnet\sdk\9.0.305\Sdks\Microsoft.NET.Sdk\targets\Microsoft.NET.DesignerSupport.targets(21,5): message :     ") at C:\Program Files\dotnet\sdk\9.0.305\Sdks\Microsoft.NET.Sdk\targets\Microsoft.NET.DesignerSupport.targets (21,5)
       C:\Program Files\dotnet\sdk\9.0.305\Sdks\Microsoft.NET.Sdk\targets\Microsoft.NET.PackTool.targets(68,5): message : Property reassignment: $(_GenerateToolsSettingsFileCacheFile)="C:\Users\hisha\Documents\Bomberman\obj\Debug\net9.0\Bomberman.toolssettingsinput.cache" (previous value: "obj\Debug\net9.0\Bomberman.toolssettingsinput.cache") at C:\Program Files\dotnet\sdk\9.0.305\Sdks\Microsoft.NET.Sdk\targets\Microsoft.NET.PackTool.targets (68,5)
       C:\Program Files\dotnet\sdk\9.0.305\Sdks\Microsoft.NET.Sdk\targets\Microsoft.NET.PackTool.targets(137,5): message : Property reassignment: $(_ShimInputCacheFile)="C:\Users\hisha\Documents\Bomberman\obj\Debug\net9.0\Bomberman.shiminput.cache" (previous value: "obj\Debug\net9.0\Bomberman.shiminput.cache") at C:\Program Files\dotnet\sdk\9.0.305\Sdks\Microsoft.NET.Sdk\targets\Microsoft.NET.PackTool.targets (137,5)
       C:\Program Files\dotnet\sdk\9.0.305\Sdks\Microsoft.NET.Sdk\targets\Microsoft.NET.PackTool.targets(139,5): message : Property reassignment: $(_ShimCreatedSentinelFile)="C:\Users\hisha\Documents\Bomberman\obj\Debug\net9.0\Bomberman.shimcreated.sentinel" (previous value: "obj\Debug\net9.0\Bomberman.shimcreated.sentinel") at C:\Program Files\dotnet\sdk\9.0.305\Sdks\Microsoft.NET.Sdk\targets\Microsoft.NET.PackTool.targets (139,5)
       C:\Program Files\dotnet\sdk\9.0.305\Sdks\Microsoft.NET.Sdk\targets\Microsoft.NET.Sdk.CSharp.targets(31,5): message : Property reassignment: $(DefineConstants)="TRACE;DEBUG" (previous value: "TRACE") at C:\Program Files\dotnet\sdk\9.0.305\Sdks\Microsoft.NET.Sdk\targets\Microsoft.NET.Sdk.CSharp.targets (31,5)
       C:\Program Files\dotnet\sdk\9.0.305\Sdks\Microsoft.NET.Sdk\targets\Microsoft.NET.Sdk.CSharp.targets(34,5): message : Property reassignment: $(DefineConstants)="TRACE;DEBUG;NET;NET9_0;NETCOREAPP" (previous value: "TRACE;DEBUG") at C:\Program Files\dotnet\sdk\9.0.305\Sdks\Microsoft.NET.Sdk\targets\Microsoft.NET.Sdk.CSharp.targets (34,5)
       C:\Program Files\dotnet\sdk\9.0.305\Sdks\Microsoft.NET.Sdk\targets\Microsoft.NET.Sdk.CSharp.targets(48,5): message : Property reassignment: $(WarningsAsErrors)=";NU1605;SYSLIB0011" (previous value: ";NU1605") at C:\Program Files\dotnet\sdk\9.0.305\Sdks\Microsoft.NET.Sdk\targets\Microsoft.NET.Sdk.CSharp.targets (48,5)
       C:\Program Files\dotnet\sdk\9.0.305\Sdks\NuGet.Build.Tasks.Pack\build\NuGet.Build.Tasks.Pack.targets(34,5): message : Property reassignment: $(PackageDescription)="Package Description" (previous value: "") at C:\Program Files\dotnet\sdk\9.0.305\Sdks\NuGet.Build.Tasks.Pack\build\NuGet.Build.Tasks.Pack.targets (34,5)
       C:\Program Files\dotnet\sdk\9.0.305\Sdks\NuGet.Build.Tasks.Pack\build\NuGet.Build.Tasks.Pack.targets(59,5): message : Property reassignment: $(GenerateNuspecDependsOn)="Build;_LoadPackInputItems; _GetTargetFrameworksOutput; _WalkEachTargetPerFramework; _GetPackageFiles; " (previous value: "_LoadPackInputItems; _GetTargetFrameworksOutput; _WalkEachTargetPerFramework; _GetPackageFiles; ") at C:\Program Files\dotnet\sdk\9.0.305\Sdks\NuGet.Build.Tasks.Pack\build\NuGet.Build.Tasks.Pack.targets (59,5)
       C:\Program Files\dotnet\sdk\9.0.305\Sdks\Microsoft.NET.Sdk\Sdk\Sdk.targets(60,5): message : Property reassignment: $(_IsNotSetContainersTargetsDir)="true" (previous value: "false") at C:\Program Files\dotnet\sdk\9.0.305\Sdks\Microsoft.NET.Sdk\Sdk\Sdk.targets (60,5)
       C:\Program Files\dotnet\sdk\9.0.305\Containers\build\Microsoft.NET.Build.Containers.targets(5,5): message : Property reassignment: $(_IsSDKContainerAllowedVersion)="true" (previous value: "false") at C:\Program Files\dotnet\sdk\9.0.305\Containers\build\Microsoft.NET.Build.Containers.targets (5,5)
       C:\Program Files\dotnet\sdk\9.0.305\Containers\build\Microsoft.NET.Build.Containers.targets(15,5): message : Property reassignment: $(_ContainerIsTargetingNet8TFM)="true" (previous value: "false") at C:\Program Files\dotnet\sdk\9.0.305\Containers\build\Microsoft.NET.Build.Containers.targets (15,5)
       Overriding target "ResolveFrameworkReferences" in project "C:\Program Files\dotnet\sdk\9.0.305\Microsoft.Common.CurrentVersion.targets" with target "ResolveFrameworkReferences" from project "C:\Program Files\dotnet\sdk\9.0.305\Sdks\Microsoft.NET.Sdk\targets\Microsoft.NET.Sdk.FrameworkReferenceResolution.targets".
       Overriding target "Run" in project "C:\Program Files\dotnet\sdk\9.0.305\Microsoft.Common.CurrentVersion.targets" with target "Run" from project "C:\Program Files\dotnet\sdk\9.0.305\Sdks\Microsoft.NET.Sdk\targets\Microsoft.NET.Sdk.targets".
       Overriding target "GenerateSupportedTargetFrameworkAlias" in project "C:\Program Files\dotnet\sdk\9.0.305\Microsoft.Common.CurrentVersion.targets" with target "GenerateSupportedTargetFrameworkAlias" from project "C:\Program Files\dotnet\sdk\9.0.305\Sdks\Microsoft.NET.Sdk\targets\Microsoft.NET.Sdk.targets".
       Overriding target "GetReferenceAssemblyPaths" in project "C:\Program Files\dotnet\sdk\9.0.305\Microsoft.Common.CurrentVersion.targets" with target "GetReferenceAssemblyPaths" from project "C:\Program Files\dotnet\sdk\9.0.305\Sdks\Microsoft.NET.Sdk\targets\Microsoft.NET.DisableStandardFrameworkResolution.targets".
       Overriding target "GetFrameworkPaths" in project "C:\Program Files\dotnet\sdk\9.0.305\Microsoft.Common.CurrentVersion.targets" with target "GetFrameworkPaths" from project "C:\Program Files\dotnet\sdk\9.0.305\Sdks\Microsoft.NET.Sdk\targets\Microsoft.NET.DisableStandardFrameworkResolution.targets".
       Overriding target "DesignerRuntimeImplementationProjectOutputGroup" in project "C:\Program Files\dotnet\sdk\9.0.305\Microsoft.Common.CurrentVersion.targets" with target "DesignerRuntimeImplementationProjectOutputGroup" from project "C:\Program Files\dotnet\sdk\9.0.305\Sdks\Microsoft.NET.Sdk\targets\Microsoft.NET.DesignerSupport.targets".
       Overriding target "Publish" in project "C:\Program Files\dotnet\sdk\9.0.305\Microsoft.Common.CurrentVersion.targets" with target "Publish" from project "C:\Program Files\dotnet\sdk\9.0.305\Sdks\Microsoft.NET.Sdk\targets\Microsoft.NET.Publish.targets".
       Overriding target "ResolveReadyToRunCompilers" in project "C:\Program Files\dotnet\sdk\9.0.305\Sdks\Microsoft.NET.Sdk\targets\Microsoft.NET.CrossGen.targets" with target "ResolveReadyToRunCompilers" from project "C:\Program Files\dotnet\sdk\9.0.305\Sdks\Microsoft.NET.Sdk\targets\Microsoft.NET.Publish.targets".
       Overriding target "GetCopyToPublishDirectoryItems" in project "C:\Program Files\dotnet\sdk\9.0.305\Microsoft.Common.CurrentVersion.targets" with target "GetCopyToPublishDirectoryItems" from project "C:\Program Files\dotnet\sdk\9.0.305\Sdks\Microsoft.NET.Sdk\targets\Microsoft.NET.Publish.targets".
     1>Project "C:\Users\hisha\Documents\Bomberman\Bomberman.csproj" (1) is building "C:\Users\hisha\Documents\Bomberman\Bomberman.csproj" (1:2) on node 1 (_IsProjectRestoreSupported target(s)).
   1:2>Target "_IsProjectRestoreSupported" in file "C:\Program Files\dotnet\sdk\9.0.305\NuGet.targets" from project "C:\Users\hisha\Documents\Bomberman\Bomberman.csproj" (entry point):
   1:2>Done building target "_IsProjectRestoreSupported" in project "Bomberman.csproj".
   1:2>Done Building Project "C:\Users\hisha\Documents\Bomberman\Bomberman.csproj" (_IsProjectRestoreSupported target(s)).
     1>Done executing task "MSBuild".
       Task "MSBuild" skipped, due to false condition; ( '$(RestoreUseSkipNonexistentTargets)' != 'true' ) was evaluated as ( 'true' != 'true' ).
       Assembly loaded during TaskRun: NuGet.Build.Tasks, Version=6.14.0.116, Culture=neutral, PublicKeyToken=31bf3856ad364e35 (location: C:\Program Files\dotnet\sdk\9.0.305\NuGet.Build.Tasks.dll, MVID: c545d64d-0cbb-4fc0-971c-b5c1c1e75cf3, AssemblyLoadContext: MSBuild plugin C:\Program Files\dotnet\sdk\9.0.305\NuGet.Build.Tasks.dll)
       Assembly loaded during TaskRun: NuGet.Common, Version=6.14.0.116, Culture=neutral, PublicKeyToken=31bf3856ad364e35 (location: C:\Program Files\dotnet\sdk\9.0.305\NuGet.Common.dll, MVID: 0fbb79ae-e358-4591-bc91-e34371a3d05b, AssemblyLoadContext: MSBuild plugin C:\Program Files\dotnet\sdk\9.0.305\NuGet.Build.Tasks.dll)
       Assembly loaded during TaskRun: NuGet.Commands, Version=6.14.0.116, Culture=neutral, PublicKeyToken=31bf3856ad364e35 (location: C:\Program Files\dotnet\sdk\9.0.305\NuGet.Commands.dll, MVID: e743f127-1013-45a0-a669-058903e72acf, AssemblyLoadContext: MSBuild plugin C:\Program Files\dotnet\sdk\9.0.305\NuGet.Build.Tasks.dll)
       Assembly loaded during TaskRun: NuGet.ProjectModel, Version=6.14.0.116, Culture=neutral, PublicKeyToken=31bf3856ad364e35 (location: C:\Program Files\dotnet\sdk\9.0.305\NuGet.ProjectModel.dll, MVID: 08d0df58-191b-4580-9b46-c281ab5b9b36, AssemblyLoadContext: MSBuild plugin C:\Program Files\dotnet\sdk\9.0.305\NuGet.Build.Tasks.dll)
       Using "WarnForInvalidProjectsTask" task from assembly "C:\Program Files\dotnet\sdk\9.0.305\NuGet.Build.Tasks.dll".
       Task "WarnForInvalidProjectsTask"
       Done executing task "WarnForInvalidProjectsTask".
     1>Done building target "_FilterRestoreGraphProjectInputItems" in project "Bomberman.csproj".
       Target "_FilterRestoreGraphProjectInputItems" skipped. Previously built successfully.
     1>Target "_GetAllRestoreProjectPathItems" in file "C:\Program Files\dotnet\sdk\9.0.305\NuGet.targets" from project "C:\Users\hisha\Documents\Bomberman\Bomberman.csproj" (target "_GenerateRestoreGraph" depends on it):
       Using "NuGetMessageTask" task from assembly "C:\Program Files\dotnet\sdk\9.0.305\NuGet.Build.Tasks.dll".
       Task "NuGetMessageTask"
         Determining projects to restore...
       Done executing task "NuGetMessageTask".
       Task "MSBuild"
         Global Properties:
           ExcludeRestorePackageImports=true
     1>Project "C:\Users\hisha\Documents\Bomberman\Bomberman.csproj" (1) is building "C:\Users\hisha\Documents\Bomberman\Bomberman.csproj" (1:3) on node 1 (_GenerateRestoreProjectPathWalk target(s)).
   1:3>Target "_GenerateRestoreProjectPathItemsAllFrameworks" skipped, due to false condition; ( '$(TargetFrameworks)' != '' ) was evaluated as ( '' != '' ).
   1:3>Target "_GenerateRestoreProjectPathItemsPerFramework" in file "C:\Program Files\dotnet\sdk\9.0.305\NuGet.targets" from project "C:\Users\hisha\Documents\Bomberman\Bomberman.csproj" (target "_GenerateRestoreProjectPathItemsCurrentProject" depends on it):
       Using "ConvertToAbsolutePath" task from assembly "Microsoft.Build.Tasks.Core, Version=15.1.0.0, Culture=neutral, PublicKeyToken=b03f5f7f11d50a3a".
       Task "ConvertToAbsolutePath"
       Done executing task "ConvertToAbsolutePath".
   1:3>Done building target "_GenerateRestoreProjectPathItemsPerFramework" in project "Bomberman.csproj".
   1:3>Target "_GenerateRestoreProjectPathItemsCurrentProject" in file "C:\Program Files\dotnet\sdk\9.0.305\NuGet.targets" from project "C:\Users\hisha\Documents\Bomberman\Bomberman.csproj" (target "_GenerateRestoreProjectPathItems" depends on it):
   1:3>Done building target "_GenerateRestoreProjectPathItemsCurrentProject" in project "Bomberman.csproj".
   1:3>Target "_GenerateRestoreProjectPathItems" in file "C:\Program Files\dotnet\sdk\9.0.305\NuGet.targets" from project "C:\Users\hisha\Documents\Bomberman\Bomberman.csproj" (target "_GenerateRestoreProjectPathWalk" depends on it):
       Task "RemoveDuplicates"
       Done executing task "RemoveDuplicates".
   1:3>Done building target "_GenerateRestoreProjectPathItems" in project "Bomberman.csproj".
   1:3>Target "_GenerateRestoreProjectPathWalk" in file "C:\Program Files\dotnet\sdk\9.0.305\NuGet.targets" from project "C:\Users\hisha\Documents\Bomberman\Bomberman.csproj" (entry point):
       Task "MSBuild"
       Done executing task "MSBuild".
       Task "MSBuild" skipped, due to false condition; ( '$(RestoreUseSkipNonexistentTargets)' != 'true' ) was evaluated as ( 'true' != 'true' ).
       Task "RemoveDuplicates"
       Done executing task "RemoveDuplicates".
   1:3>Done building target "_GenerateRestoreProjectPathWalk" in project "Bomberman.csproj".
   1:3>Done Building Project "C:\Users\hisha\Documents\Bomberman\Bomberman.csproj" (_GenerateRestoreProjectPathWalk target(s)).
     1>Done executing task "MSBuild".
       Task "MSBuild" skipped, due to false condition; ( '$(RestoreUseSkipNonexistentTargets)' != 'true' ) was evaluated as ( 'true' != 'true' ).
       Task "RemoveDuplicates"
       Done executing task "RemoveDuplicates".
       Task "MSBuild"
         Global Properties:
           ExcludeRestorePackageImports=true
     1>Project "C:\Users\hisha\Documents\Bomberman\Bomberman.csproj" (1) is building "C:\Users\hisha\Documents\Bomberman\Bomberman.csproj" (1:4) on node 1 (_IsProjectRestoreSupported target(s)).
   1:4>Target "_IsProjectRestoreSupported" skipped. Previously built successfully.
   1:4>Done Building Project "C:\Users\hisha\Documents\Bomberman\Bomberman.csproj" (_IsProjectRestoreSupported target(s)).
     1>Done executing task "MSBuild".
       Task "MSBuild" skipped, due to false condition; ( '$(RestoreUseSkipNonexistentTargets)' != 'true' ) was evaluated as ( 'true' != 'true' ).
     1>Done building target "_GetAllRestoreProjectPathItems" in project "Bomberman.csproj".
     1>Target "_GenerateRestoreGraph" in file "C:\Program Files\dotnet\sdk\9.0.305\NuGet.targets" from project "C:\Users\hisha\Documents\Bomberman\Bomberman.csproj" (target "Restore" depends on it):
       Using "Message" task from assembly "Microsoft.Build.Tasks.Core, Version=15.1.0.0, Culture=neutral, PublicKeyToken=b03f5f7f11d50a3a".
       Task "Message"
         Generating dg file
       Done executing task "Message".
       Task "Message"
         C:\Users\hisha\Documents\Bomberman\Bomberman.csproj
       Done executing task "Message".
       Task "MSBuild"
         Global Properties:
           ExcludeRestorePackageImports=true
     1>Project "C:\Users\hisha\Documents\Bomberman\Bomberman.csproj" (1) is building "C:\Users\hisha\Documents\Bomberman\Bomberman.csproj" (1:5) on node 1 (_GenerateRestoreGraphProjectEntry target(s)).
   1:5>Target "_GetProjectJsonPath" in file "C:\Program Files\dotnet\sdk\9.0.305\NuGet.targets" from project "C:\Users\hisha\Documents\Bomberman\Bomberman.csproj" (target "_GetRestoreProjectStyle" depends on it):
   1:5>Task "GetRestoreProjectJsonPathTask" skipped, due to false condition; ( '$(RestoreProjectStyle)' == 'ProjectJson' OR '$(RestoreProjectStyle)' == '' ) was evaluated as ( 'PackageReference' == 'ProjectJson' OR 'PackageReference' == '' ).
   1:5>Done building target "_GetProjectJsonPath" in project "Bomberman.csproj".
       Target "_CheckForUnsupportedTargetPlatformIdentifier" skipped, due to false condition; ('$(TargetPlatformIdentifier)' != '' and '$(TargetFrameworkIdentifier)' == '.NETCoreApp' and $([MSBuild]::VersionGreaterThanOrEquals($(TargetFrameworkVersion), 5.0)) And ('$(DesignTimeBuild)' != 'true' Or '@(MissingWorkloadPack)' == '')) was evaluated as ('' != '' and '.NETCoreApp' == '.NETCoreApp' and True And ('' != 'true' Or '' == '')).
       Target "_CheckForMissingWorkload" skipped, due to false condition; ('@(MissingWorkloadPack)' != '' And '$(DesignTimeBuild)' != 'true') was evaluated as ('' != '' And '' != 'true').
   1:5>Target "_CheckForUnsupportedNETCoreVersion" in file "C:\Program Files\dotnet\sdk\9.0.305\Sdks\Microsoft.NET.Sdk\targets\Microsoft.NET.TargetFrameworkInference.targets" from project "C:\Users\hisha\Documents\Bomberman\Bomberman.csproj" (target "CollectPackageReferences" depends on it):
       Task "NETSdkError" skipped, due to false condition; ('$(_TargetFrameworkVersionWithoutV)' > '$(NETCoreAppMaximumVersion)' and '$(DisplayVSMessage)' != 'true') was evaluated as ('9.0' > '9.0' and '' != 'true').
       Task "NETSdkError" skipped, due to false condition; ('$(DisplayVSMessage)' == 'true') was evaluated as ('' == 'true').
   1:5>Done building target "_CheckForUnsupportedNETCoreVersion" in project "Bomberman.csproj".
       Target "_CheckForEolTargetFrameworks" skipped, due to false condition; ('@(_EolNetCoreTargetFrameworkVersions->AnyHaveMetadataValue('Identity', '$(_TargetFrameworkVersionWithoutV)'))' and '$(TargetFrameworkIdentifier)' == '.NETCoreApp' and '$(CheckEolTargetFramework)' == 'true') was evaluated as ('false' and '.NETCoreApp' == '.NETCoreApp' and 'true' == 'true').
       Target "_CheckForEolWorkloads" skipped, due to false condition; ('@(EolWorkload)' != '' and '$(CheckEolWorkloads)' == 'true') was evaluated as ('' != '' and 'true' == 'true').
       Target "_CheckForNotRecommendedNETStandardVersion" skipped, due to false condition; ('$(TargetFrameworkIdentifier)' == '.NETStandard' and $([MSBuild]::VersionLessThan($(TargetFrameworkVersion), '2.0'))) was evaluated as ('.NETCoreApp' == '.NETStandard' and False).
   1:5>Target "_CheckForUnsupportedCppNETCoreVersion" in file "C:\Program Files\dotnet\sdk\9.0.305\Sdks\Microsoft.NET.Sdk\targets\Microsoft.NET.TargetFrameworkInference.targets" from project "C:\Users\hisha\Documents\Bomberman\Bomberman.csproj" (target "CollectPackageReferences" depends on it):
       Task "NETSdkError" skipped, due to false condition; ('$(TargetFrameworkIdentifier)' == '.NETCoreApp' and '$(_TargetFrameworkVersionWithoutV)' < '3.1' and ('$(Language)' == 'C++' and '$(_EnablePackageReferencesInVCProjects)' != 'true')) was evaluated as ('.NETCoreApp' == '.NETCoreApp' and '9.0' < '3.1' and ('C#' == 'C++' and '' != 'true')).
   1:5>Done building target "_CheckForUnsupportedCppNETCoreVersion" in project "Bomberman.csproj".
       Target "_CheckForUnsupportedNETStandardVersion" skipped, due to false condition; ('$(TargetFrameworkIdentifier)' == '.NETStandard' And '$(NETStandardMaximumVersion)' != '') was evaluated as ('.NETCoreApp' == '.NETStandard' And '' != '').
       Target "_CheckForUnsupportedTargetFrameworkAndFeatureCombination" skipped, due to false condition; ('$(TargetFrameworkIdentifier)' == '.NETFramework') was evaluated as ('.NETCoreApp' == '.NETFramework').
   1:5>Target "UpdateAspNetToFrameworkReference" in file "C:\Program Files\dotnet\sdk\9.0.305\Sdks\Microsoft.NET.Sdk\targets\Microsoft.NET.Sdk.DefaultItems.Shared.targets" from project "C:\Users\hisha\Documents\Bomberman\Bomberman.csproj" (target "ApplyImplicitVersions" depends on it):
       Using "CheckIfPackageReferenceShouldBeFrameworkReference" task from assembly "C:\Program Files\dotnet\sdk\9.0.305\Sdks\Microsoft.NET.Sdk\targets\..\tools\net9.0\Microsoft.NET.Build.Tasks.dll".
       Task "CheckIfPackageReferenceShouldBeFrameworkReference"
       Done executing task "CheckIfPackageReferenceShouldBeFrameworkReference".
       Task "NETSdkError" skipped, due to false condition; ('$(_ShouldRemoveAspNetCoreAll)' == 'true') was evaluated as ('False' == 'true').
       Task "CheckIfPackageReferenceShouldBeFrameworkReference"
       Done executing task "CheckIfPackageReferenceShouldBeFrameworkReference".
       Task "NETSdkWarning" skipped, due to false condition; ('$(_ShouldRemoveAspNetCoreApp)' == 'true') was evaluated as ('False' == 'true').
   1:5>Done building target "UpdateAspNetToFrameworkReference" in project "Bomberman.csproj".
       Target "IncludeTargetingPackReference" skipped, due to false condition; ('$(TargetFrameworkMoniker)' != '' and '$(TargetFrameworkIdentifier)' == '.NETFramework' and '$(AutomaticallyUseReferenceAssemblyPackages)' == 'true') was evaluated as ('.NETCoreApp,Version=v9.0' != '' and '.NETCoreApp' == '.NETFramework' and 'true' == 'true').
   1:5>Target "CheckForImplicitPackageReferenceOverrides" in file "C:\Program Files\dotnet\sdk\9.0.305\Sdks\Microsoft.NET.Sdk\targets\Microsoft.NET.Sdk.DefaultItems.Shared.targets" from project "C:\Users\hisha\Documents\Bomberman\Bomberman.csproj" (target "ApplyImplicitVersions" depends on it):
       Using "CheckForImplicitPackageReferenceOverrides" task from assembly "C:\Program Files\dotnet\sdk\9.0.305\Sdks\Microsoft.NET.Sdk\targets\..\tools\net9.0\Microsoft.NET.Build.Tasks.dll".
       Task "CheckForImplicitPackageReferenceOverrides"
       Done executing task "CheckForImplicitPackageReferenceOverrides".
   1:5>Done building target "CheckForImplicitPackageReferenceOverrides" in project "Bomberman.csproj".
   1:5>Target "ApplyImplicitVersions" in file "C:\Program Files\dotnet\sdk\9.0.305\Sdks\Microsoft.NET.Sdk\targets\Microsoft.NET.Sdk.DefaultItems.Shared.targets" from project "C:\Users\hisha\Documents\Bomberman\Bomberman.csproj" (target "CollectPackageReferences" depends on it):
       Using "ApplyImplicitVersions" task from assembly "C:\Program Files\dotnet\sdk\9.0.305\Sdks\Microsoft.NET.Sdk\targets\..\tools\net9.0\Microsoft.NET.Build.Tasks.dll".
       Task "ApplyImplicitVersions"
       Done executing task "ApplyImplicitVersions".
   1:5>Done building target "ApplyImplicitVersions" in project "Bomberman.csproj".
       Target "CheckForImplicitPackageReferenceOverrides" skipped. Previously built successfully.
       Target "AddWindowsSdkKnownFrameworkReferences" skipped, due to false condition; ('$(TargetFrameworkIdentifier)' == '.NETCoreApp' And '$(TargetPlatformIdentifier)' == 'Windows'
                            And ('$(Language)' != 'C++' Or '$(IncludeWindowsSDKRefFrameworkReferences)' == 'true')) was evaluated as ('.NETCoreApp' == '.NETCoreApp' And '' == 'Windows'
                            And ('C#' != 'C++' Or '' == 'true')).
       Target "_NormalizeTargetPlatformVersion" skipped, due to false condition; ('$(TargetPlatformVersion)' != '' and '$(TargetFrameworkIdentifier)' == '.NETCoreApp' and $([MSBuild]::VersionGreaterThanOrEquals($(TargetFrameworkVersion), 5.0)) and ('$(Language)' != 'C++' or '$(_EnablePackageReferencesInVCProjects)' == 'true')) was evaluated as ('' != '' and '.NETCoreApp' == '.NETCoreApp' and True and ('C#' != 'C++' or '' == 'true')).
   1:5>Target "_CheckForLanguageAndFeatureCombinationSupport" in file "C:\Program Files\dotnet\sdk\9.0.305\Sdks\Microsoft.NET.Sdk\targets\Microsoft.NET.RuntimeIdentifierInference.targets" from project "C:\Users\hisha\Documents\Bomberman\Bomberman.csproj" (target "ProcessFrameworkReferences" depends on it):
       Task "NETSdkError" skipped, due to false condition; (('$(Language)' == 'C++' and '$(_EnablePackageReferencesInVCProjects)' != 'true') and $(OutputType) != 'library' and '$(TargetFrameworkIdentifier)' == '.NETCoreApp') was evaluated as (('C#' == 'C++' and '' != 'true') and Exe != 'library' and '.NETCoreApp' == '.NETCoreApp').
       Task "NETSdkError" skipped, due to false condition; (('$(Language)' == 'C++' and '$(_EnablePackageReferencesInVCProjects)' != 'true') and $(EnableComHosting) == 'true') was evaluated as (('C#' == 'C++' and '' != 'true') and  == 'true').
       Task "NETSdkError" skipped, due to false condition; (('$(Language)' == 'C++' and '$(_EnablePackageReferencesInVCProjects)' != 'true') and $(SelfContained) == 'true') was evaluated as (('C#' == 'C++' and '' != 'true') and false == 'true').
   1:5>Done building target "_CheckForLanguageAndFeatureCombinationSupport" in project "Bomberman.csproj".
   1:5>Target "_ComputeToolPackInputsToProcessFrameworkReferences" in file "C:\Program Files\dotnet\sdk\9.0.305\Sdks\Microsoft.NET.Sdk\targets\Microsoft.NET.Publish.targets" from project "C:\Users\hisha\Documents\Bomberman\Bomberman.csproj" (target "ProcessFrameworkReferences" depends on it):
   1:5>Done building target "_ComputeToolPackInputsToProcessFrameworkReferences" in project "Bomberman.csproj".
   1:5>Target "ProcessFrameworkReferences" in file "C:\Program Files\dotnet\sdk\9.0.305\Sdks\Microsoft.NET.Sdk\targets\Microsoft.NET.Sdk.FrameworkReferenceResolution.targets" from project "C:\Users\hisha\Documents\Bomberman\Bomberman.csproj" (target "CollectPackageReferences" depends on it):
       Using "CheckForDuplicateFrameworkReferences" task from assembly "C:\Program Files\dotnet\sdk\9.0.305\Sdks\Microsoft.NET.Sdk\targets\..\tools\net9.0\Microsoft.NET.Build.Tasks.dll".
       Task "CheckForDuplicateFrameworkReferences"
       Done executing task "CheckForDuplicateFrameworkReferences".
       Using "ProcessFrameworkReferences" task from assembly "C:\Program Files\dotnet\sdk\9.0.305\Sdks\Microsoft.NET.Sdk\targets\..\tools\net9.0\Microsoft.NET.Build.Tasks.dll".
       Task "ProcessFrameworkReferences"
       Done executing task "ProcessFrameworkReferences".
       Using "ResolveAppHosts" task from assembly "C:\Program Files\dotnet\sdk\9.0.305\Sdks\Microsoft.NET.Sdk\targets\..\tools\net9.0\Microsoft.NET.Build.Tasks.dll".
       Task "ResolveAppHosts"
       Done executing task "ResolveAppHosts".
   1:5>Done building target "ProcessFrameworkReferences" in project "Bomberman.csproj".
       Target "IncludeTargetingPackReference" skipped, due to false condition; ('$(TargetFrameworkMoniker)' != '' and '$(TargetFrameworkIdentifier)' == '.NETFramework' and '$(AutomaticallyUseReferenceAssemblyPackages)' == 'true') was evaluated as ('.NETCoreApp,Version=v9.0' != '' and '.NETCoreApp' == '.NETFramework' and 'true' == 'true').
       Target "_CheckMicrosoftNetCompilersToolsetFrameworkPackageReference" skipped, due to false condition; ('$(MSBuildRuntimeType)' == 'Full') was evaluated as ('Core' == 'Full').
   1:5>Target "_CheckForObsoleteDotNetCliToolReferences" in file "C:\Program Files\dotnet\sdk\9.0.305\Sdks\Microsoft.NET.Sdk\targets\Microsoft.NET.ObsoleteReferences.targets" from project "C:\Users\hisha\Documents\Bomberman\Bomberman.csproj" (target "CollectPackageReferences" depends on it):
       Task "NETSdkWarning" skipped, due to false condition; ( '%(_ReferenceToObsoleteDotNetCliTool.Identity)' != '' ) was evaluated as ( '' != '' ).
   1:5>Done building target "_CheckForObsoleteDotNetCliToolReferences" in project "Bomberman.csproj".
   1:5>Target "CollectPackageReferences" in file "C:\Program Files\dotnet\sdk\9.0.305\NuGet.targets" from project "C:\Users\hisha\Documents\Bomberman\Bomberman.csproj" (target "_GetRestoreProjectStyle" depends on it):
       Using "CheckForDuplicateNuGetItemsTask" task from assembly "C:\Program Files\dotnet\sdk\9.0.305\NuGet.Build.Tasks.dll".
       Task "CheckForDuplicateNuGetItemsTask"
       Done executing task "CheckForDuplicateNuGetItemsTask".
   1:5>Done building target "CollectPackageReferences" in project "Bomberman.csproj".
   1:5>Target "_GetRestoreProjectStyle" in file "C:\Program Files\dotnet\sdk\9.0.305\NuGet.targets" from project "C:\Users\hisha\Documents\Bomberman\Bomberman.csproj" (target "_GenerateRestoreSpecs" depends on it):
       Using "GetRestoreProjectStyleTask" task from assembly "C:\Program Files\dotnet\sdk\9.0.305\NuGet.Build.Tasks.dll".
       Task "GetRestoreProjectStyleTask"
       Done executing task "GetRestoreProjectStyleTask".
   1:5>Done building target "_GetRestoreProjectStyle" in project "Bomberman.csproj".
   1:5>Target "_GenerateRestoreSpecs" in file "C:\Program Files\dotnet\sdk\9.0.305\NuGet.targets" from project "C:\Users\hisha\Documents\Bomberman\Bomberman.csproj" (target "_GenerateRestoreGraphProjectEntry" depends on it):
       Task "Message"
         Restore entry point C:\Users\hisha\Documents\Bomberman\Bomberman.csproj
       Done executing task "Message".
   1:5>Done building target "_GenerateRestoreSpecs" in project "Bomberman.csproj".
   1:5>Target "_GetRestoreSettingsOverrides" in file "C:\Program Files\dotnet\sdk\9.0.305\NuGet.targets" from project "C:\Users\hisha\Documents\Bomberman\Bomberman.csproj" (target "_GetRestoreSettings" depends on it):
       Task "MSBuild" skipped, due to false condition; ( '$(RestorePackagesPath)' != '' ) was evaluated as ( '' != '' ).
       Task "MSBuild" skipped, due to false condition; ( '$(RestoreRepositoryPathOverride)' != '' ) was evaluated as ( '' != '' ).
       Task "MSBuild" skipped, due to false condition; ( '$(RestoreSources)' != '' ) was evaluated as ( '' != '' ).
       Task "MSBuild" skipped, due to false condition; ( '$(RestoreFallbackFolders)' != '' ) was evaluated as ( '' != '' ).
   1:5>Done building target "_GetRestoreSettingsOverrides" in project "Bomberman.csproj".
   1:5>Target "_GetRestoreSettingsPerFramework" in file "C:\Program Files\dotnet\sdk\9.0.305\NuGet.targets" from project "C:\Users\hisha\Documents\Bomberman\Bomberman.csproj" (target "_GetRestoreSettingsCurrentProject" depends on it):
   1:5>Done building target "_GetRestoreSettingsPerFramework" in project "Bomberman.csproj".
   1:5>Target "_GetRestoreSettingsCurrentProject" in file "C:\Program Files\dotnet\sdk\9.0.305\NuGet.targets" from project "C:\Users\hisha\Documents\Bomberman\Bomberman.csproj" (target "_GetRestoreSettings" depends on it):
   1:5>Done building target "_GetRestoreSettingsCurrentProject" in project "Bomberman.csproj".
       Target "_GetRestoreSettingsAllFrameworks" skipped, due to false condition; ( '$(TargetFrameworks)' != '' AND '$(PackageReferenceCompatibleProjectStyle)' == 'true' ) was evaluated as ( '' != '' AND 'True' == 'true' ).
   1:5>Target "_GetRestoreSettings" in file "C:\Program Files\dotnet\sdk\9.0.305\NuGet.targets" from project "C:\Users\hisha\Documents\Bomberman\Bomberman.csproj" (target "_GenerateDotnetCliToolReferenceSpecs" depends on it):
       Using "GetRestoreSettingsTask" task from assembly "C:\Program Files\dotnet\sdk\9.0.305\NuGet.Build.Tasks.dll".
       Task "GetRestoreSettingsTask"
         Assembly loaded during TaskRun (NuGet.Build.Tasks.GetRestoreSettingsTask): NuGet.Configuration, Version=6.14.0.116, Culture=neutral, PublicKeyToken=31bf3856ad364e35 (location: C:\Program Files\dotnet\sdk\9.0.305\NuGet.Configuration.dll, MVID: b0f2e3cc-b478-45a0-a863-e83c6e00406f, AssemblyLoadContext: MSBuild plugin C:\Program Files\dotnet\sdk\9.0.305\NuGet.Build.Tasks.dll)
       Done executing task "GetRestoreSettingsTask".
   1:5>Done building target "_GetRestoreSettings" in project "Bomberman.csproj".
   1:5>Target "_GenerateDotnetCliToolReferenceSpecs" in file "C:\Program Files\dotnet\sdk\9.0.305\NuGet.targets" from project "C:\Users\hisha\Documents\Bomberman\Bomberman.csproj" (target "_GenerateRestoreGraphProjectEntry" depends on it):
       Using "GetRestoreDotnetCliToolsTask" task from assembly "C:\Program Files\dotnet\sdk\9.0.305\NuGet.Build.Tasks.dll".
       Task "GetRestoreDotnetCliToolsTask"
       Done executing task "GetRestoreDotnetCliToolsTask".
   1:5>Done building target "_GenerateDotnetCliToolReferenceSpecs" in project "Bomberman.csproj".
   1:5>Target "_GenerateRestoreGraphProjectEntry" in file "C:\Program Files\dotnet\sdk\9.0.305\NuGet.targets" from project "C:\Users\hisha\Documents\Bomberman\Bomberman.csproj" (entry point):
   1:5>Done building target "_GenerateRestoreGraphProjectEntry" in project "Bomberman.csproj".
   1:5>Done Building Project "C:\Users\hisha\Documents\Bomberman\Bomberman.csproj" (_GenerateRestoreGraphProjectEntry target(s)).
     1>Done executing task "MSBuild".
       Task "MSBuild"
         Global Properties:
           ExcludeRestorePackageImports=true
     1>Project "C:\Users\hisha\Documents\Bomberman\Bomberman.csproj" (1) is building "C:\Users\hisha\Documents\Bomberman\Bomberman.csproj" (1:6) on node 1 (_GenerateProjectRestoreGraph target(s)).
   1:6>Target "_GetRestoreProjectStyle" skipped. Previously built successfully.
       Target "_GetRestoreProjectStyle" skipped. Previously built successfully.
       Target "_GetRestoreProjectStyle" skipped. Previously built successfully.
   1:6>Target "_GetRestoreTargetFrameworkOverride" in file "C:\Program Files\dotnet\sdk\9.0.305\NuGet.targets" from project "C:\Users\hisha\Documents\Bomberman\Bomberman.csproj" (target "_GetRestoreTargetFrameworksOutput" depends on it):
       Task "GetGlobalPropertyValueTask" skipped, due to false condition; ( '$(TargetFrameworks)' != '' ) was evaluated as ( '' != '' ).
   1:6>Done building target "_GetRestoreTargetFrameworkOverride" in project "Bomberman.csproj".
   1:6>Target "_GetRestoreTargetFrameworksOutput" in file "C:\Program Files\dotnet\sdk\9.0.305\NuGet.targets" from project "C:\Users\hisha\Documents\Bomberman\Bomberman.csproj" (target "_GenerateRestoreProjectSpec" depends on it):
       Using "GetProjectTargetFrameworksTask" task from assembly "C:\Program Files\dotnet\sdk\9.0.305\NuGet.Build.Tasks.dll".
       Task "GetProjectTargetFrameworksTask"
       Done executing task "GetProjectTargetFrameworksTask".
   1:6>Done building target "_GetRestoreTargetFrameworksOutput" in project "Bomberman.csproj".
       Target "_GetRestoreSettings" skipped. Previously built successfully.
   1:6>Target "_GenerateRestoreProjectSpec" in file "C:\Program Files\dotnet\sdk\9.0.305\NuGet.targets" from project "C:\Users\hisha\Documents\Bomberman\Bomberman.csproj" (target "_GenerateProjectRestoreGraph" depends on it):
       Task "ConvertToAbsolutePath"
       Done executing task "ConvertToAbsolutePath".
   1:6>Done building target "_GenerateRestoreProjectSpec" in project "Bomberman.csproj".
       Target "_GenerateProjectRestoreGraphAllFrameworks" skipped, due to false condition; ( '$(TargetFrameworks)' != '' ) was evaluated as ( '' != '' ).
       Target "_GetRestoreProjectStyle" skipped. Previously built successfully.
       Target "CollectPackageReferences" skipped. Previously built successfully.
   1:6>Target "CollectPackageDownloads" in file "C:\Program Files\dotnet\sdk\9.0.305\NuGet.targets" from project "C:\Users\hisha\Documents\Bomberman\Bomberman.csproj" (target "_CollectRestoreInputs" depends on it):
       Task "CheckForDuplicateNuGetItemsTask"
       Done executing task "CheckForDuplicateNuGetItemsTask".
   1:6>Done building target "CollectPackageDownloads" in project "Bomberman.csproj".
   1:6>Target "CollectFrameworkReferences" in file "C:\Program Files\dotnet\sdk\9.0.305\NuGet.targets" from project "C:\Users\hisha\Documents\Bomberman\Bomberman.csproj" (target "_CollectRestoreInputs" depends on it):
   1:6>Done building target "CollectFrameworkReferences" in project "Bomberman.csproj".
   1:6>Target "CollectCentralPackageVersions" in file "C:\Program Files\dotnet\sdk\9.0.305\NuGet.targets" from project "C:\Users\hisha\Documents\Bomberman\Bomberman.csproj" (target "_CollectRestoreInputs" depends on it):
       Task "CheckForDuplicateNuGetItemsTask"
       Done executing task "CheckForDuplicateNuGetItemsTask".
   1:6>Done building target "CollectCentralPackageVersions" in project "Bomberman.csproj".
   1:6>Target "CollectNuGetAuditSuppressions" in file "C:\Program Files\dotnet\sdk\9.0.305\NuGet.targets" from project "C:\Users\hisha\Documents\Bomberman\Bomberman.csproj" (target "_CollectRestoreInputs" depends on it):
       Task "CheckForDuplicateNuGetItemsTask"
       Done executing task "CheckForDuplicateNuGetItemsTask".
   1:6>Done building target "CollectNuGetAuditSuppressions" in project "Bomberman.csproj".
       Target "AddPrunePackageReferences" skipped, due to false condition; ('$(RestoreEnablePackagePruning)' == 'true') was evaluated as ('false' == 'true').
   1:6>Target "CollectPrunePackageReferences" in file "C:\Program Files\dotnet\sdk\9.0.305\NuGet.targets" from project "C:\Users\hisha\Documents\Bomberman\Bomberman.csproj" (target "_CollectRestoreInputs" depends on it):
       Task "CheckForDuplicateNuGetItemsTask"
       Done executing task "CheckForDuplicateNuGetItemsTask".
   1:6>Done building target "CollectPrunePackageReferences" in project "Bomberman.csproj".
   1:6>Target "_CollectRestoreInputs" in file "C:\Program Files\dotnet\sdk\9.0.305\NuGet.targets" from project "C:\Users\hisha\Documents\Bomberman\Bomberman.csproj" (target "_GenerateProjectRestoreGraphPerFramework" depends on it):
   1:6>Done building target "_CollectRestoreInputs" in project "Bomberman.csproj".
       Target "PrepRestoreForStoreProjects" skipped, due to false condition; ('$(StorePackageName)' != '') was evaluated as ('' != '').
   1:6>Target "_GenerateProjectRestoreGraphPerFramework" in file "C:\Program Files\dotnet\sdk\9.0.305\NuGet.targets" from project "C:\Users\hisha\Documents\Bomberman\Bomberman.csproj" (target "_GenerateProjectRestoreGraphCurrentProject" depends on it):
       Using "GetRestoreProjectReferencesTask" task from assembly "C:\Program Files\dotnet\sdk\9.0.305\NuGet.Build.Tasks.dll".
       Task "GetRestoreProjectReferencesTask"
       Done executing task "GetRestoreProjectReferencesTask".
       Using "GetRestorePackageReferencesTask" task from assembly "C:\Program Files\dotnet\sdk\9.0.305\NuGet.Build.Tasks.dll".
       Task "GetRestorePackageReferencesTask"
       Done executing task "GetRestorePackageReferencesTask".
       Task "GetCentralPackageVersionsTask" skipped, due to false condition; ( '$(PackageReferenceCompatibleProjectStyle)' == 'true' AND '$(_CentralPackageVersionsEnabled)' == 'true' ) was evaluated as ( 'True' == 'true' AND '' == 'true' ).
       Using "GetRestorePackageDownloadsTask" task from assembly "C:\Program Files\dotnet\sdk\9.0.305\NuGet.Build.Tasks.dll".
       Task "GetRestorePackageDownloadsTask"
       Done executing task "GetRestorePackageDownloadsTask".
       Using "GetRestoreFrameworkReferencesTask" task from assembly "C:\Program Files\dotnet\sdk\9.0.305\NuGet.Build.Tasks.dll".
       Task "GetRestoreFrameworkReferencesTask"
       Done executing task "GetRestoreFrameworkReferencesTask".
       Using "GetRestoreNuGetAuditSuppressionsTask" task from assembly "C:\Program Files\dotnet\sdk\9.0.305\NuGet.Build.Tasks.dll".
       Task "GetRestoreNuGetAuditSuppressionsTask"
       Done executing task "GetRestoreNuGetAuditSuppressionsTask".
       Using "GetRestorePrunePackageReferencesTask" task from assembly "C:\Program Files\dotnet\sdk\9.0.305\NuGet.Build.Tasks.dll".
       Task "GetRestorePrunePackageReferencesTask"
       Done executing task "GetRestorePrunePackageReferencesTask".
   1:6>Done building target "_GenerateProjectRestoreGraphPerFramework" in project "Bomberman.csproj".
   1:6>Target "_GenerateProjectRestoreGraphCurrentProject" in file "C:\Program Files\dotnet\sdk\9.0.305\NuGet.targets" from project "C:\Users\hisha\Documents\Bomberman\Bomberman.csproj" (target "_GenerateRestoreDependencies" depends on it):
   1:6>Done building target "_GenerateProjectRestoreGraphCurrentProject" in project "Bomberman.csproj".
   1:6>Target "_GenerateRestoreDependencies" in file "C:\Program Files\dotnet\sdk\9.0.305\NuGet.targets" from project "C:\Users\hisha\Documents\Bomberman\Bomberman.csproj" (target "_GenerateProjectRestoreGraph" depends on it):
   1:6>Done building target "_GenerateRestoreDependencies" in project "Bomberman.csproj".
   1:6>Target "_GenerateProjectRestoreGraph" in file "C:\Program Files\dotnet\sdk\9.0.305\NuGet.targets" from project "C:\Users\hisha\Documents\Bomberman\Bomberman.csproj" (entry point):
   1:6>Done building target "_GenerateProjectRestoreGraph" in project "Bomberman.csproj".
   1:6>Done Building Project "C:\Users\hisha\Documents\Bomberman\Bomberman.csproj" (_GenerateProjectRestoreGraph target(s)).
     1>Done executing task "MSBuild".
     1>Done building target "_GenerateRestoreGraph" in project "Bomberman.csproj".
       Target "_CheckForUnsupportedTargetFramework" skipped, due to false condition; ('$(_UnsupportedTargetFrameworkError)' == 'true') was evaluated as ('' == 'true').
     1>Target "_CollectTargetFrameworkForTelemetry" in file "C:\Program Files\dotnet\sdk\9.0.305\Sdks\Microsoft.NET.Sdk\targets\Microsoft.NET.TargetFrameworkInference.targets" from project "C:\Users\hisha\Documents\Bomberman\Bomberman.csproj" (target "Restore" depends on it):
       Using "AllowEmptyTelemetry" task from assembly "C:\Program Files\dotnet\sdk\9.0.305\Sdks\Microsoft.NET.Sdk\targets\..\tools\net9.0\Microsoft.NET.Build.Tasks.dll".
       Task "AllowEmptyTelemetry"
       Done executing task "AllowEmptyTelemetry".
     1>Done building target "_CollectTargetFrameworkForTelemetry" in project "Bomberman.csproj".
     1>Target "_CheckForUnsupportedNETCoreVersion" in file "C:\Program Files\dotnet\sdk\9.0.305\Sdks\Microsoft.NET.Sdk\targets\Microsoft.NET.TargetFrameworkInference.targets" from project "C:\Users\hisha\Documents\Bomberman\Bomberman.csproj" (target "Restore" depends on it):
       Task "NETSdkError" skipped, due to false condition; ('$(_TargetFrameworkVersionWithoutV)' > '$(NETCoreAppMaximumVersion)' and '$(DisplayVSMessage)' != 'true') was evaluated as ('9.0' > '9.0' and '' != 'true').
       Task "NETSdkError" skipped, due to false condition; ('$(DisplayVSMessage)' == 'true') was evaluated as ('' == 'true').
     1>Done building target "_CheckForUnsupportedNETCoreVersion" in project "Bomberman.csproj".
       Target "_CheckForEolTargetFrameworks" skipped, due to false condition; ('@(_EolNetCoreTargetFrameworkVersions->AnyHaveMetadataValue('Identity', '$(_TargetFrameworkVersionWithoutV)'))' and '$(TargetFrameworkIdentifier)' == '.NETCoreApp' and '$(CheckEolTargetFramework)' == 'true') was evaluated as ('false' and '.NETCoreApp' == '.NETCoreApp' and 'true' == 'true').
       Target "_CheckForEolWorkloads" skipped, due to false condition; ('@(EolWorkload)' != '' and '$(CheckEolWorkloads)' == 'true') was evaluated as ('' != '' and 'true' == 'true').
       Target "_CheckForNotRecommendedNETStandardVersion" skipped, due to false condition; ('$(TargetFrameworkIdentifier)' == '.NETStandard' and $([MSBuild]::VersionLessThan($(TargetFrameworkVersion), '2.0'))) was evaluated as ('.NETCoreApp' == '.NETStandard' and False).
     1>Target "_CheckForUnsupportedCppNETCoreVersion" in file "C:\Program Files\dotnet\sdk\9.0.305\Sdks\Microsoft.NET.Sdk\targets\Microsoft.NET.TargetFrameworkInference.targets" from project "C:\Users\hisha\Documents\Bomberman\Bomberman.csproj" (target "Restore" depends on it):
       Task "NETSdkError" skipped, due to false condition; ('$(TargetFrameworkIdentifier)' == '.NETCoreApp' and '$(_TargetFrameworkVersionWithoutV)' < '3.1' and ('$(Language)' == 'C++' and '$(_EnablePackageReferencesInVCProjects)' != 'true')) was evaluated as ('.NETCoreApp' == '.NETCoreApp' and '9.0' < '3.1' and ('C#' == 'C++' and '' != 'true')).
     1>Done building target "_CheckForUnsupportedCppNETCoreVersion" in project "Bomberman.csproj".
       Target "_CheckForUnsupportedNETStandardVersion" skipped, due to false condition; ('$(TargetFrameworkIdentifier)' == '.NETStandard' And '$(NETStandardMaximumVersion)' != '') was evaluated as ('.NETCoreApp' == '.NETStandard' And '' != '').
       Target "_CheckForUnsupportedTargetFrameworkAndFeatureCombination" skipped, due to false condition; ('$(TargetFrameworkIdentifier)' == '.NETFramework') was evaluated as ('.NETCoreApp' == '.NETFramework').
     1>Target "Restore" in file "C:\Program Files\dotnet\sdk\9.0.305\NuGet.targets" from project "C:\Users\hisha\Documents\Bomberman\Bomberman.csproj" (entry point):
       Task "RemoveDuplicates"
       Done executing task "RemoveDuplicates".
       Using "RestoreTask" task from assembly "C:\Program Files\dotnet\sdk\9.0.305\NuGet.Build.Tasks.dll".
       Task "RestoreTask"
         Assembly loaded during TaskRun (NuGet.Build.Tasks.RestoreTask): NuGet.Packaging, Version=6.14.0.116, Culture=neutral, PublicKeyToken=31bf3856ad364e35 (location: C:\Program Files\dotnet\sdk\9.0.305\NuGet.Packaging.dll, MVID: cdc50a13-9777-4bbf-997e-763beae18a61, AssemblyLoadContext: MSBuild plugin C:\Program Files\dotnet\sdk\9.0.305\NuGet.Build.Tasks.dll)
         Assembly loaded during TaskRun (NuGet.Build.Tasks.RestoreTask): NuGet.LibraryModel, Version=6.14.0.116, Culture=neutral, PublicKeyToken=31bf3856ad364e35 (location: C:\Program Files\dotnet\sdk\9.0.305\NuGet.LibraryModel.dll, MVID: e00b38b3-9e45-44a2-8023-8c8ae09208b7, AssemblyLoadContext: MSBuild plugin C:\Program Files\dotnet\sdk\9.0.305\NuGet.Build.Tasks.dll)
         Assembly loaded during TaskRun (NuGet.Build.Tasks.RestoreTask): NuGet.Versioning, Version=6.14.0.116, Culture=neutral, PublicKeyToken=31bf3856ad364e35 (location: C:\Program Files\dotnet\sdk\9.0.305\NuGet.Versioning.dll, MVID: ecae64d3-0ef8-4164-9110-1e65ba08bca4, AssemblyLoadContext: MSBuild plugin C:\Program Files\dotnet\sdk\9.0.305\NuGet.Build.Tasks.dll)
         Assembly loaded during TaskRun (NuGet.Build.Tasks.RestoreTask): NuGet.Frameworks, Version=6.14.0.116, Culture=neutral, PublicKeyToken=31bf3856ad364e35 (location: C:\Program Files\dotnet\sdk\9.0.305\NuGet.Frameworks.dll, MVID: 6b5909cd-5145-46c4-9595-25461e82c126, AssemblyLoadContext: MSBuild plugin C:\Program Files\dotnet\sdk\9.0.305\NuGet.Build.Tasks.dll)
         Assembly loaded during TaskRun (NuGet.Build.Tasks.RestoreTask): System.Buffers, Version=9.0.0.0, Culture=neutral, PublicKeyToken=cc7b13ffcd2ddd51 (location: C:\Program Files\dotnet\shared\Microsoft.NETCore.App\9.0.9\System.Buffers.dll, MVID: 99215c3f-6f61-4372-a2bd-510b422ec4c4, AssemblyLoadContext: Default)
         Assembly loaded during TaskRun (NuGet.Build.Tasks.RestoreTask): NuGet.Protocol, Version=6.14.0.116, Culture=neutral, PublicKeyToken=31bf3856ad364e35 (location: C:\Program Files\dotnet\sdk\9.0.305\NuGet.Protocol.dll, MVID: f8777b05-1686-441b-9cec-a9710c5aa900, AssemblyLoadContext: MSBuild plugin C:\Program Files\dotnet\sdk\9.0.305\NuGet.Build.Tasks.dll)
         Assembly loaded during TaskRun (NuGet.Build.Tasks.RestoreTask): NuGet.Credentials, Version=6.14.0.116, Culture=neutral, PublicKeyToken=31bf3856ad364e35 (location: C:\Program Files\dotnet\sdk\9.0.305\NuGet.Credentials.dll, MVID: bd6612c0-8432-48ef-9aa9-96a29d2c500a, AssemblyLoadContext: MSBuild plugin C:\Program Files\dotnet\sdk\9.0.305\NuGet.Build.Tasks.dll)
         Assembly loaded during TaskRun (NuGet.Build.Tasks.RestoreTask): System.Collections.NonGeneric, Version=9.0.0.0, Culture=neutral, PublicKeyToken=b03f5f7f11d50a3a (location: C:\Program Files\dotnet\shared\Microsoft.NETCore.App\9.0.9\System.Collections.NonGeneric.dll, MVID: dfa2c124-f1b2-4b5a-85ec-f1c002899a63, AssemblyLoadContext: Default)
         X.509 certificate chain validation will use the default trust store selected by .NET for code signing.
         X.509 certificate chain validation will use the default trust store selected by .NET for timestamping.
         Assembly loaded during TaskRun (NuGet.Build.Tasks.RestoreTask): NuGet.DependencyResolver.Core, Version=6.14.0.116, Culture=neutral, PublicKeyToken=31bf3856ad364e35 (location: C:\Program Files\dotnet\sdk\9.0.305\NuGet.DependencyResolver.Core.dll, MVID: 6b197cc7-1c4a-4e48-895c-328987fdea28, AssemblyLoadContext: MSBuild plugin C:\Program Files\dotnet\sdk\9.0.305\NuGet.Build.Tasks.dll)
         Running restore with 32 concurrent jobs.
         Reading project file C:\Users\hisha\Documents\Bomberman\Bomberman.csproj.
         Assembly loaded during TaskRun (NuGet.Build.Tasks.RestoreTask): Newtonsoft.Json, Version=13.0.0.0, Culture=neutral, PublicKeyToken=30ad4fe6b2a6aeed (location: C:\Program Files\dotnet\sdk\9.0.305\Newtonsoft.Json.dll, MVID: 7e62198b-eab2-4380-bbac-29171862d1d8, AssemblyLoadContext: MSBuild plugin C:\Program Files\dotnet\sdk\9.0.305\NuGet.Build.Tasks.dll)
         Assembly loaded during TaskRun (NuGet.Build.Tasks.RestoreTask): System.Runtime.Serialization.Primitives, Version=9.0.0.0, Culture=neutral, PublicKeyToken=b03f5f7f11d50a3a (location: C:\Program Files\dotnet\shared\Microsoft.NETCore.App\9.0.9\System.Runtime.Serialization.Primitives.dll, MVID: d2ec433c-1d34-4675-b741-b6d2c867229a, AssemblyLoadContext: Default)
         Assembly loaded during TaskRun (NuGet.Build.Tasks.RestoreTask): System.Runtime.Numerics, Version=9.0.0.0, Culture=neutral, PublicKeyToken=b03f5f7f11d50a3a (location: C:\Program Files\dotnet\shared\Microsoft.NETCore.App\9.0.9\System.Runtime.Numerics.dll, MVID: d725ce23-76c3-4f9e-8a83-d26c7d5534fd, AssemblyLoadContext: Default)
         Assembly loaded during TaskRun (NuGet.Build.Tasks.RestoreTask): System.Text.Encodings.Web, Version=9.0.0.0, Culture=neutral, PublicKeyToken=cc7b13ffcd2ddd51 (location: C:\Program Files\dotnet\shared\Microsoft.NETCore.App\9.0.9\System.Text.Encodings.Web.dll, MVID: f9ac777b-ff8b-4818-a204-29a1b529d056, AssemblyLoadContext: Default)
         Assembly loaded during TaskRun (NuGet.Build.Tasks.RestoreTask): System.Runtime.Intrinsics, Version=9.0.0.0, Culture=neutral, PublicKeyToken=cc7b13ffcd2ddd51 (location: C:\Program Files\dotnet\shared\Microsoft.NETCore.App\9.0.9\System.Runtime.Intrinsics.dll, MVID: 9f99afd5-00a4-4a1d-8e9a-6ef0f7250422, AssemblyLoadContext: Default)
         Assembly loaded during TaskRun (NuGet.Build.Tasks.RestoreTask): System.Reflection.Emit.Lightweight, Version=9.0.0.0, Culture=neutral, PublicKeyToken=b03f5f7f11d50a3a (location: C:\Program Files\dotnet\shared\Microsoft.NETCore.App\9.0.9\System.Reflection.Emit.Lightweight.dll, MVID: 734c3fe2-c492-4676-8d92-3b188c16e2ea, AssemblyLoadContext: Default)
         Assembly loaded during TaskRun (NuGet.Build.Tasks.RestoreTask): System.Reflection.Primitives, Version=9.0.0.0, Culture=neutral, PublicKeyToken=b03f5f7f11d50a3a (location: C:\Program Files\dotnet\shared\Microsoft.NETCore.App\9.0.9\System.Reflection.Primitives.dll, MVID: 00c76d94-ecc4-40e5-bd77-cb988e54ec4a, AssemblyLoadContext: Default)
         Assembly loaded during TaskRun (NuGet.Build.Tasks.RestoreTask): System.Reflection.Emit.ILGeneration, Version=9.0.0.0, Culture=neutral, PublicKeyToken=b03f5f7f11d50a3a (location: C:\Program Files\dotnet\shared\Microsoft.NETCore.App\9.0.9\System.Reflection.Emit.ILGeneration.dll, MVID: 7a278d5f-a147-41c4-b709-9e6b9223cc76, AssemblyLoadContext: Default)
         The restore inputs for 'Bomberman' have changed. Continuing restore.
         Restoring packages for C:\Users\hisha\Documents\Bomberman\Bomberman.csproj...
         Assembly loaded during TaskRun (NuGet.Build.Tasks.RestoreTask): System.Runtime.Serialization.Formatters, Version=8.1.0.0, Culture=neutral, PublicKeyToken=b03f5f7f11d50a3a (location: C:\Program Files\dotnet\shared\Microsoft.NETCore.App\9.0.9\System.Runtime.Serialization.Formatters.dll, MVID: dd963194-690f-4ef2-b516-a2865ef15416, AssemblyLoadContext: Default)
           CACHE https://api.nuget.org/v3/vulnerabilities/index.json
         Assembly loaded during TaskRun (NuGet.Build.Tasks.RestoreTask): System.Diagnostics.TraceSource, Version=9.0.0.0, Culture=neutral, PublicKeyToken=b03f5f7f11d50a3a (location: C:\Program Files\dotnet\shared\Microsoft.NETCore.App\9.0.9\System.Diagnostics.TraceSource.dll, MVID: c05590d5-05fb-4935-a050-e110026aa735, AssemblyLoadContext: Default)
           CACHE https://api.nuget.org/v3-vulnerabilities/2026.01.03.11.41.01/vulnerability.base.json
           CACHE https://api.nuget.org/v3-vulnerabilities/2026.01.03.11.41.01/2026.01.06.17.41.09/vulnerability.update.json
         All packages and projects are compatible with net9.0.
         Committing restore...
         Writing assets file to disk. Path: C:\Users\hisha\Documents\Bomberman\obj\project.assets.json
         Writing cache file to disk. Path: C:\Users\hisha\Documents\Bomberman\obj\project.nuget.cache
         Assembly loaded during TaskRun (NuGet.Build.Tasks.RestoreTask): System.IO.Pipelines, Version=9.0.0.0, Culture=neutral, PublicKeyToken=cc7b13ffcd2ddd51 (location: C:\Program Files\dotnet\shared\Microsoft.NETCore.App\9.0.9\System.IO.Pipelines.dll, MVID: 9f610d36-9e63-4c07-bfda-474d67266c9a, AssemblyLoadContext: Default)
         Persisting dg to C:\Users\hisha\Documents\Bomberman\obj\Bomberman.csproj.nuget.dgspec.json
         Restored C:\Users\hisha\Documents\Bomberman\Bomberman.csproj (in 179 ms).
         
         NuGet Config files used:
             C:\Users\hisha\AppData\Roaming\NuGet\NuGet.Config
             C:\Program Files (x86)\NuGet\Config\Microsoft.VisualStudio.FallbackLocation.config
             C:\Program Files (x86)\NuGet\Config\Microsoft.VisualStudio.Offline.config
         
         Feeds used:
             https://api.nuget.org/v3/index.json
             C:\Program Files (x86)\Microsoft SDKs\NuGetPackages\
       Done executing task "RestoreTask".
     1>Done building target "Restore" in project "Bomberman.csproj".
     1>Done Building Project "C:\Users\hisha\Documents\Bomberman\Bomberman.csproj" (Restore target(s)).
     0>The SDK "Microsoft.NET.Sdk" was successfully resolved by the "DefaultSdkResolver" resolver to location "C:\Program Files\dotnet\sdk\9.0.305\Sdks\Microsoft.NET.Sdk\Sdk" and version "".
       C:\Program Files\dotnet\sdk\9.0.305\Sdks\Microsoft.NET.Sdk\Sdk\Sdk.props(49,11): message : Property 'MSBuildExtensionsPath' with value 'C:\Program Files\dotnet\sdk\9.0.305\' expanded from the environment.
       C:\Program Files\dotnet\sdk\9.0.305\Current\Microsoft.Common.props(60,5): message : Property reassignment: $(MSBuildProjectExtensionsPath)="C:\Users\hisha\Documents\Bomberman\obj\" (previous value: "obj\") at C:\Program Files\dotnet\sdk\9.0.305\Current\Microsoft.Common.props (60,5)
       C:\Users\hisha\Documents\Bomberman\obj\Bomberman.csproj.nuget.g.props(7,5): message : Property 'USERPROFILE' with value 'C:\Users\hisha' expanded from the environment.
       C:\Program Files\dotnet\sdk\9.0.305\Current\Microsoft.Common.props(84,119): message : Property 'MSBuildUserExtensionsPath' with value 'C:\Users\hisha\AppData\Local\Microsoft\MSBuild' expanded from the environment.
       C:\Program Files\dotnet\sdk\9.0.305\Sdks\Microsoft.NET.Sdk\targets\Microsoft.NET.Sdk.props(90,5): message : Property reassignment: $(AssemblySearchPaths)="{CandidateAssemblyFiles};{HintPathFromItem}" (previous value: "{CandidateAssemblyFiles}") at C:\Program Files\dotnet\sdk\9.0.305\Sdks\Microsoft.NET.Sdk\targets\Microsoft.NET.Sdk.props (90,5)
       C:\Program Files\dotnet\sdk\9.0.305\Sdks\Microsoft.NET.Sdk\targets\Microsoft.NET.Sdk.props(91,5): message : Property reassignment: $(AssemblySearchPaths)="{CandidateAssemblyFiles};{HintPathFromItem};{TargetFrameworkDirectory}" (previous value: "{CandidateAssemblyFiles};{HintPathFromItem}") at C:\Program Files\dotnet\sdk\9.0.305\Sdks\Microsoft.NET.Sdk\targets\Microsoft.NET.Sdk.props (91,5)
       C:\Program Files\dotnet\sdk\9.0.305\Sdks\Microsoft.NET.Sdk\targets\Microsoft.NET.Sdk.props(92,5): message : Property reassignment: $(AssemblySearchPaths)="{CandidateAssemblyFiles};{HintPathFromItem};{TargetFrameworkDirectory};{RawFileName}" (previous value: "{CandidateAssemblyFiles};{HintPathFromItem};{TargetFrameworkDirectory}") at C:\Program Files\dotnet\sdk\9.0.305\Sdks\Microsoft.NET.Sdk\targets\Microsoft.NET.Sdk.props (92,5)
       The "DefaultSdkResolver" resolver attempted to resolve the SDK "Microsoft.NET.SDK.WorkloadAutoImportPropsLocator".
       Warnings: null
       Errors: MSB4276: The default SDK resolver failed to resolve SDK "Microsoft.NET.SDK.WorkloadAutoImportPropsLocator" because directory "C:\Program Files\dotnet\sdk\9.0.305\Sdks\Microsoft.NET.SDK.WorkloadAutoImportPropsLocator\Sdk" did not exist.
       The SDK "Microsoft.NET.SDK.WorkloadAutoImportPropsLocator" was successfully resolved by the "Microsoft.DotNet.MSBuildWorkloadSdkResolver" resolver to location "C:\Program Files\dotnet\packs\Aspire.Hosting.Sdk\8.2.2\Sdk" and version "null".
       C:\Program Files\dotnet\sdk\9.0.305\Sdks\Microsoft.NET.Sdk\targets\Microsoft.NET.PackProjectTool.props(15,5): message : Property reassignment: $(TargetsForTfmSpecificContentInPackage)=";PackTool;_PackProjectToolValidation" (previous value: ";PackTool") at C:\Program Files\dotnet\sdk\9.0.305\Sdks\Microsoft.NET.Sdk\targets\Microsoft.NET.PackProjectTool.props (15,5)
       C:\Users\hisha\Documents\Bomberman\Bomberman.csproj(4,5): message : Property reassignment: $(OutputType)="Exe" (previous value: "Library") at C:\Users\hisha\Documents\Bomberman\Bomberman.csproj (4,5)
       C:\Program Files\dotnet\sdk\9.0.305\Sdks\Microsoft.NET.Sdk\targets\Microsoft.NET.Sdk.ImportPublishProfile.targets(28,5): message : Property reassignment: $(PublishProfileImported)="false" (previous value: "true") at C:\Program Files\dotnet\sdk\9.0.305\Sdks\Microsoft.NET.Sdk\targets\Microsoft.NET.Sdk.ImportPublishProfile.targets (28,5)
       C:\Program Files\dotnet\sdk\9.0.305\Sdks\Microsoft.NET.Sdk\targets\Microsoft.NET.TargetFrameworkInference.targets(69,5): message : Property reassignment: $(TargetPlatformVersion)="" (previous value: "0.0") at C:\Program Files\dotnet\sdk\9.0.305\Sdks\Microsoft.NET.Sdk\targets\Microsoft.NET.TargetFrameworkInference.targets (69,5)
       C:\Program Files\dotnet\sdk\9.0.305\Sdks\Microsoft.NET.Sdk\targets\Microsoft.NET.DefaultOutputPaths.targets(122,5): message : Property reassignment: $(DefaultItemExcludes)=";bin\Debug\/**;obj\Debug\/**" (previous value: ";bin\Debug\/**") at C:\Program Files\dotnet\sdk\9.0.305\Sdks\Microsoft.NET.Sdk\targets\Microsoft.NET.DefaultOutputPaths.targets (122,5)
       C:\Program Files\dotnet\sdk\9.0.305\Sdks\Microsoft.NET.Sdk\targets\Microsoft.NET.DefaultOutputPaths.targets(137,5): message : Property reassignment: $(OutputPath)="bin\Debug\net9.0\" (previous value: "bin\Debug\") at C:\Program Files\dotnet\sdk\9.0.305\Sdks\Microsoft.NET.Sdk\targets\Microsoft.NET.DefaultOutputPaths.targets (137,5)
       C:\Program Files\dotnet\sdk\9.0.305\Sdks\Microsoft.NET.Sdk\targets\Microsoft.NET.DefaultOutputPaths.targets(142,5): message : Property reassignment: $(IntermediateOutputPath)="obj\Debug\net9.0\" (previous value: "obj\Debug\") at C:\Program Files\dotnet\sdk\9.0.305\Sdks\Microsoft.NET.Sdk\targets\Microsoft.NET.DefaultOutputPaths.targets (142,5)
       The "DefaultSdkResolver" resolver attempted to resolve the SDK "Microsoft.NET.SDK.WorkloadManifestTargetsLocator".
       Warnings: null
       Errors: MSB4276: The default SDK resolver failed to resolve SDK "Microsoft.NET.SDK.WorkloadManifestTargetsLocator" because directory "C:\Program Files\dotnet\sdk\9.0.305\Sdks\Microsoft.NET.SDK.WorkloadManifestTargetsLocator\Sdk" did not exist.
       The SDK "Microsoft.NET.SDK.WorkloadManifestTargetsLocator" was successfully resolved by the "Microsoft.DotNet.MSBuildWorkloadSdkResolver" resolver to location "C:\Program Files\dotnet\sdk-manifests\9.0.100\microsoft.net.sdk.android\35.0.78" and version "null".
       C:\Program Files\dotnet\sdk\9.0.305\Sdks\Microsoft.NET.Sdk\targets\Microsoft.NET.Sdk.BeforeCommon.targets(187,5): message : Property reassignment: $(_FrameworkIdentifierForImplicitDefine)="NET" (previous value: "NETCOREAPP") at C:\Program Files\dotnet\sdk\9.0.305\Sdks\Microsoft.NET.Sdk\targets\Microsoft.NET.Sdk.BeforeCommon.targets (187,5)
       C:\Program Files\dotnet\sdk\9.0.305\Sdks\Microsoft.NET.Sdk\targets\Microsoft.NET.Sdk.BeforeCommon.targets(192,5): message : Property reassignment: $(_FrameworkVersionForImplicitDefine)="9_0" (previous value: "9.0") at C:\Program Files\dotnet\sdk\9.0.305\Sdks\Microsoft.NET.Sdk\targets\Microsoft.NET.Sdk.BeforeCommon.targets (192,5)
       C:\Program Files\dotnet\sdk\9.0.305\Roslyn\Microsoft.CSharp.Core.targets(200,5): message : Property reassignment: $(CommandLineArgsForDesignTimeEvaluation)="-langversion:13.0 -define:TRACE" (previous value: "-langversion:13.0") at C:\Program Files\dotnet\sdk\9.0.305\Roslyn\Microsoft.CSharp.Core.targets (200,5)
       C:\Program Files\dotnet\sdk\9.0.305\Microsoft.Common.CurrentVersion.targets(175,5): message : Property reassignment: $(_DebugSymbolsProduced)="true" (previous value: "false") at C:\Program Files\dotnet\sdk\9.0.305\Microsoft.Common.CurrentVersion.targets (175,5)
       C:\Program Files\dotnet\sdk\9.0.305\Microsoft.Common.CurrentVersion.targets(185,5): message : Property reassignment: $(_DocumentationFileProduced)="false" (previous value: "true") at C:\Program Files\dotnet\sdk\9.0.305\Microsoft.Common.CurrentVersion.targets (185,5)
       C:\Program Files\dotnet\sdk\9.0.305\Microsoft.Common.CurrentVersion.targets(393,5): message : Property reassignment: $(MSBuildCopyMarkerName)="Bomberman.csproj.Up2Date" (previous value: "Bomberman.csproj") at C:\Program Files\dotnet\sdk\9.0.305\Microsoft.Common.CurrentVersion.targets (393,5)
       C:\Program Files\dotnet\sdk\9.0.305\Microsoft.Common.CurrentVersion.targets(541,5): message : Property reassignment: $(ProcessorArchitecture)="msil" (previous value: "") at C:\Program Files\dotnet\sdk\9.0.305\Microsoft.Common.CurrentVersion.targets (541,5)
       C:\Program Files\dotnet\sdk\9.0.305\Microsoft.Common.CurrentVersion.targets(580,5): message : Property reassignment: $(DelaySign)="" (previous value: "false") at C:\Program Files\dotnet\sdk\9.0.305\Microsoft.Common.CurrentVersion.targets (580,5)
       C:\Program Files\dotnet\sdk\9.0.305\Microsoft.Common.CurrentVersion.targets(2619,5): message : Property 'LOCALAPPDATA' with value 'C:\Users\hisha\AppData\Local' expanded from the environment.
       C:\Program Files\dotnet\sdk\9.0.305\Microsoft.Common.CurrentVersion.targets(3947,5): message : Property reassignment: $(_SGenGenerateSerializationAssembliesConfig)="Auto" (previous value: "") at C:\Program Files\dotnet\sdk\9.0.305\Microsoft.Common.CurrentVersion.targets (3947,5)
       C:\Program Files\dotnet\sdk\9.0.305\Microsoft.Common.CurrentVersion.targets(3948,5): message : Property reassignment: $(_SGenGenerateSerializationAssembliesConfig)="Off" (previous value: "Auto") at C:\Program Files\dotnet\sdk\9.0.305\Microsoft.Common.CurrentVersion.targets (3948,5)
       C:\Program Files\dotnet\sdk\9.0.305\Microsoft.Common.CurrentVersion.targets(5159,5): message : Property reassignment: $(_TargetsThatPrepareProjectReferences)="
       C:\Program Files\dotnet\sdk\9.0.305\Microsoft.Common.CurrentVersion.targets(5159,5): message :       AssignProjectConfiguration;
       C:\Program Files\dotnet\sdk\9.0.305\Microsoft.Common.CurrentVersion.targets(5159,5): message :       _SplitProjectReferencesByFileExistence
       C:\Program Files\dotnet\sdk\9.0.305\Microsoft.Common.CurrentVersion.targets(5159,5): message :     " (previous value: "_SplitProjectReferencesByFileExistence") at C:\Program Files\dotnet\sdk\9.0.305\Microsoft.Common.CurrentVersion.targets (5159,5)
       C:\Program Files\dotnet\sdk\9.0.305\Microsoft.Common.CurrentVersion.targets(6954,5): message : Property 'MSBuildExtensionsPath32' with value 'C:\Program Files\dotnet\sdk\9.0.305' expanded from the environment.
       C:\Program Files\dotnet\sdk\9.0.305\Sdks\Microsoft.NET.Sdk\targets\Microsoft.PackageDependencyResolution.targets(29,5): message : Property reassignment: $(ProjectAssetsCacheFile)="C:\Users\hisha\Documents\Bomberman\obj\Debug\net9.0\Bomberman.assets.cache" (previous value: "obj\Debug\net9.0\Bomberman.assets.cache") at C:\Program Files\dotnet\sdk\9.0.305\Sdks\Microsoft.NET.Sdk\targets\Microsoft.PackageDependencyResolution.targets (29,5)
       C:\Program Files\dotnet\sdk\9.0.305\Sdks\Microsoft.NET.Sdk\targets\Microsoft.PackageDependencyResolution.targets(80,5): message : Property reassignment: $(ResolveAssemblyReferencesDependsOn)="
       C:\Program Files\dotnet\sdk\9.0.305\Sdks\Microsoft.NET.Sdk\targets\Microsoft.PackageDependencyResolution.targets(80,5): message :       
       C:\Program Files\dotnet\sdk\9.0.305\Sdks\Microsoft.NET.Sdk\targets\Microsoft.PackageDependencyResolution.targets(80,5): message :       ResolveProjectReferences;
       C:\Program Files\dotnet\sdk\9.0.305\Sdks\Microsoft.NET.Sdk\targets\Microsoft.PackageDependencyResolution.targets(80,5): message :       FindInvalidProjectReferences;
       C:\Program Files\dotnet\sdk\9.0.305\Sdks\Microsoft.NET.Sdk\targets\Microsoft.PackageDependencyResolution.targets(80,5): message :       GetFrameworkPaths;
       C:\Program Files\dotnet\sdk\9.0.305\Sdks\Microsoft.NET.Sdk\targets\Microsoft.PackageDependencyResolution.targets(80,5): message :       GetReferenceAssemblyPaths;
       C:\Program Files\dotnet\sdk\9.0.305\Sdks\Microsoft.NET.Sdk\targets\Microsoft.PackageDependencyResolution.targets(80,5): message :       PrepareForBuild;
       C:\Program Files\dotnet\sdk\9.0.305\Sdks\Microsoft.NET.Sdk\targets\Microsoft.PackageDependencyResolution.targets(80,5): message :       ResolveSDKReferences;
       C:\Program Files\dotnet\sdk\9.0.305\Sdks\Microsoft.NET.Sdk\targets\Microsoft.PackageDependencyResolution.targets(80,5): message :       ExpandSDKReferences;
       C:\Program Files\dotnet\sdk\9.0.305\Sdks\Microsoft.NET.Sdk\targets\Microsoft.PackageDependencyResolution.targets(80,5): message :     ;
       C:\Program Files\dotnet\sdk\9.0.305\Sdks\Microsoft.NET.Sdk\targets\Microsoft.PackageDependencyResolution.targets(80,5): message :       ResolvePackageDependenciesForBuild;
       C:\Program Files\dotnet\sdk\9.0.305\Sdks\Microsoft.NET.Sdk\targets\Microsoft.PackageDependencyResolution.targets(80,5): message :       _HandlePackageFileConflicts;
       C:\Program Files\dotnet\sdk\9.0.305\Sdks\Microsoft.NET.Sdk\targets\Microsoft.PackageDependencyResolution.targets(80,5): message :     " (previous value: "
       C:\Program Files\dotnet\sdk\9.0.305\Sdks\Microsoft.NET.Sdk\targets\Microsoft.PackageDependencyResolution.targets(80,5): message :       ResolveProjectReferences;
       C:\Program Files\dotnet\sdk\9.0.305\Sdks\Microsoft.NET.Sdk\targets\Microsoft.PackageDependencyResolution.targets(80,5): message :       FindInvalidProjectReferences;
       C:\Program Files\dotnet\sdk\9.0.305\Sdks\Microsoft.NET.Sdk\targets\Microsoft.PackageDependencyResolution.targets(80,5): message :       GetFrameworkPaths;
       C:\Program Files\dotnet\sdk\9.0.305\Sdks\Microsoft.NET.Sdk\targets\Microsoft.PackageDependencyResolution.targets(80,5): message :       GetReferenceAssemblyPaths;
       C:\Program Files\dotnet\sdk\9.0.305\Sdks\Microsoft.NET.Sdk\targets\Microsoft.PackageDependencyResolution.targets(80,5): message :       PrepareForBuild;
       C:\Program Files\dotnet\sdk\9.0.305\Sdks\Microsoft.NET.Sdk\targets\Microsoft.PackageDependencyResolution.targets(80,5): message :       ResolveSDKReferences;
       C:\Program Files\dotnet\sdk\9.0.305\Sdks\Microsoft.NET.Sdk\targets\Microsoft.PackageDependencyResolution.targets(80,5): message :       ExpandSDKReferences;
       C:\Program Files\dotnet\sdk\9.0.305\Sdks\Microsoft.NET.Sdk\targets\Microsoft.PackageDependencyResolution.targets(80,5): message :     ") at C:\Program Files\dotnet\sdk\9.0.305\Sdks\Microsoft.NET.Sdk\targets\Microsoft.PackageDependencyResolution.targets (80,5)
       C:\Program Files\dotnet\sdk\9.0.305\Sdks\Microsoft.NET.Sdk\targets\Microsoft.PackageDependencyResolution.targets(86,5): message : Property reassignment: $(PrepareResourcesDependsOn)="
       C:\Program Files\dotnet\sdk\9.0.305\Sdks\Microsoft.NET.Sdk\targets\Microsoft.PackageDependencyResolution.targets(86,5): message :       ResolvePackageDependenciesForBuild;
       C:\Program Files\dotnet\sdk\9.0.305\Sdks\Microsoft.NET.Sdk\targets\Microsoft.PackageDependencyResolution.targets(86,5): message :       _HandlePackageFileConflicts;
       C:\Program Files\dotnet\sdk\9.0.305\Sdks\Microsoft.NET.Sdk\targets\Microsoft.PackageDependencyResolution.targets(86,5): message :       
       C:\Program Files\dotnet\sdk\9.0.305\Sdks\Microsoft.NET.Sdk\targets\Microsoft.PackageDependencyResolution.targets(86,5): message :       ;
       C:\Program Files\dotnet\sdk\9.0.305\Sdks\Microsoft.NET.Sdk\targets\Microsoft.PackageDependencyResolution.targets(86,5): message :       PrepareResourceNames;
       C:\Program Files\dotnet\sdk\9.0.305\Sdks\Microsoft.NET.Sdk\targets\Microsoft.PackageDependencyResolution.targets(86,5): message :       ResGen;
       C:\Program Files\dotnet\sdk\9.0.305\Sdks\Microsoft.NET.Sdk\targets\Microsoft.PackageDependencyResolution.targets(86,5): message :       CompileLicxFiles
       C:\Program Files\dotnet\sdk\9.0.305\Sdks\Microsoft.NET.Sdk\targets\Microsoft.PackageDependencyResolution.targets(86,5): message :     
       C:\Program Files\dotnet\sdk\9.0.305\Sdks\Microsoft.NET.Sdk\targets\Microsoft.PackageDependencyResolution.targets(86,5): message :     " (previous value: "
       C:\Program Files\dotnet\sdk\9.0.305\Sdks\Microsoft.NET.Sdk\targets\Microsoft.PackageDependencyResolution.targets(86,5): message :       ;
       C:\Program Files\dotnet\sdk\9.0.305\Sdks\Microsoft.NET.Sdk\targets\Microsoft.PackageDependencyResolution.targets(86,5): message :       PrepareResourceNames;
       C:\Program Files\dotnet\sdk\9.0.305\Sdks\Microsoft.NET.Sdk\targets\Microsoft.PackageDependencyResolution.targets(86,5): message :       ResGen;
       C:\Program Files\dotnet\sdk\9.0.305\Sdks\Microsoft.NET.Sdk\targets\Microsoft.PackageDependencyResolution.targets(86,5): message :       CompileLicxFiles
       C:\Program Files\dotnet\sdk\9.0.305\Sdks\Microsoft.NET.Sdk\targets\Microsoft.PackageDependencyResolution.targets(86,5): message :     ") at C:\Program Files\dotnet\sdk\9.0.305\Sdks\Microsoft.NET.Sdk\targets\Microsoft.PackageDependencyResolution.targets (86,5)
       C:\Program Files\dotnet\sdk\9.0.305\Sdks\Microsoft.NET.Sdk\targets\Microsoft.NET.Sdk.DefaultItems.targets(27,5): message : Property reassignment: $(DefaultItemExcludes)=";bin\Debug\/**;obj\Debug\/**;bin\/**" (previous value: ";bin\Debug\/**;obj\Debug\/**") at C:\Program Files\dotnet\sdk\9.0.305\Sdks\Microsoft.NET.Sdk\targets\Microsoft.NET.Sdk.DefaultItems.targets (27,5)
       C:\Program Files\dotnet\sdk\9.0.305\Sdks\Microsoft.NET.Sdk\targets\Microsoft.NET.Sdk.DefaultItems.targets(29,5): message : Property reassignment: $(DefaultItemExcludes)=";bin\Debug\/**;obj\Debug\/**;bin\/**;obj\/**" (previous value: ";bin\Debug\/**;obj\Debug\/**;bin\/**") at C:\Program Files\dotnet\sdk\9.0.305\Sdks\Microsoft.NET.Sdk\targets\Microsoft.NET.Sdk.DefaultItems.targets (29,5)
       C:\Program Files\dotnet\sdk\9.0.305\Sdks\Microsoft.NET.Sdk\targets\Microsoft.NET.Sdk.DefaultItems.targets(32,5): message : Property reassignment: $(DefaultItemExcludes)=";bin\Debug\/**;obj\Debug\/**;bin\/**;obj\/**;**/*.user" (previous value: ";bin\Debug\/**;obj\Debug\/**;bin\/**;obj\/**") at C:\Program Files\dotnet\sdk\9.0.305\Sdks\Microsoft.NET.Sdk\targets\Microsoft.NET.Sdk.DefaultItems.targets (32,5)
       C:\Program Files\dotnet\sdk\9.0.305\Sdks\Microsoft.NET.Sdk\targets\Microsoft.NET.Sdk.DefaultItems.targets(33,5): message : Property reassignment: $(DefaultItemExcludes)=";bin\Debug\/**;obj\Debug\/**;bin\/**;obj\/**;**/*.user;**/*.*proj" (previous value: ";bin\Debug\/**;obj\Debug\/**;bin\/**;obj\/**;**/*.user") at C:\Program Files\dotnet\sdk\9.0.305\Sdks\Microsoft.NET.Sdk\targets\Microsoft.NET.Sdk.DefaultItems.targets (33,5)
       C:\Program Files\dotnet\sdk\9.0.305\Sdks\Microsoft.NET.Sdk\targets\Microsoft.NET.Sdk.DefaultItems.targets(34,5): message : Property reassignment: $(DefaultItemExcludes)=";bin\Debug\/**;obj\Debug\/**;bin\/**;obj\/**;**/*.user;**/*.*proj;**/*.sln" (previous value: ";bin\Debug\/**;obj\Debug\/**;bin\/**;obj\/**;**/*.user;**/*.*proj") at C:\Program Files\dotnet\sdk\9.0.305\Sdks\Microsoft.NET.Sdk\targets\Microsoft.NET.Sdk.DefaultItems.targets (34,5)
       C:\Program Files\dotnet\sdk\9.0.305\Sdks\Microsoft.NET.Sdk\targets\Microsoft.NET.Sdk.DefaultItems.targets(35,5): message : Property reassignment: $(DefaultItemExcludes)=";bin\Debug\/**;obj\Debug\/**;bin\/**;obj\/**;**/*.user;**/*.*proj;**/*.sln;**/*.slnx" (previous value: ";bin\Debug\/**;obj\Debug\/**;bin\/**;obj\/**;**/*.user;**/*.*proj;**/*.sln") at C:\Program Files\dotnet\sdk\9.0.305\Sdks\Microsoft.NET.Sdk\targets\Microsoft.NET.Sdk.DefaultItems.targets (35,5)
       C:\Program Files\dotnet\sdk\9.0.305\Sdks\Microsoft.NET.Sdk\targets\Microsoft.NET.Sdk.DefaultItems.targets(36,5): message : Property reassignment: $(DefaultItemExcludes)=";bin\Debug\/**;obj\Debug\/**;bin\/**;obj\/**;**/*.user;**/*.*proj;**/*.sln;**/*.slnx;**/*.vssscc" (previous value: ";bin\Debug\/**;obj\Debug\/**;bin\/**;obj\/**;**/*.user;**/*.*proj;**/*.sln;**/*.slnx") at C:\Program Files\dotnet\sdk\9.0.305\Sdks\Microsoft.NET.Sdk\targets\Microsoft.NET.Sdk.DefaultItems.targets (36,5)
       C:\Program Files\dotnet\sdk\9.0.305\Sdks\Microsoft.NET.Sdk\targets\Microsoft.NET.Sdk.DefaultItems.targets(37,5): message : Property reassignment: $(DefaultItemExcludes)=";bin\Debug\/**;obj\Debug\/**;bin\/**;obj\/**;**/*.user;**/*.*proj;**/*.sln;**/*.slnx;**/*.vssscc;**/.DS_Store" (previous value: ";bin\Debug\/**;obj\Debug\/**;bin\/**;obj\/**;**/*.user;**/*.*proj;**/*.sln;**/*.slnx;**/*.vssscc") at C:\Program Files\dotnet\sdk\9.0.305\Sdks\Microsoft.NET.Sdk\targets\Microsoft.NET.Sdk.DefaultItems.targets (37,5)
       C:\Program Files\dotnet\sdk\9.0.305\Sdks\Microsoft.NET.Sdk\targets\Microsoft.NET.Sdk.FrameworkReferenceResolution.targets(14,5): message : Property reassignment: $(ResolveAssemblyReferencesDependsOn)="
       C:\Program Files\dotnet\sdk\9.0.305\Sdks\Microsoft.NET.Sdk\targets\Microsoft.NET.Sdk.FrameworkReferenceResolution.targets(14,5): message :       
       C:\Program Files\dotnet\sdk\9.0.305\Sdks\Microsoft.NET.Sdk\targets\Microsoft.NET.Sdk.FrameworkReferenceResolution.targets(14,5): message :       
       C:\Program Files\dotnet\sdk\9.0.305\Sdks\Microsoft.NET.Sdk\targets\Microsoft.NET.Sdk.FrameworkReferenceResolution.targets(14,5): message :       ResolveProjectReferences;
       C:\Program Files\dotnet\sdk\9.0.305\Sdks\Microsoft.NET.Sdk\targets\Microsoft.NET.Sdk.FrameworkReferenceResolution.targets(14,5): message :       FindInvalidProjectReferences;
       C:\Program Files\dotnet\sdk\9.0.305\Sdks\Microsoft.NET.Sdk\targets\Microsoft.NET.Sdk.FrameworkReferenceResolution.targets(14,5): message :       GetFrameworkPaths;
       C:\Program Files\dotnet\sdk\9.0.305\Sdks\Microsoft.NET.Sdk\targets\Microsoft.NET.Sdk.FrameworkReferenceResolution.targets(14,5): message :       GetReferenceAssemblyPaths;
       C:\Program Files\dotnet\sdk\9.0.305\Sdks\Microsoft.NET.Sdk\targets\Microsoft.NET.Sdk.FrameworkReferenceResolution.targets(14,5): message :       PrepareForBuild;
       C:\Program Files\dotnet\sdk\9.0.305\Sdks\Microsoft.NET.Sdk\targets\Microsoft.NET.Sdk.FrameworkReferenceResolution.targets(14,5): message :       ResolveSDKReferences;
       C:\Program Files\dotnet\sdk\9.0.305\Sdks\Microsoft.NET.Sdk\targets\Microsoft.NET.Sdk.FrameworkReferenceResolution.targets(14,5): message :       ExpandSDKReferences;
       C:\Program Files\dotnet\sdk\9.0.305\Sdks\Microsoft.NET.Sdk\targets\Microsoft.NET.Sdk.FrameworkReferenceResolution.targets(14,5): message :     ;
       C:\Program Files\dotnet\sdk\9.0.305\Sdks\Microsoft.NET.Sdk\targets\Microsoft.NET.Sdk.FrameworkReferenceResolution.targets(14,5): message :       ResolvePackageDependenciesForBuild;
       C:\Program Files\dotnet\sdk\9.0.305\Sdks\Microsoft.NET.Sdk\targets\Microsoft.NET.Sdk.FrameworkReferenceResolution.targets(14,5): message :       _HandlePackageFileConflicts;
       C:\Program Files\dotnet\sdk\9.0.305\Sdks\Microsoft.NET.Sdk\targets\Microsoft.NET.Sdk.FrameworkReferenceResolution.targets(14,5): message :     ;
       C:\Program Files\dotnet\sdk\9.0.305\Sdks\Microsoft.NET.Sdk\targets\Microsoft.NET.Sdk.FrameworkReferenceResolution.targets(14,5): message :       ResolveTargetingPackAssets;
       C:\Program Files\dotnet\sdk\9.0.305\Sdks\Microsoft.NET.Sdk\targets\Microsoft.NET.Sdk.FrameworkReferenceResolution.targets(14,5): message :     " (previous value: "
       C:\Program Files\dotnet\sdk\9.0.305\Sdks\Microsoft.NET.Sdk\targets\Microsoft.NET.Sdk.FrameworkReferenceResolution.targets(14,5): message :       
       C:\Program Files\dotnet\sdk\9.0.305\Sdks\Microsoft.NET.Sdk\targets\Microsoft.NET.Sdk.FrameworkReferenceResolution.targets(14,5): message :       ResolveProjectReferences;
       C:\Program Files\dotnet\sdk\9.0.305\Sdks\Microsoft.NET.Sdk\targets\Microsoft.NET.Sdk.FrameworkReferenceResolution.targets(14,5): message :       FindInvalidProjectReferences;
       C:\Program Files\dotnet\sdk\9.0.305\Sdks\Microsoft.NET.Sdk\targets\Microsoft.NET.Sdk.FrameworkReferenceResolution.targets(14,5): message :       GetFrameworkPaths;
       C:\Program Files\dotnet\sdk\9.0.305\Sdks\Microsoft.NET.Sdk\targets\Microsoft.NET.Sdk.FrameworkReferenceResolution.targets(14,5): message :       GetReferenceAssemblyPaths;
       C:\Program Files\dotnet\sdk\9.0.305\Sdks\Microsoft.NET.Sdk\targets\Microsoft.NET.Sdk.FrameworkReferenceResolution.targets(14,5): message :       PrepareForBuild;
       C:\Program Files\dotnet\sdk\9.0.305\Sdks\Microsoft.NET.Sdk\targets\Microsoft.NET.Sdk.FrameworkReferenceResolution.targets(14,5): message :       ResolveSDKReferences;
       C:\Program Files\dotnet\sdk\9.0.305\Sdks\Microsoft.NET.Sdk\targets\Microsoft.NET.Sdk.FrameworkReferenceResolution.targets(14,5): message :       ExpandSDKReferences;
       C:\Program Files\dotnet\sdk\9.0.305\Sdks\Microsoft.NET.Sdk\targets\Microsoft.NET.Sdk.FrameworkReferenceResolution.targets(14,5): message :     ;
       C:\Program Files\dotnet\sdk\9.0.305\Sdks\Microsoft.NET.Sdk\targets\Microsoft.NET.Sdk.FrameworkReferenceResolution.targets(14,5): message :       ResolvePackageDependenciesForBuild;
       C:\Program Files\dotnet\sdk\9.0.305\Sdks\Microsoft.NET.Sdk\targets\Microsoft.NET.Sdk.FrameworkReferenceResolution.targets(14,5): message :       _HandlePackageFileConflicts;
       C:\Program Files\dotnet\sdk\9.0.305\Sdks\Microsoft.NET.Sdk\targets\Microsoft.NET.Sdk.FrameworkReferenceResolution.targets(14,5): message :     ") at C:\Program Files\dotnet\sdk\9.0.305\Sdks\Microsoft.NET.Sdk\targets\Microsoft.NET.Sdk.FrameworkReferenceResolution.targets (14,5)
       C:\Program Files\dotnet\sdk\9.0.305\Sdks\Microsoft.NET.Sdk\targets\Microsoft.NET.Sdk.targets(44,5): message : Property reassignment: $(_GenerateRuntimeConfigurationPropertyInputsCache)="C:\Users\hisha\Documents\Bomberman\obj\Debug\net9.0\Bomberman.genruntimeconfig.cache" (previous value: "obj\Debug\net9.0\Bomberman.genruntimeconfig.cache") at C:\Program Files\dotnet\sdk\9.0.305\Sdks\Microsoft.NET.Sdk\targets\Microsoft.NET.Sdk.targets (44,5)
       C:\Program Files\dotnet\sdk\9.0.305\Sdks\Microsoft.NET.Sdk\targets\Microsoft.NET.Sdk.targets(46,5): message : Property reassignment: $(_GeneratePublishDependencyFilePropertyInputsCache)="C:\Users\hisha\Documents\Bomberman\obj\Debug\net9.0\Bomberman.genpublishdeps.cache" (previous value: "obj\Debug\net9.0\Bomberman.genpublishdeps.cache") at C:\Program Files\dotnet\sdk\9.0.305\Sdks\Microsoft.NET.Sdk\targets\Microsoft.NET.Sdk.targets (46,5)
       C:\Program Files\dotnet\sdk\9.0.305\Sdks\Microsoft.NET.Sdk\targets\Microsoft.NET.Sdk.targets(48,5): message : Property reassignment: $(_GenerateSingleFileBundlePropertyInputsCache)="C:\Users\hisha\Documents\Bomberman\obj\Debug\net9.0\Bomberman.genbundle.cache" (previous value: "obj\Debug\net9.0\Bomberman.genbundle.cache") at C:\Program Files\dotnet\sdk\9.0.305\Sdks\Microsoft.NET.Sdk\targets\Microsoft.NET.Sdk.targets (48,5)
       C:\Program Files\dotnet\sdk\9.0.305\Sdks\Microsoft.NET.Sdk\targets\Microsoft.NET.Sdk.targets(81,5): message : Property reassignment: $(GenerateRuntimeConfigDevFile)="false" (previous value: "true") at C:\Program Files\dotnet\sdk\9.0.305\Sdks\Microsoft.NET.Sdk\targets\Microsoft.NET.Sdk.targets (81,5)
       C:\Program Files\dotnet\sdk\9.0.305\Sdks\Microsoft.NET.Sdk\targets\Microsoft.NET.Sdk.targets(97,5): message : Property reassignment: $(_DefaultUserProfileRuntimeStorePath)="C:\Users\hisha" (previous value: "") at C:\Program Files\dotnet\sdk\9.0.305\Sdks\Microsoft.NET.Sdk\targets\Microsoft.NET.Sdk.targets (97,5)
       C:\Program Files\dotnet\sdk\9.0.305\Sdks\Microsoft.NET.Sdk\targets\Microsoft.NET.Sdk.targets(98,5): message : Property reassignment: $(_DefaultUserProfileRuntimeStorePath)="C:\Users\hisha\.dotnet\store" (previous value: "C:\Users\hisha") at C:\Program Files\dotnet\sdk\9.0.305\Sdks\Microsoft.NET.Sdk\targets\Microsoft.NET.Sdk.targets (98,5)
       C:\Program Files\dotnet\sdk\9.0.305\Sdks\Microsoft.NET.Sdk\targets\Microsoft.NET.Sdk.targets(140,5): message : Property reassignment: $(AvailablePlatforms)="Any CPU,x86,x64,ARM32" (previous value: "Any CPU,x86,x64") at C:\Program Files\dotnet\sdk\9.0.305\Sdks\Microsoft.NET.Sdk\targets\Microsoft.NET.Sdk.targets (140,5)
       C:\Program Files\dotnet\sdk\9.0.305\Sdks\Microsoft.NET.Sdk\targets\Microsoft.NET.Sdk.targets(144,5): message : Property reassignment: $(AvailablePlatforms)="Any CPU,x86,x64,ARM32,ARM64" (previous value: "Any CPU,x86,x64,ARM32") at C:\Program Files\dotnet\sdk\9.0.305\Sdks\Microsoft.NET.Sdk\targets\Microsoft.NET.Sdk.targets (144,5)
       C:\Program Files\dotnet\sdk\9.0.305\Sdks\Microsoft.NET.Sdk\targets\Microsoft.NET.Sdk.targets(201,5): message : Property reassignment: $(CoreBuildDependsOn)="
       C:\Program Files\dotnet\sdk\9.0.305\Sdks\Microsoft.NET.Sdk\targets\Microsoft.NET.Sdk.targets(201,5): message :       _CheckForBuildWithNoBuild;
       C:\Program Files\dotnet\sdk\9.0.305\Sdks\Microsoft.NET.Sdk\targets\Microsoft.NET.Sdk.targets(201,5): message :       
       C:\Program Files\dotnet\sdk\9.0.305\Sdks\Microsoft.NET.Sdk\targets\Microsoft.NET.Sdk.targets(201,5): message :       BuildOnlySettings;
       C:\Program Files\dotnet\sdk\9.0.305\Sdks\Microsoft.NET.Sdk\targets\Microsoft.NET.Sdk.targets(201,5): message :       PrepareForBuild;
       C:\Program Files\dotnet\sdk\9.0.305\Sdks\Microsoft.NET.Sdk\targets\Microsoft.NET.Sdk.targets(201,5): message :       PreBuildEvent;
       C:\Program Files\dotnet\sdk\9.0.305\Sdks\Microsoft.NET.Sdk\targets\Microsoft.NET.Sdk.targets(201,5): message :       ResolveReferences;
       C:\Program Files\dotnet\sdk\9.0.305\Sdks\Microsoft.NET.Sdk\targets\Microsoft.NET.Sdk.targets(201,5): message :       PrepareResources;
       C:\Program Files\dotnet\sdk\9.0.305\Sdks\Microsoft.NET.Sdk\targets\Microsoft.NET.Sdk.targets(201,5): message :       ResolveKeySource;
       C:\Program Files\dotnet\sdk\9.0.305\Sdks\Microsoft.NET.Sdk\targets\Microsoft.NET.Sdk.targets(201,5): message :       Compile;
       C:\Program Files\dotnet\sdk\9.0.305\Sdks\Microsoft.NET.Sdk\targets\Microsoft.NET.Sdk.targets(201,5): message :       ExportWindowsMDFile;
       C:\Program Files\dotnet\sdk\9.0.305\Sdks\Microsoft.NET.Sdk\targets\Microsoft.NET.Sdk.targets(201,5): message :       UnmanagedUnregistration;
       C:\Program Files\dotnet\sdk\9.0.305\Sdks\Microsoft.NET.Sdk\targets\Microsoft.NET.Sdk.targets(201,5): message :       GenerateSerializationAssemblies;
       C:\Program Files\dotnet\sdk\9.0.305\Sdks\Microsoft.NET.Sdk\targets\Microsoft.NET.Sdk.targets(201,5): message :       CreateSatelliteAssemblies;
       C:\Program Files\dotnet\sdk\9.0.305\Sdks\Microsoft.NET.Sdk\targets\Microsoft.NET.Sdk.targets(201,5): message :       GenerateManifests;
       C:\Program Files\dotnet\sdk\9.0.305\Sdks\Microsoft.NET.Sdk\targets\Microsoft.NET.Sdk.targets(201,5): message :       GetTargetPath;
       C:\Program Files\dotnet\sdk\9.0.305\Sdks\Microsoft.NET.Sdk\targets\Microsoft.NET.Sdk.targets(201,5): message :       PrepareForRun;
       C:\Program Files\dotnet\sdk\9.0.305\Sdks\Microsoft.NET.Sdk\targets\Microsoft.NET.Sdk.targets(201,5): message :       UnmanagedRegistration;
       C:\Program Files\dotnet\sdk\9.0.305\Sdks\Microsoft.NET.Sdk\targets\Microsoft.NET.Sdk.targets(201,5): message :       IncrementalClean;
       C:\Program Files\dotnet\sdk\9.0.305\Sdks\Microsoft.NET.Sdk\targets\Microsoft.NET.Sdk.targets(201,5): message :       PostBuildEvent
       C:\Program Files\dotnet\sdk\9.0.305\Sdks\Microsoft.NET.Sdk\targets\Microsoft.NET.Sdk.targets(201,5): message :     ;
       C:\Program Files\dotnet\sdk\9.0.305\Sdks\Microsoft.NET.Sdk\targets\Microsoft.NET.Sdk.targets(201,5): message :       GenerateBuildDependencyFile;
       C:\Program Files\dotnet\sdk\9.0.305\Sdks\Microsoft.NET.Sdk\targets\Microsoft.NET.Sdk.targets(201,5): message :       GenerateBuildRuntimeConfigurationFiles
       C:\Program Files\dotnet\sdk\9.0.305\Sdks\Microsoft.NET.Sdk\targets\Microsoft.NET.Sdk.targets(201,5): message :     " (previous value: "
       C:\Program Files\dotnet\sdk\9.0.305\Sdks\Microsoft.NET.Sdk\targets\Microsoft.NET.Sdk.targets(201,5): message :       BuildOnlySettings;
       C:\Program Files\dotnet\sdk\9.0.305\Sdks\Microsoft.NET.Sdk\targets\Microsoft.NET.Sdk.targets(201,5): message :       PrepareForBuild;
       C:\Program Files\dotnet\sdk\9.0.305\Sdks\Microsoft.NET.Sdk\targets\Microsoft.NET.Sdk.targets(201,5): message :       PreBuildEvent;
       C:\Program Files\dotnet\sdk\9.0.305\Sdks\Microsoft.NET.Sdk\targets\Microsoft.NET.Sdk.targets(201,5): message :       ResolveReferences;
       C:\Program Files\dotnet\sdk\9.0.305\Sdks\Microsoft.NET.Sdk\targets\Microsoft.NET.Sdk.targets(201,5): message :       PrepareResources;
       C:\Program Files\dotnet\sdk\9.0.305\Sdks\Microsoft.NET.Sdk\targets\Microsoft.NET.Sdk.targets(201,5): message :       ResolveKeySource;
       C:\Program Files\dotnet\sdk\9.0.305\Sdks\Microsoft.NET.Sdk\targets\Microsoft.NET.Sdk.targets(201,5): message :       Compile;
       C:\Program Files\dotnet\sdk\9.0.305\Sdks\Microsoft.NET.Sdk\targets\Microsoft.NET.Sdk.targets(201,5): message :       ExportWindowsMDFile;
       C:\Program Files\dotnet\sdk\9.0.305\Sdks\Microsoft.NET.Sdk\targets\Microsoft.NET.Sdk.targets(201,5): message :       UnmanagedUnregistration;
       C:\Program Files\dotnet\sdk\9.0.305\Sdks\Microsoft.NET.Sdk\targets\Microsoft.NET.Sdk.targets(201,5): message :       GenerateSerializationAssemblies;
       C:\Program Files\dotnet\sdk\9.0.305\Sdks\Microsoft.NET.Sdk\targets\Microsoft.NET.Sdk.targets(201,5): message :       CreateSatelliteAssemblies;
       C:\Program Files\dotnet\sdk\9.0.305\Sdks\Microsoft.NET.Sdk\targets\Microsoft.NET.Sdk.targets(201,5): message :       GenerateManifests;
       C:\Program Files\dotnet\sdk\9.0.305\Sdks\Microsoft.NET.Sdk\targets\Microsoft.NET.Sdk.targets(201,5): message :       GetTargetPath;
       C:\Program Files\dotnet\sdk\9.0.305\Sdks\Microsoft.NET.Sdk\targets\Microsoft.NET.Sdk.targets(201,5): message :       PrepareForRun;
       C:\Program Files\dotnet\sdk\9.0.305\Sdks\Microsoft.NET.Sdk\targets\Microsoft.NET.Sdk.targets(201,5): message :       UnmanagedRegistration;
       C:\Program Files\dotnet\sdk\9.0.305\Sdks\Microsoft.NET.Sdk\targets\Microsoft.NET.Sdk.targets(201,5): message :       IncrementalClean;
       C:\Program Files\dotnet\sdk\9.0.305\Sdks\Microsoft.NET.Sdk\targets\Microsoft.NET.Sdk.targets(201,5): message :       PostBuildEvent
       C:\Program Files\dotnet\sdk\9.0.305\Sdks\Microsoft.NET.Sdk\targets\Microsoft.NET.Sdk.targets(201,5): message :     ") at C:\Program Files\dotnet\sdk\9.0.305\Sdks\Microsoft.NET.Sdk\targets\Microsoft.NET.Sdk.targets (201,5)
       C:\Program Files\dotnet\sdk\9.0.305\Sdks\Microsoft.NET.Sdk\targets\Microsoft.NET.Sdk.targets(210,5): message : Property reassignment: $(CoreCleanDependsOn)="
       C:\Program Files\dotnet\sdk\9.0.305\Sdks\Microsoft.NET.Sdk\targets\Microsoft.NET.Sdk.targets(210,5): message :       _SdkBeforeClean;
       C:\Program Files\dotnet\sdk\9.0.305\Sdks\Microsoft.NET.Sdk\targets\Microsoft.NET.Sdk.targets(210,5): message :       
       C:\Program Files\dotnet\sdk\9.0.305\Sdks\Microsoft.NET.Sdk\targets\Microsoft.NET.Sdk.targets(210,5): message :     " (previous value: "") at C:\Program Files\dotnet\sdk\9.0.305\Sdks\Microsoft.NET.Sdk\targets\Microsoft.NET.Sdk.targets (210,5)
       C:\Program Files\dotnet\sdk\9.0.305\Sdks\Microsoft.NET.Sdk\targets\Microsoft.NET.Sdk.targets(217,5): message : Property reassignment: $(RebuildDependsOn)="
       C:\Program Files\dotnet\sdk\9.0.305\Sdks\Microsoft.NET.Sdk\targets\Microsoft.NET.Sdk.targets(217,5): message :       _SdkBeforeRebuild;
       C:\Program Files\dotnet\sdk\9.0.305\Sdks\Microsoft.NET.Sdk\targets\Microsoft.NET.Sdk.targets(217,5): message :       
       C:\Program Files\dotnet\sdk\9.0.305\Sdks\Microsoft.NET.Sdk\targets\Microsoft.NET.Sdk.targets(217,5): message :       BeforeRebuild;
       C:\Program Files\dotnet\sdk\9.0.305\Sdks\Microsoft.NET.Sdk\targets\Microsoft.NET.Sdk.targets(217,5): message :       Clean;
       C:\Program Files\dotnet\sdk\9.0.305\Sdks\Microsoft.NET.Sdk\targets\Microsoft.NET.Sdk.targets(217,5): message :       Build;
       C:\Program Files\dotnet\sdk\9.0.305\Sdks\Microsoft.NET.Sdk\targets\Microsoft.NET.Sdk.targets(217,5): message :       AfterRebuild;
       C:\Program Files\dotnet\sdk\9.0.305\Sdks\Microsoft.NET.Sdk\targets\Microsoft.NET.Sdk.targets(217,5): message :     
       C:\Program Files\dotnet\sdk\9.0.305\Sdks\Microsoft.NET.Sdk\targets\Microsoft.NET.Sdk.targets(217,5): message :     " (previous value: "
       C:\Program Files\dotnet\sdk\9.0.305\Sdks\Microsoft.NET.Sdk\targets\Microsoft.NET.Sdk.targets(217,5): message :       BeforeRebuild;
       C:\Program Files\dotnet\sdk\9.0.305\Sdks\Microsoft.NET.Sdk\targets\Microsoft.NET.Sdk.targets(217,5): message :       Clean;
       C:\Program Files\dotnet\sdk\9.0.305\Sdks\Microsoft.NET.Sdk\targets\Microsoft.NET.Sdk.targets(217,5): message :       Build;
       C:\Program Files\dotnet\sdk\9.0.305\Sdks\Microsoft.NET.Sdk\targets\Microsoft.NET.Sdk.targets(217,5): message :       AfterRebuild;
       C:\Program Files\dotnet\sdk\9.0.305\Sdks\Microsoft.NET.Sdk\targets\Microsoft.NET.Sdk.targets(217,5): message :     ") at C:\Program Files\dotnet\sdk\9.0.305\Sdks\Microsoft.NET.Sdk\targets\Microsoft.NET.Sdk.targets (217,5)
       C:\Program Files\dotnet\sdk\9.0.305\Sdks\Microsoft.NET.Sdk\targets\Microsoft.NET.Sdk.targets(784,5): message : Property reassignment: $(CompileDependsOn)="
       C:\Program Files\dotnet\sdk\9.0.305\Sdks\Microsoft.NET.Sdk\targets\Microsoft.NET.Sdk.targets(784,5): message :       
       C:\Program Files\dotnet\sdk\9.0.305\Sdks\Microsoft.NET.Sdk\targets\Microsoft.NET.Sdk.targets(784,5): message :       ResolveReferences;
       C:\Program Files\dotnet\sdk\9.0.305\Sdks\Microsoft.NET.Sdk\targets\Microsoft.NET.Sdk.targets(784,5): message :       ResolveKeySource;
       C:\Program Files\dotnet\sdk\9.0.305\Sdks\Microsoft.NET.Sdk\targets\Microsoft.NET.Sdk.targets(784,5): message :       SetWin32ManifestProperties;
       C:\Program Files\dotnet\sdk\9.0.305\Sdks\Microsoft.NET.Sdk\targets\Microsoft.NET.Sdk.targets(784,5): message :       _SetPreferNativeArm64Win32ManifestProperties;
       C:\Program Files\dotnet\sdk\9.0.305\Sdks\Microsoft.NET.Sdk\targets\Microsoft.NET.Sdk.targets(784,5): message :       FindReferenceAssembliesForReferences;
       C:\Program Files\dotnet\sdk\9.0.305\Sdks\Microsoft.NET.Sdk\targets\Microsoft.NET.Sdk.targets(784,5): message :       _GenerateCompileInputs;
       C:\Program Files\dotnet\sdk\9.0.305\Sdks\Microsoft.NET.Sdk\targets\Microsoft.NET.Sdk.targets(784,5): message :       BeforeCompile;
       C:\Program Files\dotnet\sdk\9.0.305\Sdks\Microsoft.NET.Sdk\targets\Microsoft.NET.Sdk.targets(784,5): message :       _TimeStampBeforeCompile;
       C:\Program Files\dotnet\sdk\9.0.305\Sdks\Microsoft.NET.Sdk\targets\Microsoft.NET.Sdk.targets(784,5): message :       _GenerateCompileDependencyCache;
       C:\Program Files\dotnet\sdk\9.0.305\Sdks\Microsoft.NET.Sdk\targets\Microsoft.NET.Sdk.targets(784,5): message :       CoreCompile;
       C:\Program Files\dotnet\sdk\9.0.305\Sdks\Microsoft.NET.Sdk\targets\Microsoft.NET.Sdk.targets(784,5): message :       _TimeStampAfterCompile;
       C:\Program Files\dotnet\sdk\9.0.305\Sdks\Microsoft.NET.Sdk\targets\Microsoft.NET.Sdk.targets(784,5): message :       AfterCompile;
       C:\Program Files\dotnet\sdk\9.0.305\Sdks\Microsoft.NET.Sdk\targets\Microsoft.NET.Sdk.targets(784,5): message :     ;
       C:\Program Files\dotnet\sdk\9.0.305\Sdks\Microsoft.NET.Sdk\targets\Microsoft.NET.Sdk.targets(784,5): message :       _CreateAppHost;
       C:\Program Files\dotnet\sdk\9.0.305\Sdks\Microsoft.NET.Sdk\targets\Microsoft.NET.Sdk.targets(784,5): message :       _CreateComHost;
       C:\Program Files\dotnet\sdk\9.0.305\Sdks\Microsoft.NET.Sdk\targets\Microsoft.NET.Sdk.targets(784,5): message :       _GetIjwHostPaths;
       C:\Program Files\dotnet\sdk\9.0.305\Sdks\Microsoft.NET.Sdk\targets\Microsoft.NET.Sdk.targets(784,5): message :     " (previous value: "
       C:\Program Files\dotnet\sdk\9.0.305\Sdks\Microsoft.NET.Sdk\targets\Microsoft.NET.Sdk.targets(784,5): message :       ResolveReferences;
       C:\Program Files\dotnet\sdk\9.0.305\Sdks\Microsoft.NET.Sdk\targets\Microsoft.NET.Sdk.targets(784,5): message :       ResolveKeySource;
       C:\Program Files\dotnet\sdk\9.0.305\Sdks\Microsoft.NET.Sdk\targets\Microsoft.NET.Sdk.targets(784,5): message :       SetWin32ManifestProperties;
       C:\Program Files\dotnet\sdk\9.0.305\Sdks\Microsoft.NET.Sdk\targets\Microsoft.NET.Sdk.targets(784,5): message :       _SetPreferNativeArm64Win32ManifestProperties;
       C:\Program Files\dotnet\sdk\9.0.305\Sdks\Microsoft.NET.Sdk\targets\Microsoft.NET.Sdk.targets(784,5): message :       FindReferenceAssembliesForReferences;
       C:\Program Files\dotnet\sdk\9.0.305\Sdks\Microsoft.NET.Sdk\targets\Microsoft.NET.Sdk.targets(784,5): message :       _GenerateCompileInputs;
       C:\Program Files\dotnet\sdk\9.0.305\Sdks\Microsoft.NET.Sdk\targets\Microsoft.NET.Sdk.targets(784,5): message :       BeforeCompile;
       C:\Program Files\dotnet\sdk\9.0.305\Sdks\Microsoft.NET.Sdk\targets\Microsoft.NET.Sdk.targets(784,5): message :       _TimeStampBeforeCompile;
       C:\Program Files\dotnet\sdk\9.0.305\Sdks\Microsoft.NET.Sdk\targets\Microsoft.NET.Sdk.targets(784,5): message :       _GenerateCompileDependencyCache;
       C:\Program Files\dotnet\sdk\9.0.305\Sdks\Microsoft.NET.Sdk\targets\Microsoft.NET.Sdk.targets(784,5): message :       CoreCompile;
       C:\Program Files\dotnet\sdk\9.0.305\Sdks\Microsoft.NET.Sdk\targets\Microsoft.NET.Sdk.targets(784,5): message :       _TimeStampAfterCompile;
       C:\Program Files\dotnet\sdk\9.0.305\Sdks\Microsoft.NET.Sdk\targets\Microsoft.NET.Sdk.targets(784,5): message :       AfterCompile;
       C:\Program Files\dotnet\sdk\9.0.305\Sdks\Microsoft.NET.Sdk\targets\Microsoft.NET.Sdk.targets(784,5): message :     ") at C:\Program Files\dotnet\sdk\9.0.305\Sdks\Microsoft.NET.Sdk\targets\Microsoft.NET.Sdk.targets (784,5)
       C:\Program Files\dotnet\sdk\9.0.305\Sdks\Microsoft.NET.Sdk\targets\Microsoft.NET.Sdk.targets(1184,5): message : Property reassignment: $(CreateSatelliteAssembliesDependsOn)="
       C:\Program Files\dotnet\sdk\9.0.305\Sdks\Microsoft.NET.Sdk\targets\Microsoft.NET.Sdk.targets(1184,5): message :       
       C:\Program Files\dotnet\sdk\9.0.305\Sdks\Microsoft.NET.Sdk\targets\Microsoft.NET.Sdk.targets(1184,5): message :       ;
       C:\Program Files\dotnet\sdk\9.0.305\Sdks\Microsoft.NET.Sdk\targets\Microsoft.NET.Sdk.targets(1184,5): message :       _GenerateSatelliteAssemblyInputs;
       C:\Program Files\dotnet\sdk\9.0.305\Sdks\Microsoft.NET.Sdk\targets\Microsoft.NET.Sdk.targets(1184,5): message :       ComputeIntermediateSatelliteAssemblies;
       C:\Program Files\dotnet\sdk\9.0.305\Sdks\Microsoft.NET.Sdk\targets\Microsoft.NET.Sdk.targets(1184,5): message :       GenerateSatelliteAssemblies
       C:\Program Files\dotnet\sdk\9.0.305\Sdks\Microsoft.NET.Sdk\targets\Microsoft.NET.Sdk.targets(1184,5): message :     ;
       C:\Program Files\dotnet\sdk\9.0.305\Sdks\Microsoft.NET.Sdk\targets\Microsoft.NET.Sdk.targets(1184,5): message :       CoreGenerateSatelliteAssemblies
       C:\Program Files\dotnet\sdk\9.0.305\Sdks\Microsoft.NET.Sdk\targets\Microsoft.NET.Sdk.targets(1184,5): message :     " (previous value: "
       C:\Program Files\dotnet\sdk\9.0.305\Sdks\Microsoft.NET.Sdk\targets\Microsoft.NET.Sdk.targets(1184,5): message :       ;
       C:\Program Files\dotnet\sdk\9.0.305\Sdks\Microsoft.NET.Sdk\targets\Microsoft.NET.Sdk.targets(1184,5): message :       _GenerateSatelliteAssemblyInputs;
       C:\Program Files\dotnet\sdk\9.0.305\Sdks\Microsoft.NET.Sdk\targets\Microsoft.NET.Sdk.targets(1184,5): message :       ComputeIntermediateSatelliteAssemblies;
       C:\Program Files\dotnet\sdk\9.0.305\Sdks\Microsoft.NET.Sdk\targets\Microsoft.NET.Sdk.targets(1184,5): message :       GenerateSatelliteAssemblies
       C:\Program Files\dotnet\sdk\9.0.305\Sdks\Microsoft.NET.Sdk\targets\Microsoft.NET.Sdk.targets(1184,5): message :     ") at C:\Program Files\dotnet\sdk\9.0.305\Sdks\Microsoft.NET.Sdk\targets\Microsoft.NET.Sdk.targets (1184,5)
       C:\Program Files\dotnet\sdk\9.0.305\Sdks\Microsoft.SourceLink.GitLab\build\Microsoft.SourceLink.GitLab.targets(12,5): message : Property reassignment: $(SourceLinkUrlInitializerTargets)=";_InitializeGitHubSourceLinkUrl;_InitializeGitLabSourceLinkUrl" (previous value: ";_InitializeGitHubSourceLinkUrl") at C:\Program Files\dotnet\sdk\9.0.305\Sdks\Microsoft.SourceLink.GitLab\build\Microsoft.SourceLink.GitLab.targets (12,5)
       C:\Program Files\dotnet\sdk\9.0.305\Sdks\Microsoft.SourceLink.GitLab\build\Microsoft.SourceLink.GitLab.targets(13,5): message : Property reassignment: $(SourceControlManagerUrlTranslationTargets)=";TranslateGitHubUrlsInSourceControlInformation;TranslateGitLabUrlsInSourceControlInformation" (previous value: ";TranslateGitHubUrlsInSourceControlInformation") at C:\Program Files\dotnet\sdk\9.0.305\Sdks\Microsoft.SourceLink.GitLab\build\Microsoft.SourceLink.GitLab.targets (13,5)
       C:\Program Files\dotnet\sdk\9.0.305\Sdks\Microsoft.SourceLink.AzureRepos.Git\build\Microsoft.SourceLink.AzureRepos.Git.targets(12,5): message : Property reassignment: $(SourceLinkUrlInitializerTargets)=";_InitializeGitHubSourceLinkUrl;_InitializeGitLabSourceLinkUrl;_InitializeAzureReposGitSourceLinkUrl" (previous value: ";_InitializeGitHubSourceLinkUrl;_InitializeGitLabSourceLinkUrl") at C:\Program Files\dotnet\sdk\9.0.305\Sdks\Microsoft.SourceLink.AzureRepos.Git\build\Microsoft.SourceLink.AzureRepos.Git.targets (12,5)
       C:\Program Files\dotnet\sdk\9.0.305\Sdks\Microsoft.SourceLink.AzureRepos.Git\build\Microsoft.SourceLink.AzureRepos.Git.targets(13,5): message : Property reassignment: $(SourceControlManagerUrlTranslationTargets)=";TranslateGitHubUrlsInSourceControlInformation;TranslateGitLabUrlsInSourceControlInformation;TranslateAzureReposGitUrlsInSourceControlInformation" (previous value: ";TranslateGitHubUrlsInSourceControlInformation;TranslateGitLabUrlsInSourceControlInformation") at C:\Program Files\dotnet\sdk\9.0.305\Sdks\Microsoft.SourceLink.AzureRepos.Git\build\Microsoft.SourceLink.AzureRepos.Git.targets (13,5)
       C:\Program Files\dotnet\sdk\9.0.305\Sdks\Microsoft.SourceLink.Bitbucket.Git\build\Microsoft.SourceLink.Bitbucket.Git.targets(12,5): message : Property reassignment: $(SourceLinkUrlInitializerTargets)=";_InitializeGitHubSourceLinkUrl;_InitializeGitLabSourceLinkUrl;_InitializeAzureReposGitSourceLinkUrl;_InitializeBitbucketGitSourceLinkUrl" (previous value: ";_InitializeGitHubSourceLinkUrl;_InitializeGitLabSourceLinkUrl;_InitializeAzureReposGitSourceLinkUrl") at C:\Program Files\dotnet\sdk\9.0.305\Sdks\Microsoft.SourceLink.Bitbucket.Git\build\Microsoft.SourceLink.Bitbucket.Git.targets (12,5)
       C:\Program Files\dotnet\sdk\9.0.305\Sdks\Microsoft.SourceLink.Bitbucket.Git\build\Microsoft.SourceLink.Bitbucket.Git.targets(13,5): message : Property reassignment: $(SourceControlManagerUrlTranslationTargets)=";TranslateGitHubUrlsInSourceControlInformation;TranslateGitLabUrlsInSourceControlInformation;TranslateAzureReposGitUrlsInSourceControlInformation;TranslateBitbucketGitUrlsInSourceControlInformation" (previous value: ";TranslateGitHubUrlsInSourceControlInformation;TranslateGitLabUrlsInSourceControlInformation;TranslateAzureReposGitUrlsInSourceControlInformation") at C:\Program Files\dotnet\sdk\9.0.305\Sdks\Microsoft.SourceLink.Bitbucket.Git\build\Microsoft.SourceLink.Bitbucket.Git.targets (13,5)
       C:\Program Files\dotnet\sdk\9.0.305\Sdks\Microsoft.NET.Sdk\targets\Microsoft.NET.DesignerSupport.targets(21,5): message : Property reassignment: $(DesignerRuntimeImplementationProjectOutputGroupDependsOn)="
       C:\Program Files\dotnet\sdk\9.0.305\Sdks\Microsoft.NET.Sdk\targets\Microsoft.NET.DesignerSupport.targets(21,5): message :       
       C:\Program Files\dotnet\sdk\9.0.305\Sdks\Microsoft.NET.Sdk\targets\Microsoft.NET.DesignerSupport.targets(21,5): message :       ;
       C:\Program Files\dotnet\sdk\9.0.305\Sdks\Microsoft.NET.Sdk\targets\Microsoft.NET.DesignerSupport.targets(21,5): message :       
       C:\Program Files\dotnet\sdk\9.0.305\Sdks\Microsoft.NET.Sdk\targets\Microsoft.NET.DesignerSupport.targets(21,5): message :       ;
       C:\Program Files\dotnet\sdk\9.0.305\Sdks\Microsoft.NET.Sdk\targets\Microsoft.NET.DesignerSupport.targets(21,5): message :       BuildOnlySettings;
       C:\Program Files\dotnet\sdk\9.0.305\Sdks\Microsoft.NET.Sdk\targets\Microsoft.NET.DesignerSupport.targets(21,5): message :       PrepareForBuild;
       C:\Program Files\dotnet\sdk\9.0.305\Sdks\Microsoft.NET.Sdk\targets\Microsoft.NET.DesignerSupport.targets(21,5): message :       AssignTargetPaths;
       C:\Program Files\dotnet\sdk\9.0.305\Sdks\Microsoft.NET.Sdk\targets\Microsoft.NET.DesignerSupport.targets(21,5): message :       ResolveReferences
       C:\Program Files\dotnet\sdk\9.0.305\Sdks\Microsoft.NET.Sdk\targets\Microsoft.NET.DesignerSupport.targets(21,5): message :     
       C:\Program Files\dotnet\sdk\9.0.305\Sdks\Microsoft.NET.Sdk\targets\Microsoft.NET.DesignerSupport.targets(21,5): message :     ;
       C:\Program Files\dotnet\sdk\9.0.305\Sdks\Microsoft.NET.Sdk\targets\Microsoft.NET.DesignerSupport.targets(21,5): message :       _GenerateDesignerDepsFile;
       C:\Program Files\dotnet\sdk\9.0.305\Sdks\Microsoft.NET.Sdk\targets\Microsoft.NET.DesignerSupport.targets(21,5): message :       _GenerateDesignerRuntimeConfigFile;
       C:\Program Files\dotnet\sdk\9.0.305\Sdks\Microsoft.NET.Sdk\targets\Microsoft.NET.DesignerSupport.targets(21,5): message :       GetCopyToOutputDirectoryItems;
       C:\Program Files\dotnet\sdk\9.0.305\Sdks\Microsoft.NET.Sdk\targets\Microsoft.NET.DesignerSupport.targets(21,5): message :       _GatherDesignerShadowCopyFiles;
       C:\Program Files\dotnet\sdk\9.0.305\Sdks\Microsoft.NET.Sdk\targets\Microsoft.NET.DesignerSupport.targets(21,5): message :     " (previous value: "
       C:\Program Files\dotnet\sdk\9.0.305\Sdks\Microsoft.NET.Sdk\targets\Microsoft.NET.DesignerSupport.targets(21,5): message :       ;
       C:\Program Files\dotnet\sdk\9.0.305\Sdks\Microsoft.NET.Sdk\targets\Microsoft.NET.DesignerSupport.targets(21,5): message :       
       C:\Program Files\dotnet\sdk\9.0.305\Sdks\Microsoft.NET.Sdk\targets\Microsoft.NET.DesignerSupport.targets(21,5): message :       ;
       C:\Program Files\dotnet\sdk\9.0.305\Sdks\Microsoft.NET.Sdk\targets\Microsoft.NET.DesignerSupport.targets(21,5): message :       BuildOnlySettings;
       C:\Program Files\dotnet\sdk\9.0.305\Sdks\Microsoft.NET.Sdk\targets\Microsoft.NET.DesignerSupport.targets(21,5): message :       PrepareForBuild;
       C:\Program Files\dotnet\sdk\9.0.305\Sdks\Microsoft.NET.Sdk\targets\Microsoft.NET.DesignerSupport.targets(21,5): message :       AssignTargetPaths;
       C:\Program Files\dotnet\sdk\9.0.305\Sdks\Microsoft.NET.Sdk\targets\Microsoft.NET.DesignerSupport.targets(21,5): message :       ResolveReferences
       C:\Program Files\dotnet\sdk\9.0.305\Sdks\Microsoft.NET.Sdk\targets\Microsoft.NET.DesignerSupport.targets(21,5): message :     
       C:\Program Files\dotnet\sdk\9.0.305\Sdks\Microsoft.NET.Sdk\targets\Microsoft.NET.DesignerSupport.targets(21,5): message :     ") at C:\Program Files\dotnet\sdk\9.0.305\Sdks\Microsoft.NET.Sdk\targets\Microsoft.NET.DesignerSupport.targets (21,5)
       C:\Program Files\dotnet\sdk\9.0.305\Sdks\Microsoft.NET.Sdk\targets\Microsoft.NET.PackTool.targets(68,5): message : Property reassignment: $(_GenerateToolsSettingsFileCacheFile)="C:\Users\hisha\Documents\Bomberman\obj\Debug\net9.0\Bomberman.toolssettingsinput.cache" (previous value: "obj\Debug\net9.0\Bomberman.toolssettingsinput.cache") at C:\Program Files\dotnet\sdk\9.0.305\Sdks\Microsoft.NET.Sdk\targets\Microsoft.NET.PackTool.targets (68,5)
       C:\Program Files\dotnet\sdk\9.0.305\Sdks\Microsoft.NET.Sdk\targets\Microsoft.NET.PackTool.targets(137,5): message : Property reassignment: $(_ShimInputCacheFile)="C:\Users\hisha\Documents\Bomberman\obj\Debug\net9.0\Bomberman.shiminput.cache" (previous value: "obj\Debug\net9.0\Bomberman.shiminput.cache") at C:\Program Files\dotnet\sdk\9.0.305\Sdks\Microsoft.NET.Sdk\targets\Microsoft.NET.PackTool.targets (137,5)
       C:\Program Files\dotnet\sdk\9.0.305\Sdks\Microsoft.NET.Sdk\targets\Microsoft.NET.PackTool.targets(139,5): message : Property reassignment: $(_ShimCreatedSentinelFile)="C:\Users\hisha\Documents\Bomberman\obj\Debug\net9.0\Bomberman.shimcreated.sentinel" (previous value: "obj\Debug\net9.0\Bomberman.shimcreated.sentinel") at C:\Program Files\dotnet\sdk\9.0.305\Sdks\Microsoft.NET.Sdk\targets\Microsoft.NET.PackTool.targets (139,5)
       C:\Program Files\dotnet\sdk\9.0.305\Sdks\Microsoft.NET.Sdk\targets\Microsoft.NET.Sdk.CSharp.targets(31,5): message : Property reassignment: $(DefineConstants)="TRACE;DEBUG" (previous value: "TRACE") at C:\Program Files\dotnet\sdk\9.0.305\Sdks\Microsoft.NET.Sdk\targets\Microsoft.NET.Sdk.CSharp.targets (31,5)
       C:\Program Files\dotnet\sdk\9.0.305\Sdks\Microsoft.NET.Sdk\targets\Microsoft.NET.Sdk.CSharp.targets(34,5): message : Property reassignment: $(DefineConstants)="TRACE;DEBUG;NET;NET9_0;NETCOREAPP" (previous value: "TRACE;DEBUG") at C:\Program Files\dotnet\sdk\9.0.305\Sdks\Microsoft.NET.Sdk\targets\Microsoft.NET.Sdk.CSharp.targets (34,5)
       C:\Program Files\dotnet\sdk\9.0.305\Sdks\Microsoft.NET.Sdk\targets\Microsoft.NET.Sdk.CSharp.targets(48,5): message : Property reassignment: $(WarningsAsErrors)=";NU1605;SYSLIB0011" (previous value: ";NU1605") at C:\Program Files\dotnet\sdk\9.0.305\Sdks\Microsoft.NET.Sdk\targets\Microsoft.NET.Sdk.CSharp.targets (48,5)
       C:\Program Files\dotnet\sdk\9.0.305\Sdks\NuGet.Build.Tasks.Pack\build\NuGet.Build.Tasks.Pack.targets(34,5): message : Property reassignment: $(PackageDescription)="Package Description" (previous value: "") at C:\Program Files\dotnet\sdk\9.0.305\Sdks\NuGet.Build.Tasks.Pack\build\NuGet.Build.Tasks.Pack.targets (34,5)
       C:\Program Files\dotnet\sdk\9.0.305\Sdks\NuGet.Build.Tasks.Pack\build\NuGet.Build.Tasks.Pack.targets(59,5): message : Property reassignment: $(GenerateNuspecDependsOn)="Build;_LoadPackInputItems; _GetTargetFrameworksOutput; _WalkEachTargetPerFramework; _GetPackageFiles; " (previous value: "_LoadPackInputItems; _GetTargetFrameworksOutput; _WalkEachTargetPerFramework; _GetPackageFiles; ") at C:\Program Files\dotnet\sdk\9.0.305\Sdks\NuGet.Build.Tasks.Pack\build\NuGet.Build.Tasks.Pack.targets (59,5)
       C:\Program Files\dotnet\sdk\9.0.305\Sdks\Microsoft.NET.Sdk\Sdk\Sdk.targets(60,5): message : Property reassignment: $(_IsNotSetContainersTargetsDir)="true" (previous value: "false") at C:\Program Files\dotnet\sdk\9.0.305\Sdks\Microsoft.NET.Sdk\Sdk\Sdk.targets (60,5)
       C:\Program Files\dotnet\sdk\9.0.305\Containers\build\Microsoft.NET.Build.Containers.targets(5,5): message : Property reassignment: $(_IsSDKContainerAllowedVersion)="true" (previous value: "false") at C:\Program Files\dotnet\sdk\9.0.305\Containers\build\Microsoft.NET.Build.Containers.targets (5,5)
       C:\Program Files\dotnet\sdk\9.0.305\Containers\build\Microsoft.NET.Build.Containers.targets(15,5): message : Property reassignment: $(_ContainerIsTargetingNet8TFM)="true" (previous value: "false") at C:\Program Files\dotnet\sdk\9.0.305\Containers\build\Microsoft.NET.Build.Containers.targets (15,5)
       Overriding target "ResolveFrameworkReferences" in project "C:\Program Files\dotnet\sdk\9.0.305\Microsoft.Common.CurrentVersion.targets" with target "ResolveFrameworkReferences" from project "C:\Program Files\dotnet\sdk\9.0.305\Sdks\Microsoft.NET.Sdk\targets\Microsoft.NET.Sdk.FrameworkReferenceResolution.targets".
       Overriding target "Run" in project "C:\Program Files\dotnet\sdk\9.0.305\Microsoft.Common.CurrentVersion.targets" with target "Run" from project "C:\Program Files\dotnet\sdk\9.0.305\Sdks\Microsoft.NET.Sdk\targets\Microsoft.NET.Sdk.targets".
       Overriding target "GenerateSupportedTargetFrameworkAlias" in project "C:\Program Files\dotnet\sdk\9.0.305\Microsoft.Common.CurrentVersion.targets" with target "GenerateSupportedTargetFrameworkAlias" from project "C:\Program Files\dotnet\sdk\9.0.305\Sdks\Microsoft.NET.Sdk\targets\Microsoft.NET.Sdk.targets".
       Overriding target "GetReferenceAssemblyPaths" in project "C:\Program Files\dotnet\sdk\9.0.305\Microsoft.Common.CurrentVersion.targets" with target "GetReferenceAssemblyPaths" from project "C:\Program Files\dotnet\sdk\9.0.305\Sdks\Microsoft.NET.Sdk\targets\Microsoft.NET.DisableStandardFrameworkResolution.targets".
       Overriding target "GetFrameworkPaths" in project "C:\Program Files\dotnet\sdk\9.0.305\Microsoft.Common.CurrentVersion.targets" with target "GetFrameworkPaths" from project "C:\Program Files\dotnet\sdk\9.0.305\Sdks\Microsoft.NET.Sdk\targets\Microsoft.NET.DisableStandardFrameworkResolution.targets".
       Overriding target "DesignerRuntimeImplementationProjectOutputGroup" in project "C:\Program Files\dotnet\sdk\9.0.305\Microsoft.Common.CurrentVersion.targets" with target "DesignerRuntimeImplementationProjectOutputGroup" from project "C:\Program Files\dotnet\sdk\9.0.305\Sdks\Microsoft.NET.Sdk\targets\Microsoft.NET.DesignerSupport.targets".
       Overriding target "Publish" in project "C:\Program Files\dotnet\sdk\9.0.305\Microsoft.Common.CurrentVersion.targets" with target "Publish" from project "C:\Program Files\dotnet\sdk\9.0.305\Sdks\Microsoft.NET.Sdk\targets\Microsoft.NET.Publish.targets".
       Overriding target "ResolveReadyToRunCompilers" in project "C:\Program Files\dotnet\sdk\9.0.305\Sdks\Microsoft.NET.Sdk\targets\Microsoft.NET.CrossGen.targets" with target "ResolveReadyToRunCompilers" from project "C:\Program Files\dotnet\sdk\9.0.305\Sdks\Microsoft.NET.Sdk\targets\Microsoft.NET.Publish.targets".
       Overriding target "GetCopyToPublishDirectoryItems" in project "C:\Program Files\dotnet\sdk\9.0.305\Microsoft.Common.CurrentVersion.targets" with target "GetCopyToPublishDirectoryItems" from project "C:\Program Files\dotnet\sdk\9.0.305\Sdks\Microsoft.NET.Sdk\targets\Microsoft.NET.Publish.targets".
   1:7>Project "C:\Users\hisha\Documents\Bomberman\Bomberman.csproj" on node 1 (default targets).
   1:7>Target "_CheckForUnsupportedTargetFramework" skipped, due to false condition; ('$(_UnsupportedTargetFrameworkError)' == 'true') was evaluated as ('' == 'true').
   1:7>Target "_CollectTargetFrameworkForTelemetry" in file "C:\Program Files\dotnet\sdk\9.0.305\Sdks\Microsoft.NET.Sdk\targets\Microsoft.NET.TargetFrameworkInference.targets" from project "C:\Users\hisha\Documents\Bomberman\Bomberman.csproj" (target "_CheckForInvalidConfigurationAndPlatform" depends on it):
       Using "AllowEmptyTelemetry" task from assembly "C:\Program Files\dotnet\sdk\9.0.305\Sdks\Microsoft.NET.Sdk\targets\..\tools\net9.0\Microsoft.NET.Build.Tasks.dll".
       Task "AllowEmptyTelemetry"
       Done executing task "AllowEmptyTelemetry".
   1:7>Done building target "_CollectTargetFrameworkForTelemetry" in project "Bomberman.csproj".
       Target "_CheckForUnsupportedTargetPlatformIdentifier" skipped, due to false condition; ('$(TargetPlatformIdentifier)' != '' and '$(TargetFrameworkIdentifier)' == '.NETCoreApp' and $([MSBuild]::VersionGreaterThanOrEquals($(TargetFrameworkVersion), 5.0)) And ('$(DesignTimeBuild)' != 'true' Or '@(MissingWorkloadPack)' == '')) was evaluated as ('' != '' and '.NETCoreApp' == '.NETCoreApp' and True And ('' != 'true' Or '' == '')).
       Target "_CheckForMissingWorkload" skipped, due to false condition; ('@(MissingWorkloadPack)' != '' And '$(DesignTimeBuild)' != 'true') was evaluated as ('' != '' And '' != 'true').
   1:7>Target "_CheckForUnsupportedNETCoreVersion" in file "C:\Program Files\dotnet\sdk\9.0.305\Sdks\Microsoft.NET.Sdk\targets\Microsoft.NET.TargetFrameworkInference.targets" from project "C:\Users\hisha\Documents\Bomberman\Bomberman.csproj" (target "_CheckForInvalidConfigurationAndPlatform" depends on it):
       Task "NETSdkError" skipped, due to false condition; ('$(_TargetFrameworkVersionWithoutV)' > '$(NETCoreAppMaximumVersion)' and '$(DisplayVSMessage)' != 'true') was evaluated as ('9.0' > '9.0' and '' != 'true').
       Task "NETSdkError" skipped, due to false condition; ('$(DisplayVSMessage)' == 'true') was evaluated as ('' == 'true').
   1:7>Done building target "_CheckForUnsupportedNETCoreVersion" in project "Bomberman.csproj".
       Target "_CheckForEolTargetFrameworks" skipped, due to false condition; ('@(_EolNetCoreTargetFrameworkVersions->AnyHaveMetadataValue('Identity', '$(_TargetFrameworkVersionWithoutV)'))' and '$(TargetFrameworkIdentifier)' == '.NETCoreApp' and '$(CheckEolTargetFramework)' == 'true') was evaluated as ('false' and '.NETCoreApp' == '.NETCoreApp' and 'true' == 'true').
       Target "_CheckForEolWorkloads" skipped, due to false condition; ('@(EolWorkload)' != '' and '$(CheckEolWorkloads)' == 'true') was evaluated as ('' != '' and 'true' == 'true').
       Target "_CheckForNotRecommendedNETStandardVersion" skipped, due to false condition; ('$(TargetFrameworkIdentifier)' == '.NETStandard' and $([MSBuild]::VersionLessThan($(TargetFrameworkVersion), '2.0'))) was evaluated as ('.NETCoreApp' == '.NETStandard' and False).
   1:7>Target "_CheckForUnsupportedCppNETCoreVersion" in file "C:\Program Files\dotnet\sdk\9.0.305\Sdks\Microsoft.NET.Sdk\targets\Microsoft.NET.TargetFrameworkInference.targets" from project "C:\Users\hisha\Documents\Bomberman\Bomberman.csproj" (target "_CheckForInvalidConfigurationAndPlatform" depends on it):
       Task "NETSdkError" skipped, due to false condition; ('$(TargetFrameworkIdentifier)' == '.NETCoreApp' and '$(_TargetFrameworkVersionWithoutV)' < '3.1' and ('$(Language)' == 'C++' and '$(_EnablePackageReferencesInVCProjects)' != 'true')) was evaluated as ('.NETCoreApp' == '.NETCoreApp' and '9.0' < '3.1' and ('C#' == 'C++' and '' != 'true')).
   1:7>Done building target "_CheckForUnsupportedCppNETCoreVersion" in project "Bomberman.csproj".
       Target "_CheckForUnsupportedNETStandardVersion" skipped, due to false condition; ('$(TargetFrameworkIdentifier)' == '.NETStandard' And '$(NETStandardMaximumVersion)' != '') was evaluated as ('.NETCoreApp' == '.NETStandard' And '' != '').
       Target "_CheckForUnsupportedTargetFrameworkAndFeatureCombination" skipped, due to false condition; ('$(TargetFrameworkIdentifier)' == '.NETFramework') was evaluated as ('.NETCoreApp' == '.NETFramework').
       Target "_CheckForSupportedOSPlatformVersionHigherThanTargetPlatformVersion" skipped, due to false condition; ('$(TargetPlatformVersion)' != '' and '$(TargetFrameworkIdentifier)' == '.NETCoreApp' and $([MSBuild]::VersionGreaterThanOrEquals($(TargetFrameworkVersion), 5.0))) was evaluated as ('' != '' and '.NETCoreApp' == '.NETCoreApp' and True).
       Target "_CheckForInvalidTargetPlatformVersion" skipped, due to false condition; ('$(TargetPlatformVersion)' != '' and '$(TargetFrameworkIdentifier)' == '.NETCoreApp' and $([MSBuild]::VersionGreaterThanOrEquals($(TargetFrameworkVersion), 5.0)) and ('$(Language)' != 'C++' or '$(_EnablePackageReferencesInVCProjects)' == 'true')) was evaluated as ('' != '' and '.NETCoreApp' == '.NETCoreApp' and True and ('C#' != 'C++' or '' == 'true')).
   1:7>Target "_CheckForUnsupportedArtifactsPath" in file "C:\Program Files\dotnet\sdk\9.0.305\Sdks\Microsoft.NET.Sdk\targets\Microsoft.NET.DefaultOutputPaths.targets" from project "C:\Users\hisha\Documents\Bomberman\Bomberman.csproj" (target "_CheckForInvalidConfigurationAndPlatform" depends on it):
       Task "NetSdkError" skipped, due to false condition; ('$(UseArtifactsOutput)' == 'true' and '$(_ArtifactsPathSetEarly)' != 'true') was evaluated as ('' == 'true' and '' != 'true').
       Task "NetSdkError" skipped, due to false condition; ('$(_ArtifactsPathLocationType)' == 'ProjectFolder') was evaluated as ('' == 'ProjectFolder').
   1:7>Done building target "_CheckForUnsupportedArtifactsPath" in project "Bomberman.csproj".
       Target "_CheckForMissingWorkload" skipped, due to false condition; ('@(MissingWorkloadPack)' != '' And '$(DesignTimeBuild)' != 'true') was evaluated as ('' != '' And '' != 'true').
   1:7>Target "_CheckForUnsupportedAppHostUsage" in file "C:\Program Files\dotnet\sdk\9.0.305\Sdks\Microsoft.NET.Sdk\targets\Microsoft.NET.RuntimeIdentifierInference.targets" from project "C:\Users\hisha\Documents\Bomberman\Bomberman.csproj" (target "_CheckForInvalidConfigurationAndPlatform" depends on it):
       Task "NETSdkError" skipped, due to false condition; ('$(SelfContained)' == 'true' and '$(RuntimeIdentifier)' == '' and '$(AllowSelfContainedWithoutRuntimeIdentifier)' != 'true') was evaluated as ('false' == 'true' and '' == '' and '' != 'true').
       Task "NETSdkError" skipped, due to false condition; ('$(PublishReadyToRun)' == 'true' and '$(RuntimeIdentifier)' == '' and '$(_IsPublishing)' == 'true') was evaluated as ('' == 'true' and '' == '' and '' == 'true').
       Task "NETSdkError" skipped, due to false condition; ('$(PublishSingleFile)' == 'true' and '$(RuntimeIdentifier)' == '' and '$(_IsPublishing)' == 'true') was evaluated as ('' == 'true' and '' == '' and '' == 'true').
       Task "NETSdkError" skipped, due to false condition; ('$(PublishAot)' == 'true' and '$(RuntimeIdentifier)' == '' and '$(_IsPublishing)' == 'true' and '$(AllowPublishAotWithoutRuntimeIdentifier)' != 'true') was evaluated as ('' == 'true' and '' == '' and '' == 'true' and '' != 'true').
       Task "NETSdkError" skipped, due to false condition; ('$(PublishSelfContained)' != 'true' and '$(PublishSelfContained)' != 'false' and '$(PublishSelfContained)' != '') was evaluated as ('' != 'true' and '' != 'false' and '' != '').
       Task "NETSdkError" skipped, due to false condition; ('$(SelfContained)' == 'true' and '$(UseAppHost)' != 'true' and '$(_RuntimeIdentifierUsesAppHost)' == 'true') was evaluated as ('false' == 'true' and 'true' != 'true' and 'true' == 'true').
       Task "NETSdkError" skipped, due to false condition; ('$(SelfContained)' != 'true' and '$(UseAppHost)' == 'true' and '$(_TargetFrameworkVersionWithoutV)' < '2.1') was evaluated as ('false' != 'true' and 'true' == 'true' and '9.0' < '2.1').
       Task "NETSdkError" skipped, due to false condition; ('$(PublishSingleFile)' == 'true' and '$(_TargetFrameworkVersionWithoutV)' < '3.0') was evaluated as ('' == 'true' and '9.0' < '3.0').
       Task "NETSdkWarning" skipped, due to false condition; ('$(PublishReadyToRun)' == 'true' and '$(_TargetFrameworkVersionWithoutV)' < '3.0') was evaluated as ('' == 'true' and '9.0' < '3.0').
       Task "NETSdkWarning" skipped, due to false condition; ('$(RuntimeIdentifier)' != '' and '$(_TargetFrameworkVersionWithoutV)' != '' and $([MSBuild]::VersionLessThan($(_TargetFrameworkVersionWithoutV), '8.0')) and '$(_SelfContainedWasSpecified)' != 'true') was evaluated as ('' != '' and '9.0' != '' and False and '' != 'true').
       Task "NetSdkError" skipped, due to false condition; (('$(UseWindowsForms)' == 'true') and ('$(PublishTrimmed)' == 'true') and ('$(_SuppressWinFormsTrimError)' != 'true')) was evaluated as (('' == 'true') and ('' == 'true') and ('' != 'true')).
       Task "NetSdkError" skipped, due to false condition; (('$(UseWpf)' == 'true') and ('$(PublishTrimmed)' == 'true') and ('$(_SuppressWpfTrimError)' != 'true')) was evaluated as (('' == 'true') and ('' == 'true') and ('' != 'true')).
   1:7>Done building target "_CheckForUnsupportedAppHostUsage" in project "Bomberman.csproj".
   1:7>Target "_CheckForUnsupportedHostingUsage" in file "C:\Program Files\dotnet\sdk\9.0.305\Sdks\Microsoft.NET.Sdk\targets\Microsoft.NET.RuntimeIdentifierInference.targets" from project "C:\Users\hisha\Documents\Bomberman\Bomberman.csproj" (target "_CheckForInvalidConfigurationAndPlatform" depends on it):
       Task "NETSdkWarning" skipped, due to false condition; ('$(SelfContained)' == 'true' and '$(EnableComHosting)' == 'true') was evaluated as ('false' == 'true' and '' == 'true').
   1:7>Done building target "_CheckForUnsupportedHostingUsage" in project "Bomberman.csproj".
   1:7>Target "_CheckAndUnsetUnsupportedPrefer32Bit" in file "C:\Program Files\dotnet\sdk\9.0.305\Sdks\Microsoft.NET.Sdk\targets\Microsoft.NET.RuntimeIdentifierInference.targets" from project "C:\Users\hisha\Documents\Bomberman\Bomberman.csproj" (target "_CheckForInvalidConfigurationAndPlatform" depends on it):
       Task "NETSdkWarning" skipped, due to false condition; ('$(Prefer32Bit)' == 'true') was evaluated as ('false' == 'true').
   1:7>Done building target "_CheckAndUnsetUnsupportedPrefer32Bit" in project "Bomberman.csproj".
       Target "_CheckAndUnsetUnsupportedPreferNativeArm64" skipped, due to false condition; ('$(TargetFrameworkIdentifier)' == '.NETCoreApp' and '$(PreferNativeArm64)' == 'true') was evaluated as ('.NETCoreApp' == '.NETCoreApp' and 'false' == 'true').
       Target "_CheckForMismatchingPlatform" skipped, due to false condition; ('$(RuntimeIdentifier)' != '' and '$(PlatformTarget)' != '') was evaluated as ('' != '' and '' != '').
   1:7>Target "_CheckForLanguageAndFeatureCombinationSupport" in file "C:\Program Files\dotnet\sdk\9.0.305\Sdks\Microsoft.NET.Sdk\targets\Microsoft.NET.RuntimeIdentifierInference.targets" from project "C:\Users\hisha\Documents\Bomberman\Bomberman.csproj" (target "_CheckForInvalidConfigurationAndPlatform" depends on it):
       Task "NETSdkError" skipped, due to false condition; (('$(Language)' == 'C++' and '$(_EnablePackageReferencesInVCProjects)' != 'true') and $(OutputType) != 'library' and '$(TargetFrameworkIdentifier)' == '.NETCoreApp') was evaluated as (('C#' == 'C++' and '' != 'true') and Exe != 'library' and '.NETCoreApp' == '.NETCoreApp').
       Task "NETSdkError" skipped, due to false condition; (('$(Language)' == 'C++' and '$(_EnablePackageReferencesInVCProjects)' != 'true') and $(EnableComHosting) == 'true') was evaluated as (('C#' == 'C++' and '' != 'true') and  == 'true').
       Task "NETSdkError" skipped, due to false condition; (('$(Language)' == 'C++' and '$(_EnablePackageReferencesInVCProjects)' != 'true') and $(SelfContained) == 'true') was evaluated as (('C#' == 'C++' and '' != 'true') and false == 'true').
   1:7>Done building target "_CheckForLanguageAndFeatureCombinationSupport" in project "Bomberman.csproj".
       Target "_CheckForNETCoreSdkIsPreview" skipped, due to false condition; ( '$(_NETCoreSdkIsPreview)' == 'true' AND '$(SuppressNETCoreSdkPreviewMessage)' != 'true' ) was evaluated as ( 'false' == 'true' AND '' != 'true' ).
   1:7>Target "_GetProjectJsonPath" in file "C:\Program Files\dotnet\sdk\9.0.305\NuGet.targets" from project "C:\Users\hisha\Documents\Bomberman\Bomberman.csproj" (target "_GetRestoreProjectStyle" depends on it):
       Task "GetRestoreProjectJsonPathTask" skipped, due to false condition; ( '$(RestoreProjectStyle)' == 'ProjectJson' OR '$(RestoreProjectStyle)' == '' ) was evaluated as ( 'PackageReference' == 'ProjectJson' OR 'PackageReference' == '' ).
   1:7>Done building target "_GetProjectJsonPath" in project "Bomberman.csproj".
       Target "_CheckForUnsupportedTargetPlatformIdentifier" skipped, due to false condition; ('$(TargetPlatformIdentifier)' != '' and '$(TargetFrameworkIdentifier)' == '.NETCoreApp' and $([MSBuild]::VersionGreaterThanOrEquals($(TargetFrameworkVersion), 5.0)) And ('$(DesignTimeBuild)' != 'true' Or '@(MissingWorkloadPack)' == '')) was evaluated as ('' != '' and '.NETCoreApp' == '.NETCoreApp' and True And ('' != 'true' Or '' == '')).
       Target "_CheckForMissingWorkload" skipped, due to false condition; ('@(MissingWorkloadPack)' != '' And '$(DesignTimeBuild)' != 'true') was evaluated as ('' != '' And '' != 'true').
       Target "_CheckForNotRecommendedNETStandardVersion" skipped, due to false condition; ('$(TargetFrameworkIdentifier)' == '.NETStandard' and $([MSBuild]::VersionLessThan($(TargetFrameworkVersion), '2.0'))) was evaluated as ('.NETCoreApp' == '.NETStandard' and False).
       Target "_CheckForUnsupportedNETStandardVersion" skipped, due to false condition; ('$(TargetFrameworkIdentifier)' == '.NETStandard' And '$(NETStandardMaximumVersion)' != '') was evaluated as ('.NETCoreApp' == '.NETStandard' And '' != '').
       Target "_CheckForUnsupportedTargetFrameworkAndFeatureCombination" skipped, due to false condition; ('$(TargetFrameworkIdentifier)' == '.NETFramework') was evaluated as ('.NETCoreApp' == '.NETFramework').
   1:7>Target "UpdateAspNetToFrameworkReference" in file "C:\Program Files\dotnet\sdk\9.0.305\Sdks\Microsoft.NET.Sdk\targets\Microsoft.NET.Sdk.DefaultItems.Shared.targets" from project "C:\Users\hisha\Documents\Bomberman\Bomberman.csproj" (target "ApplyImplicitVersions" depends on it):
       Using "CheckIfPackageReferenceShouldBeFrameworkReference" task from assembly "C:\Program Files\dotnet\sdk\9.0.305\Sdks\Microsoft.NET.Sdk\targets\..\tools\net9.0\Microsoft.NET.Build.Tasks.dll".
       Task "CheckIfPackageReferenceShouldBeFrameworkReference"
       Done executing task "CheckIfPackageReferenceShouldBeFrameworkReference".
       Task "NETSdkError" skipped, due to false condition; ('$(_ShouldRemoveAspNetCoreAll)' == 'true') was evaluated as ('False' == 'true').
       Task "CheckIfPackageReferenceShouldBeFrameworkReference"
       Done executing task "CheckIfPackageReferenceShouldBeFrameworkReference".
       Task "NETSdkWarning" skipped, due to false condition; ('$(_ShouldRemoveAspNetCoreApp)' == 'true') was evaluated as ('False' == 'true').
   1:7>Done building target "UpdateAspNetToFrameworkReference" in project "Bomberman.csproj".
       Target "IncludeTargetingPackReference" skipped, due to false condition; ('$(TargetFrameworkMoniker)' != '' and '$(TargetFrameworkIdentifier)' == '.NETFramework' and '$(AutomaticallyUseReferenceAssemblyPackages)' == 'true') was evaluated as ('.NETCoreApp,Version=v9.0' != '' and '.NETCoreApp' == '.NETFramework' and 'true' == 'true').
   1:7>Target "CheckForImplicitPackageReferenceOverrides" in file "C:\Program Files\dotnet\sdk\9.0.305\Sdks\Microsoft.NET.Sdk\targets\Microsoft.NET.Sdk.DefaultItems.Shared.targets" from project "C:\Users\hisha\Documents\Bomberman\Bomberman.csproj" (target "ApplyImplicitVersions" depends on it):
       Using "CheckForImplicitPackageReferenceOverrides" task from assembly "C:\Program Files\dotnet\sdk\9.0.305\Sdks\Microsoft.NET.Sdk\targets\..\tools\net9.0\Microsoft.NET.Build.Tasks.dll".
       Task "CheckForImplicitPackageReferenceOverrides"
       Done executing task "CheckForImplicitPackageReferenceOverrides".
   1:7>Done building target "CheckForImplicitPackageReferenceOverrides" in project "Bomberman.csproj".
   1:7>Target "ApplyImplicitVersions" in file "C:\Program Files\dotnet\sdk\9.0.305\Sdks\Microsoft.NET.Sdk\targets\Microsoft.NET.Sdk.DefaultItems.Shared.targets" from project "C:\Users\hisha\Documents\Bomberman\Bomberman.csproj" (target "CollectPackageReferences" depends on it):
       Using "ApplyImplicitVersions" task from assembly "C:\Program Files\dotnet\sdk\9.0.305\Sdks\Microsoft.NET.Sdk\targets\..\tools\net9.0\Microsoft.NET.Build.Tasks.dll".
       Task "ApplyImplicitVersions"
       Done executing task "ApplyImplicitVersions".
   1:7>Done building target "ApplyImplicitVersions" in project "Bomberman.csproj".
       Target "CheckForImplicitPackageReferenceOverrides" skipped. Previously built successfully.
       Target "AddWindowsSdkKnownFrameworkReferences" skipped, due to false condition; ('$(TargetFrameworkIdentifier)' == '.NETCoreApp' And '$(TargetPlatformIdentifier)' == 'Windows'
                            And ('$(Language)' != 'C++' Or '$(IncludeWindowsSDKRefFrameworkReferences)' == 'true')) was evaluated as ('.NETCoreApp' == '.NETCoreApp' And '' == 'Windows'
                            And ('C#' != 'C++' Or '' == 'true')).
       Target "_NormalizeTargetPlatformVersion" skipped, due to false condition; ('$(TargetPlatformVersion)' != '' and '$(TargetFrameworkIdentifier)' == '.NETCoreApp' and $([MSBuild]::VersionGreaterThanOrEquals($(TargetFrameworkVersion), 5.0)) and ('$(Language)' != 'C++' or '$(_EnablePackageReferencesInVCProjects)' == 'true')) was evaluated as ('' != '' and '.NETCoreApp' == '.NETCoreApp' and True and ('C#' != 'C++' or '' == 'true')).
   1:7>Target "_ComputeToolPackInputsToProcessFrameworkReferences" in file "C:\Program Files\dotnet\sdk\9.0.305\Sdks\Microsoft.NET.Sdk\targets\Microsoft.NET.Publish.targets" from project "C:\Users\hisha\Documents\Bomberman\Bomberman.csproj" (target "ProcessFrameworkReferences" depends on it):
   1:7>Done building target "_ComputeToolPackInputsToProcessFrameworkReferences" in project "Bomberman.csproj".
   1:7>Target "ProcessFrameworkReferences" in file "C:\Program Files\dotnet\sdk\9.0.305\Sdks\Microsoft.NET.Sdk\targets\Microsoft.NET.Sdk.FrameworkReferenceResolution.targets" from project "C:\Users\hisha\Documents\Bomberman\Bomberman.csproj" (target "CollectPackageReferences" depends on it):
       Using "CheckForDuplicateFrameworkReferences" task from assembly "C:\Program Files\dotnet\sdk\9.0.305\Sdks\Microsoft.NET.Sdk\targets\..\tools\net9.0\Microsoft.NET.Build.Tasks.dll".
       Task "CheckForDuplicateFrameworkReferences"
       Done executing task "CheckForDuplicateFrameworkReferences".
       Using "ProcessFrameworkReferences" task from assembly "C:\Program Files\dotnet\sdk\9.0.305\Sdks\Microsoft.NET.Sdk\targets\..\tools\net9.0\Microsoft.NET.Build.Tasks.dll".
       Task "ProcessFrameworkReferences"
       Done executing task "ProcessFrameworkReferences".
       Using "ResolveAppHosts" task from assembly "C:\Program Files\dotnet\sdk\9.0.305\Sdks\Microsoft.NET.Sdk\targets\..\tools\net9.0\Microsoft.NET.Build.Tasks.dll".
       Task "ResolveAppHosts"
       Done executing task "ResolveAppHosts".
   1:7>Done building target "ProcessFrameworkReferences" in project "Bomberman.csproj".
       Target "IncludeTargetingPackReference" skipped, due to false condition; ('$(TargetFrameworkMoniker)' != '' and '$(TargetFrameworkIdentifier)' == '.NETFramework' and '$(AutomaticallyUseReferenceAssemblyPackages)' == 'true') was evaluated as ('.NETCoreApp,Version=v9.0' != '' and '.NETCoreApp' == '.NETFramework' and 'true' == 'true').
       Target "_CheckMicrosoftNetCompilersToolsetFrameworkPackageReference" skipped, due to false condition; ('$(MSBuildRuntimeType)' == 'Full') was evaluated as ('Core' == 'Full').
   1:7>Target "_CheckForObsoleteDotNetCliToolReferences" in file "C:\Program Files\dotnet\sdk\9.0.305\Sdks\Microsoft.NET.Sdk\targets\Microsoft.NET.ObsoleteReferences.targets" from project "C:\Users\hisha\Documents\Bomberman\Bomberman.csproj" (target "CollectPackageReferences" depends on it):
       Task "NETSdkWarning" skipped, due to false condition; ( '%(_ReferenceToObsoleteDotNetCliTool.Identity)' != '' ) was evaluated as ( '' != '' ).
   1:7>Done building target "_CheckForObsoleteDotNetCliToolReferences" in project "Bomberman.csproj".
   1:7>Target "CollectPackageReferences" in file "C:\Program Files\dotnet\sdk\9.0.305\NuGet.targets" from project "C:\Users\hisha\Documents\Bomberman\Bomberman.csproj" (target "_GetRestoreProjectStyle" depends on it):
       Using "CheckForDuplicateNuGetItemsTask" task from assembly "C:\Program Files\dotnet\sdk\9.0.305\NuGet.Build.Tasks.dll".
       Task "CheckForDuplicateNuGetItemsTask"
       Done executing task "CheckForDuplicateNuGetItemsTask".
   1:7>Done building target "CollectPackageReferences" in project "Bomberman.csproj".
   1:7>Target "_GetRestoreProjectStyle" in file "C:\Program Files\dotnet\sdk\9.0.305\NuGet.targets" from project "C:\Users\hisha\Documents\Bomberman\Bomberman.csproj" (target "EnableIntermediateOutputPathMismatchWarning" depends on it):
       Using "GetRestoreProjectStyleTask" task from assembly "C:\Program Files\dotnet\sdk\9.0.305\NuGet.Build.Tasks.dll".
       Task "GetRestoreProjectStyleTask"
       Done executing task "GetRestoreProjectStyleTask".
   1:7>Done building target "_GetRestoreProjectStyle" in project "Bomberman.csproj".
   1:7>Target "EnableIntermediateOutputPathMismatchWarning" in file "C:\Program Files\dotnet\sdk\9.0.305\NuGet.targets" from project "C:\Users\hisha\Documents\Bomberman\Bomberman.csproj" (target "_CheckForInvalidConfigurationAndPlatform" depends on it):
   1:7>Done building target "EnableIntermediateOutputPathMismatchWarning" in project "Bomberman.csproj".
       Target "ApplyImplicitVersions" skipped. Previously built successfully.
       Target "CheckForImplicitPackageReferenceOverrides" skipped. Previously built successfully.
   1:7>Target "CheckForDuplicateItems" in file "C:\Program Files\dotnet\sdk\9.0.305\Sdks\Microsoft.NET.Sdk\targets\Microsoft.NET.Sdk.DefaultItems.Shared.targets" from project "C:\Users\hisha\Documents\Bomberman\Bomberman.csproj" (target "_CheckForInvalidConfigurationAndPlatform" depends on it):
       Using "CheckForDuplicateItems" task from assembly "C:\Program Files\dotnet\sdk\9.0.305\Sdks\Microsoft.NET.Sdk\targets\..\tools\net9.0\Microsoft.NET.Build.Tasks.dll".
       Task "CheckForDuplicateItems"
       Done executing task "CheckForDuplicateItems".
       Task "CheckForDuplicateItems"
       Done executing task "CheckForDuplicateItems".
       Task "CheckForDuplicateItems"
       Done executing task "CheckForDuplicateItems".
   1:7>Done building target "CheckForDuplicateItems" in project "Bomberman.csproj".
       Target "WarnForExplicitVersions" skipped, due to false condition; ('@(SdkBuildWarning)' != '') was evaluated as ('' != '').
       Target "_CheckForFailedSDKResolution" skipped, due to false condition; ('$(SdkResolverHonoredGlobalJson)' == 'false') was evaluated as ('' == 'false').
       Target "_WarnWhenUsingNET9AndVSPriorTo1712" skipped, due to false condition; ($([MSBuild]::VersionLessThan($(MSBuildVersion), '17.12.0')) and '$(TargetFrameworkIdentifier)' == '.NETCoreApp' and $([MSBuild]::VersionGreaterThanOrEquals($(_TargetFrameworkVersionWithoutV), '9.0'))) was evaluated as (False and '.NETCoreApp' == '.NETCoreApp' and True).
       Target "_CheckForInvalidWindowsDesktopTargetingConfiguration" skipped, due to false condition; ('$(TargetFrameworkIdentifier)' == '.NETCoreApp' and $([MSBuild]::VersionGreaterThanOrEquals($(_TargetFrameworkVersionWithoutV), '5.0')) and ('$(UseWindowsForms)' == 'true' or '$(UseWPF)' == 'true')) was evaluated as ('.NETCoreApp' == '.NETCoreApp' and True and ('' == 'true' or '' == 'true')).
       Target "_CheckForUnnecessaryWindowsDesktopSDK" skipped, due to false condition; ('$(TargetFrameworkIdentifier)' == '.NETCoreApp' and $([MSBuild]::VersionGreaterThanOrEquals($(_TargetFrameworkVersionWithoutV), '5.0')) and '$(_MicrosoftWindowsDesktopSdkImported)' == 'true' and '$(TargetFrameworks)' == '') was evaluated as ('.NETCoreApp' == '.NETCoreApp' and True and '' == 'true' and '' == '').
       Target "ProcessFrameworkReferences" skipped. Previously built successfully.
       Target "IncludeTargetingPackReference" skipped, due to false condition; ('$(TargetFrameworkMoniker)' != '' and '$(TargetFrameworkIdentifier)' == '.NETFramework' and '$(AutomaticallyUseReferenceAssemblyPackages)' == 'true') was evaluated as ('.NETCoreApp,Version=v9.0' != '' and '.NETCoreApp' == '.NETFramework' and 'true' == 'true').
   1:7>Target "_CheckForInvalidConfigurationAndPlatform" in file "C:\Program Files\dotnet\sdk\9.0.305\Microsoft.Common.CurrentVersion.targets" from project "C:\Users\hisha\Documents\Bomberman\Bomberman.csproj" (target "BeforeBuild" depends on it):
       Task "MSBuildInternalMessage" skipped, due to false condition; ('$(_InvalidConfigurationMessageSeverity)' != '') was evaluated as ('' != '').
       Task "Message"
         Configuration=Debug
       Done executing task "Message".
       Task "Message"
         Platform=AnyCPU
       Done executing task "Message".
       Task "MSBuildInternalMessage" skipped, due to false condition; ('$(OutDir)' != '' and !HasTrailingSlash('$(OutDir)')) was evaluated as ('bin\Debug\net9.0\' != '' and !HasTrailingSlash('bin\Debug\net9.0\')).
       Task "MSBuildInternalMessage" skipped, due to false condition; ('$(IntermediateOutputPath)' != '' and !HasTrailingSlash('$(IntermediateOutputPath)')) was evaluated as ('obj\Debug\net9.0\' != '' and !HasTrailingSlash('obj\Debug\net9.0\')).
       Task "MSBuildInternalMessage" skipped, due to false condition; ('$(BaseIntermediateOutputPath)' != '' and !HasTrailingSlash('$(BaseIntermediateOutputPath)')) was evaluated as ('obj\' != '' and !HasTrailingSlash('obj\')).
       Task "MSBuildInternalMessage" skipped, due to false condition; ( '$(Prefer32Bit)' == 'true' and '$(PreferNativeArm64)' == 'true' ) was evaluated as ( 'false' == 'true' and 'false' == 'true' ).
       Task "MSBuildInternalMessage" skipped, due to false condition; ( '$(NoWin32Manifest)' == 'true' and '$(PreferNativeArm64)' == 'true' ) was evaluated as ( '' == 'true' and 'false' == 'true' ).
       Task "MSBuildInternalMessage" skipped, due to false condition; ( '$(PreferNativeArm64)' == 'true' and '$(Platform)' != 'AnyCPU' ) was evaluated as ( 'false' == 'true' and 'AnyCPU' != 'AnyCPU' ).
       Task "MSBuildInternalMessage" skipped, due to false condition; ( '$(_InitialMSBuildProjectExtensionsPath)' != '' And '$(MSBuildProjectExtensionsPath)' != '$(_InitialMSBuildProjectExtensionsPath)' ) was evaluated as ( 'C:\Users\hisha\Documents\Bomberman\obj\' != '' And 'C:\Users\hisha\Documents\Bomberman\obj\' != 'C:\Users\hisha\Documents\Bomberman\obj\' ).
       Task "MSBuildInternalMessage" skipped, due to false condition; ( '$(EnableBaseIntermediateOutputPathMismatchWarning)' == 'true' And '$(_InitialBaseIntermediateOutputPath)' != '$(BaseIntermediateOutputPath)' And '$(BaseIntermediateOutputPath)' != '$(MSBuildProjectExtensionsPath)' ) was evaluated as ( 'true' == 'true' And 'obj\' != 'obj\' And 'obj\' != 'C:\Users\hisha\Documents\Bomberman\obj\' ).
   1:7>Done building target "_CheckForInvalidConfigurationAndPlatform" in project "Bomberman.csproj".
   1:7>Target "ValidateCommandLineProperties" in file "C:\Program Files\dotnet\sdk\9.0.305\Sdks\Microsoft.NET.Sdk\targets\Microsoft.NET.Sdk.targets" from project "C:\Users\hisha\Documents\Bomberman\Bomberman.csproj" (target "BeforeBuild" depends on it):
   1:7>Done building target "ValidateCommandLineProperties" in project "Bomberman.csproj".
   1:7>Target "BeforeBuild" in file "C:\Program Files\dotnet\sdk\9.0.305\Microsoft.Common.CurrentVersion.targets" from project "C:\Users\hisha\Documents\Bomberman\Bomberman.csproj" (target "Build" depends on it):
   1:7>Done building target "BeforeBuild" in project "Bomberman.csproj".
       Target "_CheckForBuildWithNoBuild" skipped, due to false condition; ('$(NoBuild)' == 'true' and '$(GeneratePackageOnBuild)' != 'true') was evaluated as ('' == 'true' and 'false' != 'true').
   1:7>Target "BuildOnlySettings" in file "C:\Program Files\dotnet\sdk\9.0.305\Microsoft.Common.CurrentVersion.targets" from project "C:\Users\hisha\Documents\Bomberman\Bomberman.csproj" (target "CoreBuild" depends on it):
       C:\Program Files\dotnet\sdk\9.0.305\Microsoft.Common.CurrentVersion.targets(1168,7): message : Property reassignment: $(BuildingProject)="true" (previous value: "false") at C:\Program Files\dotnet\sdk\9.0.305\Microsoft.Common.CurrentVersion.targets (1168,7) [C:\Users\hisha\Documents\Bomberman\Bomberman.csproj]
   1:7>Done building target "BuildOnlySettings" in project "Bomberman.csproj".
       Target "_CheckForUnsupportedTargetFramework" skipped, due to false condition; ('$(_UnsupportedTargetFrameworkError)' == 'true') was evaluated as ('' == 'true').
       Target "_CheckForUnsupportedTargetPlatformIdentifier" skipped, due to false condition; ('$(TargetPlatformIdentifier)' != '' and '$(TargetFrameworkIdentifier)' == '.NETCoreApp' and $([MSBuild]::VersionGreaterThanOrEquals($(TargetFrameworkVersion), 5.0)) And ('$(DesignTimeBuild)' != 'true' Or '@(MissingWorkloadPack)' == '')) was evaluated as ('' != '' and '.NETCoreApp' == '.NETCoreApp' and True And ('' != 'true' Or '' == '')).
       Target "_CheckForMissingWorkload" skipped, due to false condition; ('@(MissingWorkloadPack)' != '' And '$(DesignTimeBuild)' != 'true') was evaluated as ('' != '' And '' != 'true').
   1:7>Target "GetFrameworkPaths" in file "C:\Program Files\dotnet\sdk\9.0.305\Sdks\Microsoft.NET.Sdk\targets\Microsoft.NET.DisableStandardFrameworkResolution.targets" from project "C:\Users\hisha\Documents\Bomberman\Bomberman.csproj" (target "PrepareForBuild" depends on it):
   1:7>Done building target "GetFrameworkPaths" in project "Bomberman.csproj".
       Target "_CheckForUnsupportedTargetFramework" skipped, due to false condition; ('$(_UnsupportedTargetFrameworkError)' == 'true') was evaluated as ('' == 'true').
       Target "_CheckForUnsupportedTargetPlatformIdentifier" skipped, due to false condition; ('$(TargetPlatformIdentifier)' != '' and '$(TargetFrameworkIdentifier)' == '.NETCoreApp' and $([MSBuild]::VersionGreaterThanOrEquals($(TargetFrameworkVersion), 5.0)) And ('$(DesignTimeBuild)' != 'true' Or '@(MissingWorkloadPack)' == '')) was evaluated as ('' != '' and '.NETCoreApp' == '.NETCoreApp' and True And ('' != 'true' Or '' == '')).
       Target "_CheckForMissingWorkload" skipped, due to false condition; ('@(MissingWorkloadPack)' != '' And '$(DesignTimeBuild)' != 'true') was evaluated as ('' != '' And '' != 'true').
   1:7>Target "GetReferenceAssemblyPaths" in file "C:\Program Files\dotnet\sdk\9.0.305\Sdks\Microsoft.NET.Sdk\targets\Microsoft.NET.DisableStandardFrameworkResolution.targets" from project "C:\Users\hisha\Documents\Bomberman\Bomberman.csproj" (target "PrepareForBuild" depends on it):
   1:7>Done building target "GetReferenceAssemblyPaths" in project "Bomberman.csproj".
       Target "AssignLinkMetadata" skipped, due to false condition; ( '$(SynthesizeLinkMetadata)' == 'true' ) was evaluated as ( '' == 'true' ).
       Target "_VerifyPackReleaseConfigurations" skipped, due to false condition; ('$(_IsPacking)' == 'true' and '$(DOTNET_CLI_DISABLE_PUBLISH_AND_PACK_RELEASE)' != 'true' and '$(DOTNET_CLI_LAZY_PUBLISH_AND_PACK_RELEASE_FOR_SOLUTIONS)' == 'true') was evaluated as ('' == 'true' and '' != 'true' and '' == 'true').
   1:7>Target "PrepareForBuild" in file "C:\Program Files\dotnet\sdk\9.0.305\Microsoft.Common.CurrentVersion.targets" from project "C:\Users\hisha\Documents\Bomberman\Bomberman.csproj" (target "CoreBuild" depends on it):
       Using "FindAppConfigFile" task from assembly "Microsoft.Build.Tasks.Core, Version=15.1.0.0, Culture=neutral, PublicKeyToken=b03f5f7f11d50a3a".
       Task "FindAppConfigFile"
       Done executing task "FindAppConfigFile".
       Using "MakeDir" task from assembly "Microsoft.Build.Tasks.Core, Version=15.1.0.0, Culture=neutral, PublicKeyToken=b03f5f7f11d50a3a".
       Task "MakeDir"
       Done executing task "MakeDir".
   1:7>Done building target "PrepareForBuild" in project "Bomberman.csproj".
       Target "GenerateTargetPlatformDefineConstants" skipped, due to false condition; ( '$(DisableImplicitFrameworkDefines)' != 'true' and '$(TargetPlatformIdentifier)' != '' and '$(TargetFrameworkIdentifier)' == '.NETCoreApp' and $([MSBuild]::VersionGreaterThanOrEquals($(TargetFrameworkVersion), 5.0)) ) was evaluated as ( '' != 'true' and '' != '' and '.NETCoreApp' == '.NETCoreApp' and True ).
   1:7>Target "GenerateNETCompatibleDefineConstants" in file "C:\Program Files\dotnet\sdk\9.0.305\Sdks\Microsoft.NET.Sdk\targets\Microsoft.NET.Sdk.BeforeCommon.targets" from project "C:\Users\hisha\Documents\Bomberman\Bomberman.csproj" (target "AddImplicitDefineConstants" depends on it):
   1:7>Done building target "GenerateNETCompatibleDefineConstants" in project "Bomberman.csproj".
       Target "GeneratePlatformCompatibleDefineConstants" skipped, due to false condition; ( '$(DisableImplicitFrameworkDefines)' != 'true' and '$(TargetPlatformIdentifier)' != '' and '$(TargetFrameworkIdentifier)' == '.NETCoreApp' and $([MSBuild]::VersionGreaterThanOrEquals($(TargetFrameworkVersion), 5.0)) ) was evaluated as ( '' != 'true' and '' != '' and '.NETCoreApp' == '.NETCoreApp' and True ).
       Target "_DisableDiagnosticTracing" skipped, due to false condition; ('$(DisableDiagnosticTracing)' == 'true') was evaluated as ('' == 'true').
   1:7>Target "AddImplicitDefineConstants" in file "C:\Program Files\dotnet\sdk\9.0.305\Sdks\Microsoft.NET.Sdk\targets\Microsoft.NET.Sdk.BeforeCommon.targets" from project "C:\Users\hisha\Documents\Bomberman\Bomberman.csproj" (target "CoreBuild" depends on it):
       C:\Program Files\dotnet\sdk\9.0.305\Sdks\Microsoft.NET.Sdk\targets\Microsoft.NET.Sdk.BeforeCommon.targets(267,7): message : Property reassignment: $(DefineConstants)="TRACE;DEBUG;NET;NET9_0;NETCOREAPP;NET5_0_OR_GREATER;NET6_0_OR_GREATER;NET7_0_OR_GREATER;NET8_0_OR_GREATER;NET9_0_OR_GREATER;NETCOREAPP1_0_OR_GREATER;NETCOREAPP1_1_OR_GREATER;NETCOREAPP2_0_OR_GREATER;NETCOREAPP2_1_OR_GREATER;NETCOREAPP2_2_OR_GREATER;NETCOREAPP3_0_OR_GREATER;NETCOREAPP3_1_OR_GREATER" (previous value: "TRACE;DEBUG;NET;NET9_0;NETCOREAPP") at C:\Program Files\dotnet\sdk\9.0.305\Sdks\Microsoft.NET.Sdk\targets\Microsoft.NET.Sdk.BeforeCommon.targets (267,7) [C:\Users\hisha\Documents\Bomberman\Bomberman.csproj]
   1:7>Done building target "AddImplicitDefineConstants" in project "Bomberman.csproj".
   1:7>Target "GenerateGlobalUsings" in file "C:\Program Files\dotnet\sdk\9.0.305\Sdks\Microsoft.NET.Sdk\targets\Microsoft.NET.GenerateGlobalUsings.targets" from project "C:\Users\hisha\Documents\Bomberman\Bomberman.csproj" (target "CoreBuild" depends on it):
       Using "GenerateGlobalUsings" task from assembly "C:\Program Files\dotnet\sdk\9.0.305\Sdks\Microsoft.NET.Sdk\targets\..\tools\net9.0\Microsoft.NET.Build.Tasks.dll".
       Task "GenerateGlobalUsings"
       Done executing task "GenerateGlobalUsings".
       Using "WriteLinesToFile" task from assembly "Microsoft.Build.Tasks.Core, Version=15.1.0.0, Culture=neutral, PublicKeyToken=b03f5f7f11d50a3a".
       Task "WriteLinesToFile"
         Skipping write to file "obj\Debug\net9.0\Bomberman.GlobalUsings.g.cs" because content would not change.
       Done executing task "WriteLinesToFile".
   1:7>Done building target "GenerateGlobalUsings" in project "Bomberman.csproj".
       Target "PreBuildEvent" skipped, due to false condition; ('$(PreBuildEvent)'!='') was evaluated as (''!='').
   1:7>Target "BeforeResolveReferences" in file "C:\Program Files\dotnet\sdk\9.0.305\Microsoft.Common.CurrentVersion.targets" from project "C:\Users\hisha\Documents\Bomberman\Bomberman.csproj" (target "ResolveReferences" depends on it):
   1:7>Done building target "BeforeResolveReferences" in project "Bomberman.csproj".
       Target "AssignProjectConfiguration" skipped, due to false condition; ('$(CurrentSolutionConfigurationContents)' != '' or '@(ProjectReference)'!='') was evaluated as ('' != '' or ''!='').
   1:7>Target "IgnoreJavaScriptOutputAssembly" in file "C:\Program Files\dotnet\sdk\9.0.305\Microsoft.Common.CurrentVersion.targets" from project "C:\Users\hisha\Documents\Bomberman\Bomberman.csproj" (target "AssignProjectConfiguration" depends on it):
   1:7>Done building target "IgnoreJavaScriptOutputAssembly" in project "Bomberman.csproj".
       Target "ProcessFrameworkReferences" skipped. Previously built successfully.
   1:7>Target "_DefaultMicrosoftNETPlatformLibrary" in file "C:\Program Files\dotnet\sdk\9.0.305\Sdks\Microsoft.NET.Sdk\targets\Microsoft.NET.Sdk.Shared.targets" from project "C:\Users\hisha\Documents\Bomberman\Bomberman.csproj" (target "ResolvePackageAssets" depends on it):
   1:7>Done building target "_DefaultMicrosoftNETPlatformLibrary" in project "Bomberman.csproj".
   1:7>Target "_ComputePackageReferencePublish" in file "C:\Program Files\dotnet\sdk\9.0.305\Sdks\Microsoft.NET.Sdk\targets\Microsoft.NET.Sdk.Shared.targets" from project "C:\Users\hisha\Documents\Bomberman\Bomberman.csproj" (target "ResolvePackageAssets" depends on it):
   1:7>Done building target "_ComputePackageReferencePublish" in project "Bomberman.csproj".
       Target "_ResolveCompilerVersion" skipped, due to false condition; ('$(CompilerApiVersion)' == '' And
                            ('$(Language)' == 'C#' Or '$(Language)' == 'VB') And
                            Exists('$(RoslynTargetsPath)\Microsoft.Build.Tasks.CodeAnalysis.dll')) was evaluated as ('roslyn4.14' == '' And
                            ('C#' == 'C#' Or 'C#' == 'VB') And
                            Exists('C:\Program Files\dotnet\sdk\9.0.305\Roslyn\Microsoft.Build.Tasks.CodeAnalysis.dll')).
   1:7>Target "ResolvePackageAssets" in file "C:\Program Files\dotnet\sdk\9.0.305\Sdks\Microsoft.NET.Sdk\targets\Microsoft.PackageDependencyResolution.targets" from project "C:\Users\hisha\Documents\Bomberman\Bomberman.csproj" (target "ResolveLockFileReferences" depends on it):
       Using "ResolvePackageAssets" task from assembly "C:\Program Files\dotnet\sdk\9.0.305\Sdks\Microsoft.NET.Sdk\targets\..\tools\net9.0\Microsoft.NET.Build.Tasks.dll".
       Task "ResolvePackageAssets"
       Done executing task "ResolvePackageAssets".
   1:7>Done building target "ResolvePackageAssets" in project "Bomberman.csproj".
       Target "AdjustDefaultPlatformTargetForNetFrameworkExeWithNoNativeCopyLocalItems" skipped, due to false condition; ('$(_UsingDefaultPlatformTarget)' == 'true' and
                            '$(_UsingDefaultRuntimeIdentifier)' == 'true') was evaluated as ('true' == 'true' and
                            '' == 'true').
       Target "_CheckForTransitiveWindowsDesktopDependencies" skipped, due to false condition; ('$(TargetFrameworkIdentifier)' == '.NETCoreApp' and $([MSBuild]::VersionGreaterThanOrEquals($(_TargetFrameworkVersionWithoutV), '5.0')) and '$(TargetPlatformIdentifier)' != 'Windows' and '@(TransitiveFrameworkReference)' != '') was evaluated as ('.NETCoreApp' == '.NETCoreApp' and True and '' != 'Windows' and '' != '').
       Target "AddTransitiveFrameworkReferences" skipped, due to false condition; ('@(TransitiveFrameworkReference)' != '') was evaluated as ('' != '').
   1:7>Target "ResolveLockFileReferences" in file "C:\Program Files\dotnet\sdk\9.0.305\Sdks\Microsoft.NET.Sdk\targets\Microsoft.PackageDependencyResolution.targets" from project "C:\Users\hisha\Documents\Bomberman\Bomberman.csproj" (target "ResolvePackageDependenciesForBuild" depends on it):
       Using "JoinItems" task from assembly "C:\Program Files\dotnet\sdk\9.0.305\Sdks\Microsoft.NET.Sdk\targets\..\tools\net9.0\Microsoft.NET.Build.Tasks.dll".
       Task "JoinItems"
       Done executing task "JoinItems".
   1:7>Done building target "ResolveLockFileReferences" in project "Bomberman.csproj".
       Target "ResolvePackageAssets" skipped. Previously built successfully.
   1:7>Target "ResolveLockFileAnalyzers" in file "C:\Program Files\dotnet\sdk\9.0.305\Sdks\Microsoft.NET.Sdk\targets\Microsoft.PackageDependencyResolution.targets" from project "C:\Users\hisha\Documents\Bomberman\Bomberman.csproj" (target "ResolvePackageDependenciesForBuild" depends on it):
   1:7>Done building target "ResolveLockFileAnalyzers" in project "Bomberman.csproj".
       Target "ResolvePackageAssets" skipped. Previously built successfully.
       Target "RunProduceContentAssets" skipped, due to false condition; ('@(_ContentFilesToPreprocess)' != '' and '$(_CleaningWithoutRebuilding)' != 'true') was evaluated as ('' != '' and '' != 'true').
   1:7>Target "ResolveLockFileCopyLocalFiles" in file "C:\Program Files\dotnet\sdk\9.0.305\Sdks\Microsoft.NET.Sdk\targets\Microsoft.PackageDependencyResolution.targets" from project "C:\Users\hisha\Documents\Bomberman\Bomberman.csproj" (target "ResolvePackageDependenciesForBuild" depends on it):
   1:7>Done building target "ResolveLockFileCopyLocalFiles" in project "Bomberman.csproj".
       Target "ResolveRuntimePackAssets" skipped, due to false condition; ('@(RuntimePack)' != '') was evaluated as ('' != '').
       Target "RunProduceContentAssets" skipped, due to false condition; ('@(_ContentFilesToPreprocess)' != '' and '$(_CleaningWithoutRebuilding)' != 'true') was evaluated as ('' != '' and '' != 'true').
       Target "ResolvePackageAssets" skipped. Previously built successfully.
   1:7>Target "IncludeTransitiveProjectReferences" in file "C:\Program Files\dotnet\sdk\9.0.305\Sdks\Microsoft.NET.Sdk\targets\Microsoft.PackageDependencyResolution.targets" from project "C:\Users\hisha\Documents\Bomberman\Bomberman.csproj" (target "ResolvePackageDependenciesForBuild" depends on it):
   1:7>Done building target "IncludeTransitiveProjectReferences" in project "Bomberman.csproj".
   1:7>Target "ResolvePackageDependenciesForBuild" in file "C:\Program Files\dotnet\sdk\9.0.305\Sdks\Microsoft.NET.Sdk\targets\Microsoft.PackageDependencyResolution.targets" from project "C:\Users\hisha\Documents\Bomberman\Bomberman.csproj" (target "AssignProjectConfiguration" depends on it):
   1:7>Done building target "ResolvePackageDependenciesForBuild" in project "Bomberman.csproj".
       Target "AssignProjectConfiguration" skipped, due to false condition; ('$(CurrentSolutionConfigurationContents)' != '' or '@(ProjectReference)'!='') was evaluated as ('' != '' or ''!='').
   1:7>Target "_SplitProjectReferencesByFileExistence" in file "C:\Program Files\dotnet\sdk\9.0.305\Microsoft.Common.CurrentVersion.targets" from project "C:\Users\hisha\Documents\Bomberman\Bomberman.csproj" (target "PrepareProjectReferences" depends on it):
       Task "ResolveNonMSBuildProjectOutput" skipped, due to false condition; ('$(BuildingInsideVisualStudio)'=='true' and '@(ProjectReferenceWithConfiguration)'!='') was evaluated as (''=='true' and ''!='').
   1:7>Done building target "_SplitProjectReferencesByFileExistence" in project "Bomberman.csproj".
   1:7>Target "_AddOutputPathToGlobalPropertiesToRemove" in file "C:\Program Files\dotnet\sdk\9.0.305\Microsoft.Common.CurrentVersion.targets" from project "C:\Users\hisha\Documents\Bomberman\Bomberman.csproj" (target "_GetProjectReferenceTargetFrameworkProperties" depends on it):
   1:7>Done building target "_AddOutputPathToGlobalPropertiesToRemove" in project "Bomberman.csproj".
   1:7>Target "_GetProjectReferenceTargetFrameworkProperties" in file "C:\Program Files\dotnet\sdk\9.0.305\Microsoft.Common.CurrentVersion.targets" from project "C:\Users\hisha\Documents\Bomberman\Bomberman.csproj" (target "PrepareProjectReferences" depends on it):
       Task "MSBuild"
       Done executing task "MSBuild".
       Task "MSBuild" skipped, due to false condition; ('%(_MSBuildProjectReferenceExistent.SkipGetTargetFrameworkProperties)' != 'true' and '$(EnableDynamicPlatformResolution)' == 'true') was evaluated as ('' != 'true' and '' == 'true').
       Task "GetReferenceNearestTargetFrameworkTask" skipped, due to false condition; ('@(_ProjectReferenceTargetFrameworkPossibilities)' != '' and '$(ReferringTargetFrameworkForProjectReferences)' != ''
                                                               And '$(GetReferenceNearestTargetFrameworkTaskSupportsTargetPlatformParameter)' == 'true' and '%(_ProjectReferenceTargetFrameworkPossibilities.IsVcxOrNativeProj)' != 'true') was evaluated as ('' != '' and '.NETCoreApp,Version=v9.0' != ''
                                                               And 'true' == 'true' and '' != 'true').
       Task "GetReferenceNearestTargetFrameworkTask" skipped, due to false condition; ('@(_ProjectReferenceTargetFrameworkPossibilities)' != '' and '$(ReferringTargetFrameworkForProjectReferences)' != ''
                                                               And '$(GetReferenceNearestTargetFrameworkTaskSupportsTargetPlatformParameter)' != 'true' and '%(_ProjectReferenceTargetFrameworkPossibilities.IsVcxOrNativeProj)' != 'true') was evaluated as ('' != '' and '.NETCoreApp,Version=v9.0' != ''
                                                               And 'true' != 'true' and '' != 'true').
       Using "SetRidAgnosticValueForProjects" task from assembly "Microsoft.Build.Tasks.Core, Version=15.1.0.0, Culture=neutral, PublicKeyToken=b03f5f7f11d50a3a".
       Task "SetRidAgnosticValueForProjects"
       Done executing task "SetRidAgnosticValueForProjects".
   1:7>Done building target "_GetProjectReferenceTargetFrameworkProperties" in project "Bomberman.csproj".
   1:7>Target "ValidateExecutableReferences" in file "C:\Program Files\dotnet\sdk\9.0.305\Sdks\Microsoft.NET.Sdk\targets\Microsoft.NET.Sdk.targets" from project "C:\Users\hisha\Documents\Bomberman\Bomberman.csproj" (target "PrepareProjectReferences" depends on it):
       Using "ValidateExecutableReferences" task from assembly "C:\Program Files\dotnet\sdk\9.0.305\Sdks\Microsoft.NET.Sdk\targets\..\tools\net9.0\Microsoft.NET.Build.Tasks.dll".
       Task "ValidateExecutableReferences"
       Done executing task "ValidateExecutableReferences".
   1:7>Done building target "ValidateExecutableReferences" in project "Bomberman.csproj".
       Target "_GetProjectReferencePlatformProperties" skipped, due to false condition; ('$(EnableDynamicPlatformResolution)' == 'true'
                            and '@(_MSBuildProjectReferenceExistent)' != '') was evaluated as ('' == 'true'
                            and '' != '').
   1:7>Target "PrepareProjectReferences" in file "C:\Program Files\dotnet\sdk\9.0.305\Microsoft.Common.CurrentVersion.targets" from project "C:\Users\hisha\Documents\Bomberman\Bomberman.csproj" (target "ResolveProjectReferences" depends on it):
   1:7>Done building target "PrepareProjectReferences" in project "Bomberman.csproj".
   1:7>Target "ResolveProjectReferences" in file "C:\Program Files\dotnet\sdk\9.0.305\Microsoft.Common.CurrentVersion.targets" from project "C:\Users\hisha\Documents\Bomberman\Bomberman.csproj" (target "ResolveReferences" depends on it):
       Task "MSBuild" skipped, due to false condition; ('%(_MSBuildProjectReferenceExistent.BuildReference)' == 'true' and '@(ProjectReferenceWithConfiguration)' != '' and ('$(BuildingInsideVisualStudio)' == 'true' or '$(BuildProjectReferences)' != 'true') and '$(VisualStudioVersion)' != '10.0' and '@(_MSBuildProjectReferenceExistent)' != '') was evaluated as ('' == 'true' and '' != '' and ('' == 'true' or 'true' != 'true') and '17.0' != '10.0' and '' != '').
       Task "MSBuild" skipped, due to false condition; ('%(_MSBuildProjectReferenceExistent.BuildReference)' == 'true' and '@(ProjectReferenceWithConfiguration)' != '' and '$(BuildingInsideVisualStudio)' != 'true' and '$(BuildProjectReferences)' == 'true' and '@(_MSBuildProjectReferenceExistent)' != '') was evaluated as ('' == 'true' and '' != '' and '' != 'true' and 'true' == 'true' and '' != '').
       Task "MSBuild" skipped, due to false condition; ('%(_MSBuildProjectReferenceExistent.BuildReference)' == 'true' and '@(ProjectReferenceWithConfiguration)' != '' and '$(BuildingProject)' == 'true' and '@(_MSBuildProjectReferenceExistent)' != '') was evaluated as ('' == 'true' and '' != '' and 'true' == 'true' and '' != '').
       Task "MSBuildInternalMessage" skipped, due to false condition; ('$(_NonExistentProjectReferenceSeverity)' != '') was evaluated as ('' != '').
   1:7>Done building target "ResolveProjectReferences" in project "Bomberman.csproj".
       Target "FindInvalidProjectReferences" skipped, due to false condition; ('$(FindInvalidProjectReferences)' == 'true') was evaluated as ('' == 'true').
       Target "ResolveNativeReferences" skipped, due to false condition; ('@(NativeReference)'!='') was evaluated as (''!='').
       Target "ResolveProjectReferences" skipped. Previously built successfully.
       Target "FindInvalidProjectReferences" skipped, due to false condition; ('$(FindInvalidProjectReferences)' == 'true') was evaluated as ('' == 'true').
       Target "GetFrameworkPaths" skipped. Previously built successfully.
       Target "GetReferenceAssemblyPaths" skipped. Previously built successfully.
       Target "PrepareForBuild" skipped. Previously built successfully.
       Target "GetInstalledSDKLocations" skipped, due to false condition; ('@(SDKReference)' != '') was evaluated as ('' != '').
   1:7>Target "ResolveSDKReferences" in file "C:\Program Files\dotnet\sdk\9.0.305\Microsoft.Common.CurrentVersion.targets" from project "C:\Users\hisha\Documents\Bomberman\Bomberman.csproj" (target "ResolveAssemblyReferences" depends on it):
       Task "ResolveSDKReference" skipped, due to false condition; ('@(SDKReference)'!='') was evaluated as (''!='').
   1:7>Done building target "ResolveSDKReferences" in project "Bomberman.csproj".
       Target "ResolveSDKReferences" skipped. Previously built successfully.
   1:7>Target "ExpandSDKReferences" in file "C:\Program Files\dotnet\sdk\9.0.305\Microsoft.Common.CurrentVersion.targets" from project "C:\Users\hisha\Documents\Bomberman\Bomberman.csproj" (target "ResolveAssemblyReferences" depends on it):
       Task "GetSDKReferenceFiles" skipped, due to false condition; ('@(ResolvedSDKReference)'!='') was evaluated as (''!='').
   1:7>Done building target "ExpandSDKReferences" in project "Bomberman.csproj".
       Target "ResolvePackageDependenciesForBuild" skipped. Previously built successfully.
       Target "GetFrameworkPaths" skipped. Previously built successfully.
       Target "GetReferenceAssemblyPaths" skipped. Previously built successfully.
       Target "ProcessFrameworkReferences" skipped. Previously built successfully.
       Target "ResolvePackageAssets" skipped. Previously built successfully.
   1:7>Target "ResolveFrameworkReferences" in file "C:\Program Files\dotnet\sdk\9.0.305\Sdks\Microsoft.NET.Sdk\targets\Microsoft.NET.Sdk.FrameworkReferenceResolution.targets" from project "C:\Users\hisha\Documents\Bomberman\Bomberman.csproj" (target "ResolveTargetingPackAssets" depends on it):
       Using "GetPackageDirectory" task from assembly "C:\Program Files\dotnet\sdk\9.0.305\Sdks\Microsoft.NET.Sdk\targets\..\tools\net9.0\Microsoft.NET.Build.Tasks.dll".
       Task "GetPackageDirectory"
       Done executing task "GetPackageDirectory".
       Task "GetPackageDirectory"
       Done executing task "GetPackageDirectory".
       Task "GetPackageDirectory"
       Done executing task "GetPackageDirectory".
       Task "GetPackageDirectory"
       Done executing task "GetPackageDirectory".
       Task "GetPackageDirectory"
       Done executing task "GetPackageDirectory".
       Task "GetPackageDirectory"
       Done executing task "GetPackageDirectory".
       Task "GetPackageDirectory"
       Done executing task "GetPackageDirectory".
       Task "GetPackageDirectory"
       Done executing task "GetPackageDirectory".
       Task "GetPackageDirectory"
       Done executing task "GetPackageDirectory".
       Task "GetPackageDirectory"
       Done executing task "GetPackageDirectory".
       Using "ResolveFrameworkReferences" task from assembly "C:\Program Files\dotnet\sdk\9.0.305\Sdks\Microsoft.NET.Sdk\targets\..\tools\net9.0\Microsoft.NET.Build.Tasks.dll".
       Task "ResolveFrameworkReferences"
       Done executing task "ResolveFrameworkReferences".
   1:7>Done building target "ResolveFrameworkReferences" in project "Bomberman.csproj".
   1:7>Target "ResolveTargetingPackAssets" in file "C:\Program Files\dotnet\sdk\9.0.305\Sdks\Microsoft.NET.Sdk\targets\Microsoft.NET.Sdk.FrameworkReferenceResolution.targets" from project "C:\Users\hisha\Documents\Bomberman\Bomberman.csproj" (target "_HandlePackageFileConflicts" depends on it):
       Using "ResolveTargetingPackAssets" task from assembly "C:\Program Files\dotnet\sdk\9.0.305\Sdks\Microsoft.NET.Sdk\targets\..\tools\net9.0\Microsoft.NET.Build.Tasks.dll".
       Task "ResolveTargetingPackAssets"
       Done executing task "ResolveTargetingPackAssets".
   1:7>Done building target "ResolveTargetingPackAssets" in project "Bomberman.csproj".
   1:7>Target "ResolveOffByDefaultAnalyzers" in file "C:\Program Files\dotnet\sdk\9.0.305\Sdks\Microsoft.NET.Sdk\targets\Microsoft.NET.Sdk.FrameworkReferenceResolution.targets" from project "C:\Users\hisha\Documents\Bomberman\Bomberman.csproj" (target "_HandlePackageFileConflicts" depends on it):
   1:7>Done building target "ResolveOffByDefaultAnalyzers" in project "Bomberman.csproj".
   1:7>Target "_HandlePackageFileConflicts" in file "C:\Program Files\dotnet\sdk\9.0.305\Sdks\Microsoft.NET.Sdk\targets\Microsoft.NET.ConflictResolution.targets" from project "C:\Users\hisha\Documents\Bomberman\Bomberman.csproj" (target "ResolveAssemblyReferences" depends on it):
       Using "ResolvePackageFileConflicts" task from assembly "C:\Program Files\dotnet\sdk\9.0.305\Sdks\Microsoft.NET.Sdk\targets\..\tools\net9.0\Microsoft.NET.Build.Tasks.dll".
       Task "ResolvePackageFileConflicts"
         Encountered conflict between 'Platform:mscorlib.dll' and 'Platform:mscorlib.dll'. Could not determine winner due to equal file and assembly versions.
         Encountered conflict between 'Platform:Microsoft.VisualBasic.dll' and 'Platform:Microsoft.VisualBasic.dll'. Could not determine winner due to equal file and assembly versions.
         Encountered conflict between 'Platform:System.dll' and 'Platform:System.dll'. Could not determine winner due to equal file and assembly versions.
         Encountered conflict between 'Platform:System.ComponentModel.DataAnnotations.dll' and 'Platform:System.ComponentModel.DataAnnotations.dll'. Could not determine winner due to equal file and assembly versions.
         Encountered conflict between 'Platform:System.Configuration.dll' and 'Platform:System.Configuration.dll'. Could not determine winner due to equal file and assembly versions.
         Encountered conflict between 'Platform:System.Core.dll' and 'Platform:System.Core.dll'. Could not determine winner due to equal file and assembly versions.
         Encountered conflict between 'Platform:System.Data.dll' and 'Platform:System.Data.dll'. Could not determine winner due to equal file and assembly versions.
         Encountered conflict between 'Platform:System.Drawing.dll' and 'Platform:System.Drawing.dll'. Could not determine winner due to equal file and assembly versions.
         Encountered conflict between 'Platform:System.IO.Compression.FileSystem.dll' and 'Platform:System.IO.Compression.FileSystem.dll'. Could not determine winner due to equal file and assembly versions.
         Encountered conflict between 'Platform:System.Net.dll' and 'Platform:System.Net.dll'. Could not determine winner due to equal file and assembly versions.
         Encountered conflict between 'Platform:System.Numerics.dll' and 'Platform:System.Numerics.dll'. Could not determine winner due to equal file and assembly versions.
         Encountered conflict between 'Platform:System.Runtime.Serialization.dll' and 'Platform:System.Runtime.Serialization.dll'. Could not determine winner due to equal file and assembly versions.
         Encountered conflict between 'Platform:System.Security.dll' and 'Platform:System.Security.dll'. Could not determine winner due to equal file and assembly versions.
         Encountered conflict between 'Platform:System.ServiceProcess.dll' and 'Platform:System.ServiceProcess.dll'. Could not determine winner due to equal file and assembly versions.
         Encountered conflict between 'Platform:System.ServiceModel.Web.dll' and 'Platform:System.ServiceModel.Web.dll'. Could not determine winner due to equal file and assembly versions.
         Encountered conflict between 'Platform:System.Transactions.dll' and 'Platform:System.Transactions.dll'. Could not determine winner due to equal file and assembly versions.
         Encountered conflict between 'Platform:System.Web.dll' and 'Platform:System.Web.dll'. Could not determine winner due to equal file and assembly versions.
         Encountered conflict between 'Platform:System.Windows.dll' and 'Platform:System.Windows.dll'. Could not determine winner due to equal file and assembly versions.
         Encountered conflict between 'Platform:System.Xml.dll' and 'Platform:System.Xml.dll'. Could not determine winner due to equal file and assembly versions.
         Encountered conflict between 'Platform:System.Xml.Serialization.dll' and 'Platform:System.Xml.Serialization.dll'. Could not determine winner due to equal file and assembly versions.
         Encountered conflict between 'Platform:System.Xml.Linq.dll' and 'Platform:System.Xml.Linq.dll'. Could not determine winner due to equal file and assembly versions.
         Encountered conflict between 'Platform:WindowsBase.dll' and 'Platform:WindowsBase.dll'. Could not determine winner due to equal file and assembly versions.
         Encountered conflict between 'Platform:netstandard.dll' and 'Platform:netstandard.dll'. Could not determine winner due to equal file and assembly versions.
         Encountered conflict between 'Platform:System.Private.CoreLib.dll' and 'Platform:System.Private.CoreLib.dll'. Could not determine winner due to equal file and assembly versions.
         Encountered conflict between 'Platform:System.Private.DataContractSerialization.dll' and 'Platform:System.Private.DataContractSerialization.dll'. Could not determine winner due to equal file and assembly versions.
         Encountered conflict between 'Platform:System.Private.Uri.dll' and 'Platform:System.Private.Uri.dll'. Could not determine winner due to equal file and assembly versions.
         Encountered conflict between 'Platform:System.Private.Xml.dll' and 'Platform:System.Private.Xml.dll'. Could not determine winner due to equal file and assembly versions.
         Encountered conflict between 'Platform:System.Private.Xml.Linq.dll' and 'Platform:System.Private.Xml.Linq.dll'. Could not determine winner due to equal file and assembly versions.
         Encountered conflict between 'Platform:mscordaccore_amd64_amd64_9.0.925.41916.dll' and 'Platform:mscordaccore_amd64_amd64_9.0.925.41916.dll'. Could not determine winner due to equal file and assembly versions.
       Done executing task "ResolvePackageFileConflicts".
   1:7>Done building target "_HandlePackageFileConflicts" in project "Bomberman.csproj".
       Target "ResolveTargetingPackAssets" skipped. Previously built successfully.
   1:7>Target "ResolveAssemblyReferences" in file "C:\Program Files\dotnet\sdk\9.0.305\Microsoft.Common.CurrentVersion.targets" from project "C:\Users\hisha\Documents\Bomberman\Bomberman.csproj" (target "ResolveReferences" depends on it):
       Using "ResolveAssemblyReference" task from assembly "Microsoft.Build.Tasks.Core, Version=15.1.0.0, Culture=neutral, PublicKeyToken=b03f5f7f11d50a3a".
       Task "ResolveAssemblyReference"
         TargetFrameworkMoniker:
             .NETCoreApp,Version=v9.0
         TargetFrameworkMonikerDisplayName:
             .NET 9.0
         TargetedRuntimeVersion:
             
         Assemblies:
             C:\Users\hisha\.nuget\packages\monogame.framework.desktopgl\3.8.4.1\lib\net8.0\MonoGame.Framework.dll
                 Private = 'false'
                 HintPath = 'C:\Users\hisha\.nuget\packages\monogame.framework.desktopgl\3.8.4.1\lib\net8.0\MonoGame.Framework.dll'
             C:\Users\hisha\.nuget\packages\nvorbis\0.10.4\lib\netstandard2.0\NVorbis.dll
                 Private = 'false'
                 HintPath = 'C:\Users\hisha\.nuget\packages\nvorbis\0.10.4\lib\netstandard2.0\NVorbis.dll'
             C:\Program Files\dotnet\packs\Microsoft.NETCore.App.Ref\9.0.9\ref/net9.0/Microsoft.CSharp.dll
                 Private = 'false'
             C:\Program Files\dotnet\packs\Microsoft.NETCore.App.Ref\9.0.9\ref/net9.0/Microsoft.VisualBasic.Core.dll
                 Private = 'false'
             C:\Program Files\dotnet\packs\Microsoft.NETCore.App.Ref\9.0.9\ref/net9.0/Microsoft.VisualBasic.dll
                 Private = 'false'
             C:\Program Files\dotnet\packs\Microsoft.NETCore.App.Ref\9.0.9\ref/net9.0/Microsoft.Win32.Primitives.dll
                 Private = 'false'
             C:\Program Files\dotnet\packs\Microsoft.NETCore.App.Ref\9.0.9\ref/net9.0/Microsoft.Win32.Registry.dll
                 Private = 'false'
             C:\Program Files\dotnet\packs\Microsoft.NETCore.App.Ref\9.0.9\ref/net9.0/System.AppContext.dll
                 Private = 'false'
             C:\Program Files\dotnet\packs\Microsoft.NETCore.App.Ref\9.0.9\ref/net9.0/System.Buffers.dll
                 Private = 'false'
             C:\Program Files\dotnet\packs\Microsoft.NETCore.App.Ref\9.0.9\ref/net9.0/System.Collections.Concurrent.dll
                 Private = 'false'
             C:\Program Files\dotnet\packs\Microsoft.NETCore.App.Ref\9.0.9\ref/net9.0/System.Collections.Immutable.dll
                 Private = 'false'
             C:\Program Files\dotnet\packs\Microsoft.NETCore.App.Ref\9.0.9\ref/net9.0/System.Collections.NonGeneric.dll
                 Private = 'false'
             C:\Program Files\dotnet\packs\Microsoft.NETCore.App.Ref\9.0.9\ref/net9.0/System.Collections.Specialized.dll
                 Private = 'false'
             C:\Program Files\dotnet\packs\Microsoft.NETCore.App.Ref\9.0.9\ref/net9.0/System.Collections.dll
                 Private = 'false'
             C:\Program Files\dotnet\packs\Microsoft.NETCore.App.Ref\9.0.9\ref/net9.0/System.ComponentModel.Annotations.dll
                 Private = 'false'
             C:\Program Files\dotnet\packs\Microsoft.NETCore.App.Ref\9.0.9\ref/net9.0/System.ComponentModel.DataAnnotations.dll
                 Private = 'false'
             C:\Program Files\dotnet\packs\Microsoft.NETCore.App.Ref\9.0.9\ref/net9.0/System.ComponentModel.EventBasedAsync.dll
                 Private = 'false'
             C:\Program Files\dotnet\packs\Microsoft.NETCore.App.Ref\9.0.9\ref/net9.0/System.ComponentModel.Primitives.dll
                 Private = 'false'
             C:\Program Files\dotnet\packs\Microsoft.NETCore.App.Ref\9.0.9\ref/net9.0/System.ComponentModel.TypeConverter.dll
                 Private = 'false'
             C:\Program Files\dotnet\packs\Microsoft.NETCore.App.Ref\9.0.9\ref/net9.0/System.ComponentModel.dll
                 Private = 'false'
             C:\Program Files\dotnet\packs\Microsoft.NETCore.App.Ref\9.0.9\ref/net9.0/System.Configuration.dll
                 Private = 'false'
             C:\Program Files\dotnet\packs\Microsoft.NETCore.App.Ref\9.0.9\ref/net9.0/System.Console.dll
                 Private = 'false'
             C:\Program Files\dotnet\packs\Microsoft.NETCore.App.Ref\9.0.9\ref/net9.0/System.Core.dll
                 Private = 'false'
             C:\Program Files\dotnet\packs\Microsoft.NETCore.App.Ref\9.0.9\ref/net9.0/System.Data.Common.dll
                 Private = 'false'
             C:\Program Files\dotnet\packs\Microsoft.NETCore.App.Ref\9.0.9\ref/net9.0/System.Data.DataSetExtensions.dll
                 Private = 'false'
             C:\Program Files\dotnet\packs\Microsoft.NETCore.App.Ref\9.0.9\ref/net9.0/System.Data.dll
                 Private = 'false'
             C:\Program Files\dotnet\packs\Microsoft.NETCore.App.Ref\9.0.9\ref/net9.0/System.Diagnostics.Contracts.dll
                 Private = 'false'
             C:\Program Files\dotnet\packs\Microsoft.NETCore.App.Ref\9.0.9\ref/net9.0/System.Diagnostics.Debug.dll
                 Private = 'false'
             C:\Program Files\dotnet\packs\Microsoft.NETCore.App.Ref\9.0.9\ref/net9.0/System.Diagnostics.DiagnosticSource.dll
                 Private = 'false'
             C:\Program Files\dotnet\packs\Microsoft.NETCore.App.Ref\9.0.9\ref/net9.0/System.Diagnostics.FileVersionInfo.dll
                 Private = 'false'
             C:\Program Files\dotnet\packs\Microsoft.NETCore.App.Ref\9.0.9\ref/net9.0/System.Diagnostics.Process.dll
                 Private = 'false'
             C:\Program Files\dotnet\packs\Microsoft.NETCore.App.Ref\9.0.9\ref/net9.0/System.Diagnostics.StackTrace.dll
                 Private = 'false'
             C:\Program Files\dotnet\packs\Microsoft.NETCore.App.Ref\9.0.9\ref/net9.0/System.Diagnostics.TextWriterTraceListener.dll
                 Private = 'false'
             C:\Program Files\dotnet\packs\Microsoft.NETCore.App.Ref\9.0.9\ref/net9.0/System.Diagnostics.Tools.dll
                 Private = 'false'
             C:\Program Files\dotnet\packs\Microsoft.NETCore.App.Ref\9.0.9\ref/net9.0/System.Diagnostics.TraceSource.dll
                 Private = 'false'
             C:\Program Files\dotnet\packs\Microsoft.NETCore.App.Ref\9.0.9\ref/net9.0/System.Diagnostics.Tracing.dll
                 Private = 'false'
             C:\Program Files\dotnet\packs\Microsoft.NETCore.App.Ref\9.0.9\ref/net9.0/System.Drawing.Primitives.dll
                 Private = 'false'
             C:\Program Files\dotnet\packs\Microsoft.NETCore.App.Ref\9.0.9\ref/net9.0/System.Drawing.dll
                 Private = 'false'
             C:\Program Files\dotnet\packs\Microsoft.NETCore.App.Ref\9.0.9\ref/net9.0/System.Dynamic.Runtime.dll
                 Private = 'false'
             C:\Program Files\dotnet\packs\Microsoft.NETCore.App.Ref\9.0.9\ref/net9.0/System.Formats.Asn1.dll
                 Private = 'false'
             C:\Program Files\dotnet\packs\Microsoft.NETCore.App.Ref\9.0.9\ref/net9.0/System.Formats.Tar.dll
                 Private = 'false'
             C:\Program Files\dotnet\packs\Microsoft.NETCore.App.Ref\9.0.9\ref/net9.0/System.Globalization.Calendars.dll
                 Private = 'false'
             C:\Program Files\dotnet\packs\Microsoft.NETCore.App.Ref\9.0.9\ref/net9.0/System.Globalization.Extensions.dll
                 Private = 'false'
             C:\Program Files\dotnet\packs\Microsoft.NETCore.App.Ref\9.0.9\ref/net9.0/System.Globalization.dll
                 Private = 'false'
             C:\Program Files\dotnet\packs\Microsoft.NETCore.App.Ref\9.0.9\ref/net9.0/System.IO.Compression.Brotli.dll
                 Private = 'false'
             C:\Program Files\dotnet\packs\Microsoft.NETCore.App.Ref\9.0.9\ref/net9.0/System.IO.Compression.FileSystem.dll
                 Private = 'false'
             C:\Program Files\dotnet\packs\Microsoft.NETCore.App.Ref\9.0.9\ref/net9.0/System.IO.Compression.ZipFile.dll
                 Private = 'false'
             C:\Program Files\dotnet\packs\Microsoft.NETCore.App.Ref\9.0.9\ref/net9.0/System.IO.Compression.dll
                 Private = 'false'
             C:\Program Files\dotnet\packs\Microsoft.NETCore.App.Ref\9.0.9\ref/net9.0/System.IO.FileSystem.AccessControl.dll
                 Private = 'false'
             C:\Program Files\dotnet\packs\Microsoft.NETCore.App.Ref\9.0.9\ref/net9.0/System.IO.FileSystem.DriveInfo.dll
                 Private = 'false'
             C:\Program Files\dotnet\packs\Microsoft.NETCore.App.Ref\9.0.9\ref/net9.0/System.IO.FileSystem.Primitives.dll
                 Private = 'false'
             C:\Program Files\dotnet\packs\Microsoft.NETCore.App.Ref\9.0.9\ref/net9.0/System.IO.FileSystem.Watcher.dll
                 Private = 'false'
             C:\Program Files\dotnet\packs\Microsoft.NETCore.App.Ref\9.0.9\ref/net9.0/System.IO.FileSystem.dll
                 Private = 'false'
             C:\Program Files\dotnet\packs\Microsoft.NETCore.App.Ref\9.0.9\ref/net9.0/System.IO.IsolatedStorage.dll
                 Private = 'false'
             C:\Program Files\dotnet\packs\Microsoft.NETCore.App.Ref\9.0.9\ref/net9.0/System.IO.MemoryMappedFiles.dll
                 Private = 'false'
             C:\Program Files\dotnet\packs\Microsoft.NETCore.App.Ref\9.0.9\ref/net9.0/System.IO.Pipelines.dll
                 Private = 'false'
             C:\Program Files\dotnet\packs\Microsoft.NETCore.App.Ref\9.0.9\ref/net9.0/System.IO.Pipes.AccessControl.dll
                 Private = 'false'
             C:\Program Files\dotnet\packs\Microsoft.NETCore.App.Ref\9.0.9\ref/net9.0/System.IO.Pipes.dll
                 Private = 'false'
             C:\Program Files\dotnet\packs\Microsoft.NETCore.App.Ref\9.0.9\ref/net9.0/System.IO.UnmanagedMemoryStream.dll
                 Private = 'false'
             C:\Program Files\dotnet\packs\Microsoft.NETCore.App.Ref\9.0.9\ref/net9.0/System.IO.dll
                 Private = 'false'
             C:\Program Files\dotnet\packs\Microsoft.NETCore.App.Ref\9.0.9\ref/net9.0/System.Linq.Expressions.dll
                 Private = 'false'
             C:\Program Files\dotnet\packs\Microsoft.NETCore.App.Ref\9.0.9\ref/net9.0/System.Linq.Parallel.dll
                 Private = 'false'
             C:\Program Files\dotnet\packs\Microsoft.NETCore.App.Ref\9.0.9\ref/net9.0/System.Linq.Queryable.dll
                 Private = 'false'
             C:\Program Files\dotnet\packs\Microsoft.NETCore.App.Ref\9.0.9\ref/net9.0/System.Linq.dll
                 Private = 'false'
             C:\Program Files\dotnet\packs\Microsoft.NETCore.App.Ref\9.0.9\ref/net9.0/System.Memory.dll
                 Private = 'false'
             C:\Program Files\dotnet\packs\Microsoft.NETCore.App.Ref\9.0.9\ref/net9.0/System.Net.Http.Json.dll
                 Private = 'false'
             C:\Program Files\dotnet\packs\Microsoft.NETCore.App.Ref\9.0.9\ref/net9.0/System.Net.Http.dll
                 Private = 'false'
             C:\Program Files\dotnet\packs\Microsoft.NETCore.App.Ref\9.0.9\ref/net9.0/System.Net.HttpListener.dll
                 Private = 'false'
             C:\Program Files\dotnet\packs\Microsoft.NETCore.App.Ref\9.0.9\ref/net9.0/System.Net.Mail.dll
                 Private = 'false'
             C:\Program Files\dotnet\packs\Microsoft.NETCore.App.Ref\9.0.9\ref/net9.0/System.Net.NameResolution.dll
                 Private = 'false'
             C:\Program Files\dotnet\packs\Microsoft.NETCore.App.Ref\9.0.9\ref/net9.0/System.Net.NetworkInformation.dll
                 Private = 'false'
             C:\Program Files\dotnet\packs\Microsoft.NETCore.App.Ref\9.0.9\ref/net9.0/System.Net.Ping.dll
                 Private = 'false'
             C:\Program Files\dotnet\packs\Microsoft.NETCore.App.Ref\9.0.9\ref/net9.0/System.Net.Primitives.dll
                 Private = 'false'
             C:\Program Files\dotnet\packs\Microsoft.NETCore.App.Ref\9.0.9\ref/net9.0/System.Net.Quic.dll
                 Private = 'false'
             C:\Program Files\dotnet\packs\Microsoft.NETCore.App.Ref\9.0.9\ref/net9.0/System.Net.Requests.dll
                 Private = 'false'
             C:\Program Files\dotnet\packs\Microsoft.NETCore.App.Ref\9.0.9\ref/net9.0/System.Net.Security.dll
                 Private = 'false'
             C:\Program Files\dotnet\packs\Microsoft.NETCore.App.Ref\9.0.9\ref/net9.0/System.Net.ServicePoint.dll
                 Private = 'false'
             C:\Program Files\dotnet\packs\Microsoft.NETCore.App.Ref\9.0.9\ref/net9.0/System.Net.Sockets.dll
                 Private = 'false'
             C:\Program Files\dotnet\packs\Microsoft.NETCore.App.Ref\9.0.9\ref/net9.0/System.Net.WebClient.dll
                 Private = 'false'
             C:\Program Files\dotnet\packs\Microsoft.NETCore.App.Ref\9.0.9\ref/net9.0/System.Net.WebHeaderCollection.dll
                 Private = 'false'
             C:\Program Files\dotnet\packs\Microsoft.NETCore.App.Ref\9.0.9\ref/net9.0/System.Net.WebProxy.dll
                 Private = 'false'
             C:\Program Files\dotnet\packs\Microsoft.NETCore.App.Ref\9.0.9\ref/net9.0/System.Net.WebSockets.Client.dll
                 Private = 'false'
             C:\Program Files\dotnet\packs\Microsoft.NETCore.App.Ref\9.0.9\ref/net9.0/System.Net.WebSockets.dll
                 Private = 'false'
             C:\Program Files\dotnet\packs\Microsoft.NETCore.App.Ref\9.0.9\ref/net9.0/System.Net.dll
                 Private = 'false'
             C:\Program Files\dotnet\packs\Microsoft.NETCore.App.Ref\9.0.9\ref/net9.0/System.Numerics.Vectors.dll
                 Private = 'false'
             C:\Program Files\dotnet\packs\Microsoft.NETCore.App.Ref\9.0.9\ref/net9.0/System.Numerics.dll
                 Private = 'false'
             C:\Program Files\dotnet\packs\Microsoft.NETCore.App.Ref\9.0.9\ref/net9.0/System.ObjectModel.dll
                 Private = 'false'
             C:\Program Files\dotnet\packs\Microsoft.NETCore.App.Ref\9.0.9\ref/net9.0/System.Reflection.DispatchProxy.dll
                 Private = 'false'
             C:\Program Files\dotnet\packs\Microsoft.NETCore.App.Ref\9.0.9\ref/net9.0/System.Reflection.Emit.ILGeneration.dll
                 Private = 'false'
             C:\Program Files\dotnet\packs\Microsoft.NETCore.App.Ref\9.0.9\ref/net9.0/System.Reflection.Emit.Lightweight.dll
                 Private = 'false'
             C:\Program Files\dotnet\packs\Microsoft.NETCore.App.Ref\9.0.9\ref/net9.0/System.Reflection.Emit.dll
                 Private = 'false'
             C:\Program Files\dotnet\packs\Microsoft.NETCore.App.Ref\9.0.9\ref/net9.0/System.Reflection.Extensions.dll
                 Private = 'false'
             C:\Program Files\dotnet\packs\Microsoft.NETCore.App.Ref\9.0.9\ref/net9.0/System.Reflection.Metadata.dll
                 Private = 'false'
             C:\Program Files\dotnet\packs\Microsoft.NETCore.App.Ref\9.0.9\ref/net9.0/System.Reflection.Primitives.dll
                 Private = 'false'
             C:\Program Files\dotnet\packs\Microsoft.NETCore.App.Ref\9.0.9\ref/net9.0/System.Reflection.TypeExtensions.dll
                 Private = 'false'
             C:\Program Files\dotnet\packs\Microsoft.NETCore.App.Ref\9.0.9\ref/net9.0/System.Reflection.dll
                 Private = 'false'
             C:\Program Files\dotnet\packs\Microsoft.NETCore.App.Ref\9.0.9\ref/net9.0/System.Resources.Reader.dll
                 Private = 'false'
             C:\Program Files\dotnet\packs\Microsoft.NETCore.App.Ref\9.0.9\ref/net9.0/System.Resources.ResourceManager.dll
                 Private = 'false'
             C:\Program Files\dotnet\packs\Microsoft.NETCore.App.Ref\9.0.9\ref/net9.0/System.Resources.Writer.dll
                 Private = 'false'
             C:\Program Files\dotnet\packs\Microsoft.NETCore.App.Ref\9.0.9\ref/net9.0/System.Runtime.CompilerServices.Unsafe.dll
                 Private = 'false'
             C:\Program Files\dotnet\packs\Microsoft.NETCore.App.Ref\9.0.9\ref/net9.0/System.Runtime.CompilerServices.VisualC.dll
                 Private = 'false'
             C:\Program Files\dotnet\packs\Microsoft.NETCore.App.Ref\9.0.9\ref/net9.0/System.Runtime.Extensions.dll
                 Private = 'false'
             C:\Program Files\dotnet\packs\Microsoft.NETCore.App.Ref\9.0.9\ref/net9.0/System.Runtime.Handles.dll
                 Private = 'false'
             C:\Program Files\dotnet\packs\Microsoft.NETCore.App.Ref\9.0.9\ref/net9.0/System.Runtime.InteropServices.JavaScript.dll
                 Private = 'false'
             C:\Program Files\dotnet\packs\Microsoft.NETCore.App.Ref\9.0.9\ref/net9.0/System.Runtime.InteropServices.RuntimeInformation.dll
                 Private = 'false'
             C:\Program Files\dotnet\packs\Microsoft.NETCore.App.Ref\9.0.9\ref/net9.0/System.Runtime.InteropServices.dll
                 Private = 'false'
             C:\Program Files\dotnet\packs\Microsoft.NETCore.App.Ref\9.0.9\ref/net9.0/System.Runtime.Intrinsics.dll
                 Private = 'false'
             C:\Program Files\dotnet\packs\Microsoft.NETCore.App.Ref\9.0.9\ref/net9.0/System.Runtime.Loader.dll
                 Private = 'false'
             C:\Program Files\dotnet\packs\Microsoft.NETCore.App.Ref\9.0.9\ref/net9.0/System.Runtime.Numerics.dll
                 Private = 'false'
             C:\Program Files\dotnet\packs\Microsoft.NETCore.App.Ref\9.0.9\ref/net9.0/System.Runtime.Serialization.Formatters.dll
                 Private = 'false'
             C:\Program Files\dotnet\packs\Microsoft.NETCore.App.Ref\9.0.9\ref/net9.0/System.Runtime.Serialization.Json.dll
                 Private = 'false'
             C:\Program Files\dotnet\packs\Microsoft.NETCore.App.Ref\9.0.9\ref/net9.0/System.Runtime.Serialization.Primitives.dll
                 Private = 'false'
             C:\Program Files\dotnet\packs\Microsoft.NETCore.App.Ref\9.0.9\ref/net9.0/System.Runtime.Serialization.Xml.dll
                 Private = 'false'
             C:\Program Files\dotnet\packs\Microsoft.NETCore.App.Ref\9.0.9\ref/net9.0/System.Runtime.Serialization.dll
                 Private = 'false'
             C:\Program Files\dotnet\packs\Microsoft.NETCore.App.Ref\9.0.9\ref/net9.0/System.Runtime.dll
                 Private = 'false'
             C:\Program Files\dotnet\packs\Microsoft.NETCore.App.Ref\9.0.9\ref/net9.0/System.Security.AccessControl.dll
                 Private = 'false'
             C:\Program Files\dotnet\packs\Microsoft.NETCore.App.Ref\9.0.9\ref/net9.0/System.Security.Claims.dll
                 Private = 'false'
             C:\Program Files\dotnet\packs\Microsoft.NETCore.App.Ref\9.0.9\ref/net9.0/System.Security.Cryptography.Algorithms.dll
                 Private = 'false'
             C:\Program Files\dotnet\packs\Microsoft.NETCore.App.Ref\9.0.9\ref/net9.0/System.Security.Cryptography.Cng.dll
                 Private = 'false'
             C:\Program Files\dotnet\packs\Microsoft.NETCore.App.Ref\9.0.9\ref/net9.0/System.Security.Cryptography.Csp.dll
                 Private = 'false'
             C:\Program Files\dotnet\packs\Microsoft.NETCore.App.Ref\9.0.9\ref/net9.0/System.Security.Cryptography.Encoding.dll
                 Private = 'false'
             C:\Program Files\dotnet\packs\Microsoft.NETCore.App.Ref\9.0.9\ref/net9.0/System.Security.Cryptography.OpenSsl.dll
                 Private = 'false'
             C:\Program Files\dotnet\packs\Microsoft.NETCore.App.Ref\9.0.9\ref/net9.0/System.Security.Cryptography.Primitives.dll
                 Private = 'false'
             C:\Program Files\dotnet\packs\Microsoft.NETCore.App.Ref\9.0.9\ref/net9.0/System.Security.Cryptography.X509Certificates.dll
                 Private = 'false'
             C:\Program Files\dotnet\packs\Microsoft.NETCore.App.Ref\9.0.9\ref/net9.0/System.Security.Cryptography.dll
                 Private = 'false'
             C:\Program Files\dotnet\packs\Microsoft.NETCore.App.Ref\9.0.9\ref/net9.0/System.Security.Principal.Windows.dll
                 Private = 'false'
             C:\Program Files\dotnet\packs\Microsoft.NETCore.App.Ref\9.0.9\ref/net9.0/System.Security.Principal.dll
                 Private = 'false'
             C:\Program Files\dotnet\packs\Microsoft.NETCore.App.Ref\9.0.9\ref/net9.0/System.Security.SecureString.dll
                 Private = 'false'
             C:\Program Files\dotnet\packs\Microsoft.NETCore.App.Ref\9.0.9\ref/net9.0/System.Security.dll
                 Private = 'false'
             C:\Program Files\dotnet\packs\Microsoft.NETCore.App.Ref\9.0.9\ref/net9.0/System.ServiceModel.Web.dll
                 Private = 'false'
             C:\Program Files\dotnet\packs\Microsoft.NETCore.App.Ref\9.0.9\ref/net9.0/System.ServiceProcess.dll
                 Private = 'false'
             C:\Program Files\dotnet\packs\Microsoft.NETCore.App.Ref\9.0.9\ref/net9.0/System.Text.Encoding.CodePages.dll
                 Private = 'false'
             C:\Program Files\dotnet\packs\Microsoft.NETCore.App.Ref\9.0.9\ref/net9.0/System.Text.Encoding.Extensions.dll
                 Private = 'false'
             C:\Program Files\dotnet\packs\Microsoft.NETCore.App.Ref\9.0.9\ref/net9.0/System.Text.Encoding.dll
                 Private = 'false'
             C:\Program Files\dotnet\packs\Microsoft.NETCore.App.Ref\9.0.9\ref/net9.0/System.Text.Encodings.Web.dll
                 Private = 'false'
             C:\Program Files\dotnet\packs\Microsoft.NETCore.App.Ref\9.0.9\ref/net9.0/System.Text.Json.dll
                 Private = 'false'
             C:\Program Files\dotnet\packs\Microsoft.NETCore.App.Ref\9.0.9\ref/net9.0/System.Text.RegularExpressions.dll
                 Private = 'false'
             C:\Program Files\dotnet\packs\Microsoft.NETCore.App.Ref\9.0.9\ref/net9.0/System.Threading.Channels.dll
                 Private = 'false'
             C:\Program Files\dotnet\packs\Microsoft.NETCore.App.Ref\9.0.9\ref/net9.0/System.Threading.Overlapped.dll
                 Private = 'false'
             C:\Program Files\dotnet\packs\Microsoft.NETCore.App.Ref\9.0.9\ref/net9.0/System.Threading.Tasks.Dataflow.dll
                 Private = 'false'
             C:\Program Files\dotnet\packs\Microsoft.NETCore.App.Ref\9.0.9\ref/net9.0/System.Threading.Tasks.Extensions.dll
                 Private = 'false'
             C:\Program Files\dotnet\packs\Microsoft.NETCore.App.Ref\9.0.9\ref/net9.0/System.Threading.Tasks.Parallel.dll
                 Private = 'false'
             C:\Program Files\dotnet\packs\Microsoft.NETCore.App.Ref\9.0.9\ref/net9.0/System.Threading.Tasks.dll
                 Private = 'false'
             C:\Program Files\dotnet\packs\Microsoft.NETCore.App.Ref\9.0.9\ref/net9.0/System.Threading.Thread.dll
                 Private = 'false'
             C:\Program Files\dotnet\packs\Microsoft.NETCore.App.Ref\9.0.9\ref/net9.0/System.Threading.ThreadPool.dll
                 Private = 'false'
             C:\Program Files\dotnet\packs\Microsoft.NETCore.App.Ref\9.0.9\ref/net9.0/System.Threading.Timer.dll
                 Private = 'false'
             C:\Program Files\dotnet\packs\Microsoft.NETCore.App.Ref\9.0.9\ref/net9.0/System.Threading.dll
                 Private = 'false'
             C:\Program Files\dotnet\packs\Microsoft.NETCore.App.Ref\9.0.9\ref/net9.0/System.Transactions.Local.dll
                 Private = 'false'
             C:\Program Files\dotnet\packs\Microsoft.NETCore.App.Ref\9.0.9\ref/net9.0/System.Transactions.dll
                 Private = 'false'
             C:\Program Files\dotnet\packs\Microsoft.NETCore.App.Ref\9.0.9\ref/net9.0/System.ValueTuple.dll
                 Private = 'false'
             C:\Program Files\dotnet\packs\Microsoft.NETCore.App.Ref\9.0.9\ref/net9.0/System.Web.HttpUtility.dll
                 Private = 'false'
             C:\Program Files\dotnet\packs\Microsoft.NETCore.App.Ref\9.0.9\ref/net9.0/System.Web.dll
                 Private = 'false'
             C:\Program Files\dotnet\packs\Microsoft.NETCore.App.Ref\9.0.9\ref/net9.0/System.Windows.dll
                 Private = 'false'
             C:\Program Files\dotnet\packs\Microsoft.NETCore.App.Ref\9.0.9\ref/net9.0/System.Xml.Linq.dll
                 Private = 'false'
             C:\Program Files\dotnet\packs\Microsoft.NETCore.App.Ref\9.0.9\ref/net9.0/System.Xml.ReaderWriter.dll
                 Private = 'false'
             C:\Program Files\dotnet\packs\Microsoft.NETCore.App.Ref\9.0.9\ref/net9.0/System.Xml.Serialization.dll
                 Private = 'false'
             C:\Program Files\dotnet\packs\Microsoft.NETCore.App.Ref\9.0.9\ref/net9.0/System.Xml.XDocument.dll
                 Private = 'false'
             C:\Program Files\dotnet\packs\Microsoft.NETCore.App.Ref\9.0.9\ref/net9.0/System.Xml.XPath.XDocument.dll
                 Private = 'false'
             C:\Program Files\dotnet\packs\Microsoft.NETCore.App.Ref\9.0.9\ref/net9.0/System.Xml.XPath.dll
                 Private = 'false'
             C:\Program Files\dotnet\packs\Microsoft.NETCore.App.Ref\9.0.9\ref/net9.0/System.Xml.XmlDocument.dll
                 Private = 'false'
             C:\Program Files\dotnet\packs\Microsoft.NETCore.App.Ref\9.0.9\ref/net9.0/System.Xml.XmlSerializer.dll
                 Private = 'false'
             C:\Program Files\dotnet\packs\Microsoft.NETCore.App.Ref\9.0.9\ref/net9.0/System.Xml.dll
                 Private = 'false'
             C:\Program Files\dotnet\packs\Microsoft.NETCore.App.Ref\9.0.9\ref/net9.0/System.dll
                 Private = 'false'
             C:\Program Files\dotnet\packs\Microsoft.NETCore.App.Ref\9.0.9\ref/net9.0/WindowsBase.dll
                 Private = 'false'
             C:\Program Files\dotnet\packs\Microsoft.NETCore.App.Ref\9.0.9\ref/net9.0/mscorlib.dll
                 Private = 'false'
             C:\Program Files\dotnet\packs\Microsoft.NETCore.App.Ref\9.0.9\ref/net9.0/netstandard.dll
                 Private = 'false'
         AssemblyFiles:
         CandidateAssemblyFiles:
         TargetFrameworkDirectories:
             
         NonCultureResourceDirectories:
             
         InstalledAssemblyTables:
         IgnoreInstalledAssemblyTable:
             False
         SearchPaths:
             {CandidateAssemblyFiles}
             {HintPathFromItem}
             {TargetFrameworkDirectory}
             {RawFileName}
         AllowedAssemblyExtensions:
             .winmd
             .dll
             .exe
         AllowedRelatedFileExtensions:
             .pdb
             .xml
             .pri
             .dll.config
             .exe.config
         AppConfigFile:
             
         AutoUnify:
             True
         EnableCustomCulture:
             False
         CopyLocalDependenciesWhenParentReferenceInGac:
             True
         FindDependencies:
             True
         TargetProcessorArchitecture:
             msil
         StateFile:
             obj\Debug\net9.0\Bomberman.csproj.AssemblyReference.cache
         InstalledAssemblySubsetTables:
         IgnoreInstalledAssemblySubsetTable:
             False
         TargetFrameworkSubsets:
         FullTargetFrameworkSubsetNames:
             Full
         ProfileName:
             
         FullFrameworkFolders:
         LatestTargetFrameworkDirectories:
         ProfileTablesLocation:
         Primary reference "MonoGame.Framework, Version=3.8.4.1, Culture=neutral, PublicKeyToken=null".
             Resolved file path is "C:\Users\hisha\.nuget\packages\monogame.framework.desktopgl\3.8.4.1\lib\net8.0\MonoGame.Framework.dll".
             Reference found at search path location "{HintPathFromItem}".
             This reference is not "CopyLocal" because at least one source item had "Private" set to "false" and no source items had "Private" set to "true".
         Primary reference "NVorbis, Version=0.10.4.0, Culture=neutral, PublicKeyToken=null".
             Resolved file path is "C:\Users\hisha\.nuget\packages\nvorbis\0.10.4\lib\netstandard2.0\NVorbis.dll".
             Reference found at search path location "{HintPathFromItem}".
             This reference is not "CopyLocal" because at least one source item had "Private" set to "false" and no source items had "Private" set to "true".
         Primary reference "Microsoft.CSharp, Version=9.0.0.0, Culture=neutral, PublicKeyToken=b03f5f7f11d50a3a".
             Resolved file path is "C:\Program Files\dotnet\packs\Microsoft.NETCore.App.Ref\9.0.9\ref\net9.0\Microsoft.CSharp.dll".
             Reference found at search path location "{RawFileName}".
             This reference is not "CopyLocal" because at least one source item had "Private" set to "false" and no source items had "Private" set to "true".
         Primary reference "Microsoft.VisualBasic.Core, Version=14.0.0.0, Culture=neutral, PublicKeyToken=b03f5f7f11d50a3a".
             Resolved file path is "C:\Program Files\dotnet\packs\Microsoft.NETCore.App.Ref\9.0.9\ref\net9.0\Microsoft.VisualBasic.Core.dll".
             Reference found at search path location "{RawFileName}".
             This reference is not "CopyLocal" because at least one source item had "Private" set to "false" and no source items had "Private" set to "true".
         Primary reference "Microsoft.VisualBasic, Version=10.0.0.0, Culture=neutral, PublicKeyToken=b03f5f7f11d50a3a".
             Resolved file path is "C:\Program Files\dotnet\packs\Microsoft.NETCore.App.Ref\9.0.9\ref\net9.0\Microsoft.VisualBasic.dll".
             Reference found at search path location "{RawFileName}".
             This reference is not "CopyLocal" because at least one source item had "Private" set to "false" and no source items had "Private" set to "true".
         Primary reference "Microsoft.Win32.Primitives, Version=9.0.0.0, Culture=neutral, PublicKeyToken=b03f5f7f11d50a3a".
             Resolved file path is "C:\Program Files\dotnet\packs\Microsoft.NETCore.App.Ref\9.0.9\ref\net9.0\Microsoft.Win32.Primitives.dll".
             Reference found at search path location "{RawFileName}".
             This reference is not "CopyLocal" because at least one source item had "Private" set to "false" and no source items had "Private" set to "true".
         Primary reference "Microsoft.Win32.Registry, Version=9.0.0.0, Culture=neutral, PublicKeyToken=b03f5f7f11d50a3a".
             Resolved file path is "C:\Program Files\dotnet\packs\Microsoft.NETCore.App.Ref\9.0.9\ref\net9.0\Microsoft.Win32.Registry.dll".
             Reference found at search path location "{RawFileName}".
             This reference is not "CopyLocal" because at least one source item had "Private" set to "false" and no source items had "Private" set to "true".
         Primary reference "System.AppContext, Version=9.0.0.0, Culture=neutral, PublicKeyToken=b03f5f7f11d50a3a".
             Resolved file path is "C:\Program Files\dotnet\packs\Microsoft.NETCore.App.Ref\9.0.9\ref\net9.0\System.AppContext.dll".
             Reference found at search path location "{RawFileName}".
             This reference is not "CopyLocal" because at least one source item had "Private" set to "false" and no source items had "Private" set to "true".
         Primary reference "System.Buffers, Version=9.0.0.0, Culture=neutral, PublicKeyToken=cc7b13ffcd2ddd51".
             Resolved file path is "C:\Program Files\dotnet\packs\Microsoft.NETCore.App.Ref\9.0.9\ref\net9.0\System.Buffers.dll".
             Reference found at search path location "{RawFileName}".
             This reference is not "CopyLocal" because at least one source item had "Private" set to "false" and no source items had "Private" set to "true".
         Primary reference "System.Collections.Concurrent, Version=9.0.0.0, Culture=neutral, PublicKeyToken=b03f5f7f11d50a3a".
             Resolved file path is "C:\Program Files\dotnet\packs\Microsoft.NETCore.App.Ref\9.0.9\ref\net9.0\System.Collections.Concurrent.dll".
             Reference found at search path location "{RawFileName}".
             This reference is not "CopyLocal" because at least one source item had "Private" set to "false" and no source items had "Private" set to "true".
         Primary reference "System.Collections.Immutable, Version=9.0.0.0, Culture=neutral, PublicKeyToken=b03f5f7f11d50a3a".
             Resolved file path is "C:\Program Files\dotnet\packs\Microsoft.NETCore.App.Ref\9.0.9\ref\net9.0\System.Collections.Immutable.dll".
             Reference found at search path location "{RawFileName}".
             This reference is not "CopyLocal" because at least one source item had "Private" set to "false" and no source items had "Private" set to "true".
         Primary reference "System.Collections.NonGeneric, Version=9.0.0.0, Culture=neutral, PublicKeyToken=b03f5f7f11d50a3a".
             Resolved file path is "C:\Program Files\dotnet\packs\Microsoft.NETCore.App.Ref\9.0.9\ref\net9.0\System.Collections.NonGeneric.dll".
             Reference found at search path location "{RawFileName}".
             This reference is not "CopyLocal" because at least one source item had "Private" set to "false" and no source items had "Private" set to "true".
         Primary reference "System.Collections.Specialized, Version=9.0.0.0, Culture=neutral, PublicKeyToken=b03f5f7f11d50a3a".
             Resolved file path is "C:\Program Files\dotnet\packs\Microsoft.NETCore.App.Ref\9.0.9\ref\net9.0\System.Collections.Specialized.dll".
             Reference found at search path location "{RawFileName}".
             This reference is not "CopyLocal" because at least one source item had "Private" set to "false" and no source items had "Private" set to "true".
         Primary reference "System.Collections, Version=9.0.0.0, Culture=neutral, PublicKeyToken=b03f5f7f11d50a3a".
             Resolved file path is "C:\Program Files\dotnet\packs\Microsoft.NETCore.App.Ref\9.0.9\ref\net9.0\System.Collections.dll".
             Reference found at search path location "{RawFileName}".
             This reference is not "CopyLocal" because at least one source item had "Private" set to "false" and no source items had "Private" set to "true".
         Primary reference "System.ComponentModel.Annotations, Version=9.0.0.0, Culture=neutral, PublicKeyToken=b03f5f7f11d50a3a".
             Resolved file path is "C:\Program Files\dotnet\packs\Microsoft.NETCore.App.Ref\9.0.9\ref\net9.0\System.ComponentModel.Annotations.dll".
             Reference found at search path location "{RawFileName}".
             This reference is not "CopyLocal" because at least one source item had "Private" set to "false" and no source items had "Private" set to "true".
         Primary reference "System.ComponentModel.DataAnnotations, Version=4.0.0.0, Culture=neutral, PublicKeyToken=31bf3856ad364e35".
             Resolved file path is "C:\Program Files\dotnet\packs\Microsoft.NETCore.App.Ref\9.0.9\ref\net9.0\System.ComponentModel.DataAnnotations.dll".
             Reference found at search path location "{RawFileName}".
             This reference is not "CopyLocal" because at least one source item had "Private" set to "false" and no source items had "Private" set to "true".
         Primary reference "System.ComponentModel.EventBasedAsync, Version=9.0.0.0, Culture=neutral, PublicKeyToken=b03f5f7f11d50a3a".
             Resolved file path is "C:\Program Files\dotnet\packs\Microsoft.NETCore.App.Ref\9.0.9\ref\net9.0\System.ComponentModel.EventBasedAsync.dll".
             Reference found at search path location "{RawFileName}".
             This reference is not "CopyLocal" because at least one source item had "Private" set to "false" and no source items had "Private" set to "true".
         Primary reference "System.ComponentModel.Primitives, Version=9.0.0.0, Culture=neutral, PublicKeyToken=b03f5f7f11d50a3a".
             Resolved file path is "C:\Program Files\dotnet\packs\Microsoft.NETCore.App.Ref\9.0.9\ref\net9.0\System.ComponentModel.Primitives.dll".
             Reference found at search path location "{RawFileName}".
             This reference is not "CopyLocal" because at least one source item had "Private" set to "false" and no source items had "Private" set to "true".
         Primary reference "System.ComponentModel.TypeConverter, Version=9.0.0.0, Culture=neutral, PublicKeyToken=b03f5f7f11d50a3a".
             Resolved file path is "C:\Program Files\dotnet\packs\Microsoft.NETCore.App.Ref\9.0.9\ref\net9.0\System.ComponentModel.TypeConverter.dll".
             Reference found at search path location "{RawFileName}".
             This reference is not "CopyLocal" because at least one source item had "Private" set to "false" and no source items had "Private" set to "true".
         Primary reference "System.ComponentModel, Version=9.0.0.0, Culture=neutral, PublicKeyToken=b03f5f7f11d50a3a".
             Resolved file path is "C:\Program Files\dotnet\packs\Microsoft.NETCore.App.Ref\9.0.9\ref\net9.0\System.ComponentModel.dll".
             Reference found at search path location "{RawFileName}".
             This reference is not "CopyLocal" because at least one source item had "Private" set to "false" and no source items had "Private" set to "true".
         Primary reference "System.Configuration, Version=4.0.0.0, Culture=neutral, PublicKeyToken=b03f5f7f11d50a3a".
             Resolved file path is "C:\Program Files\dotnet\packs\Microsoft.NETCore.App.Ref\9.0.9\ref\net9.0\System.Configuration.dll".
             Reference found at search path location "{RawFileName}".
             This reference is not "CopyLocal" because at least one source item had "Private" set to "false" and no source items had "Private" set to "true".
         Primary reference "System.Console, Version=9.0.0.0, Culture=neutral, PublicKeyToken=b03f5f7f11d50a3a".
             Resolved file path is "C:\Program Files\dotnet\packs\Microsoft.NETCore.App.Ref\9.0.9\ref\net9.0\System.Console.dll".
             Reference found at search path location "{RawFileName}".
             This reference is not "CopyLocal" because at least one source item had "Private" set to "false" and no source items had "Private" set to "true".
         Primary reference "System.Core, Version=4.0.0.0, Culture=neutral, PublicKeyToken=b77a5c561934e089".
             Resolved file path is "C:\Program Files\dotnet\packs\Microsoft.NETCore.App.Ref\9.0.9\ref\net9.0\System.Core.dll".
             Reference found at search path location "{RawFileName}".
             This reference is not "CopyLocal" because at least one source item had "Private" set to "false" and no source items had "Private" set to "true".
         Primary reference "System.Data.Common, Version=9.0.0.0, Culture=neutral, PublicKeyToken=b03f5f7f11d50a3a".
             Resolved file path is "C:\Program Files\dotnet\packs\Microsoft.NETCore.App.Ref\9.0.9\ref\net9.0\System.Data.Common.dll".
             Reference found at search path location "{RawFileName}".
             This reference is not "CopyLocal" because at least one source item had "Private" set to "false" and no source items had "Private" set to "true".
         Primary reference "System.Data.DataSetExtensions, Version=9.0.0.0, Culture=neutral, PublicKeyToken=b77a5c561934e089".
             Resolved file path is "C:\Program Files\dotnet\packs\Microsoft.NETCore.App.Ref\9.0.9\ref\net9.0\System.Data.DataSetExtensions.dll".
             Reference found at search path location "{RawFileName}".
             This reference is not "CopyLocal" because at least one source item had "Private" set to "false" and no source items had "Private" set to "true".
         Primary reference "System.Data, Version=4.0.0.0, Culture=neutral, PublicKeyToken=b77a5c561934e089".
             Resolved file path is "C:\Program Files\dotnet\packs\Microsoft.NETCore.App.Ref\9.0.9\ref\net9.0\System.Data.dll".
             Reference found at search path location "{RawFileName}".
             This reference is not "CopyLocal" because at least one source item had "Private" set to "false" and no source items had "Private" set to "true".
         Primary reference "System.Diagnostics.Contracts, Version=9.0.0.0, Culture=neutral, PublicKeyToken=b03f5f7f11d50a3a".
             Resolved file path is "C:\Program Files\dotnet\packs\Microsoft.NETCore.App.Ref\9.0.9\ref\net9.0\System.Diagnostics.Contracts.dll".
             Reference found at search path location "{RawFileName}".
             This reference is not "CopyLocal" because at least one source item had "Private" set to "false" and no source items had "Private" set to "true".
         Primary reference "System.Diagnostics.Debug, Version=9.0.0.0, Culture=neutral, PublicKeyToken=b03f5f7f11d50a3a".
             Resolved file path is "C:\Program Files\dotnet\packs\Microsoft.NETCore.App.Ref\9.0.9\ref\net9.0\System.Diagnostics.Debug.dll".
             Reference found at search path location "{RawFileName}".
             This reference is not "CopyLocal" because at least one source item had "Private" set to "false" and no source items had "Private" set to "true".
         Primary reference "System.Diagnostics.DiagnosticSource, Version=9.0.0.0, Culture=neutral, PublicKeyToken=cc7b13ffcd2ddd51".
             Resolved file path is "C:\Program Files\dotnet\packs\Microsoft.NETCore.App.Ref\9.0.9\ref\net9.0\System.Diagnostics.DiagnosticSource.dll".
             Reference found at search path location "{RawFileName}".
             This reference is not "CopyLocal" because at least one source item had "Private" set to "false" and no source items had "Private" set to "true".
         Primary reference "System.Diagnostics.FileVersionInfo, Version=9.0.0.0, Culture=neutral, PublicKeyToken=b03f5f7f11d50a3a".
             Resolved file path is "C:\Program Files\dotnet\packs\Microsoft.NETCore.App.Ref\9.0.9\ref\net9.0\System.Diagnostics.FileVersionInfo.dll".
             Reference found at search path location "{RawFileName}".
             This reference is not "CopyLocal" because at least one source item had "Private" set to "false" and no source items had "Private" set to "true".
         Primary reference "System.Diagnostics.Process, Version=9.0.0.0, Culture=neutral, PublicKeyToken=b03f5f7f11d50a3a".
             Resolved file path is "C:\Program Files\dotnet\packs\Microsoft.NETCore.App.Ref\9.0.9\ref\net9.0\System.Diagnostics.Process.dll".
             Reference found at search path location "{RawFileName}".
             This reference is not "CopyLocal" because at least one source item had "Private" set to "false" and no source items had "Private" set to "true".
         Primary reference "System.Diagnostics.StackTrace, Version=9.0.0.0, Culture=neutral, PublicKeyToken=b03f5f7f11d50a3a".
             Resolved file path is "C:\Program Files\dotnet\packs\Microsoft.NETCore.App.Ref\9.0.9\ref\net9.0\System.Diagnostics.StackTrace.dll".
             Reference found at search path location "{RawFileName}".
             This reference is not "CopyLocal" because at least one source item had "Private" set to "false" and no source items had "Private" set to "true".
         Primary reference "System.Diagnostics.TextWriterTraceListener, Version=9.0.0.0, Culture=neutral, PublicKeyToken=b03f5f7f11d50a3a".
             Resolved file path is "C:\Program Files\dotnet\packs\Microsoft.NETCore.App.Ref\9.0.9\ref\net9.0\System.Diagnostics.TextWriterTraceListener.dll".
             Reference found at search path location "{RawFileName}".
             This reference is not "CopyLocal" because at least one source item had "Private" set to "false" and no source items had "Private" set to "true".
         Primary reference "System.Diagnostics.Tools, Version=9.0.0.0, Culture=neutral, PublicKeyToken=b03f5f7f11d50a3a".
             Resolved file path is "C:\Program Files\dotnet\packs\Microsoft.NETCore.App.Ref\9.0.9\ref\net9.0\System.Diagnostics.Tools.dll".
             Reference found at search path location "{RawFileName}".
             This reference is not "CopyLocal" because at least one source item had "Private" set to "false" and no source items had "Private" set to "true".
         Primary reference "System.Diagnostics.TraceSource, Version=9.0.0.0, Culture=neutral, PublicKeyToken=b03f5f7f11d50a3a".
             Resolved file path is "C:\Program Files\dotnet\packs\Microsoft.NETCore.App.Ref\9.0.9\ref\net9.0\System.Diagnostics.TraceSource.dll".
             Reference found at search path location "{RawFileName}".
             This reference is not "CopyLocal" because at least one source item had "Private" set to "false" and no source items had "Private" set to "true".
         Primary reference "System.Diagnostics.Tracing, Version=9.0.0.0, Culture=neutral, PublicKeyToken=b03f5f7f11d50a3a".
             Resolved file path is "C:\Program Files\dotnet\packs\Microsoft.NETCore.App.Ref\9.0.9\ref\net9.0\System.Diagnostics.Tracing.dll".
             Reference found at search path location "{RawFileName}".
             This reference is not "CopyLocal" because at least one source item had "Private" set to "false" and no source items had "Private" set to "true".
         Primary reference "System.Drawing.Primitives, Version=9.0.0.0, Culture=neutral, PublicKeyToken=b03f5f7f11d50a3a".
             Resolved file path is "C:\Program Files\dotnet\packs\Microsoft.NETCore.App.Ref\9.0.9\ref\net9.0\System.Drawing.Primitives.dll".
             Reference found at search path location "{RawFileName}".
             This reference is not "CopyLocal" because at least one source item had "Private" set to "false" and no source items had "Private" set to "true".
         Primary reference "System.Drawing, Version=4.0.0.0, Culture=neutral, PublicKeyToken=b03f5f7f11d50a3a".
             Resolved file path is "C:\Program Files\dotnet\packs\Microsoft.NETCore.App.Ref\9.0.9\ref\net9.0\System.Drawing.dll".
             Reference found at search path location "{RawFileName}".
             This reference is not "CopyLocal" because at least one source item had "Private" set to "false" and no source items had "Private" set to "true".
         Primary reference "System.Dynamic.Runtime, Version=9.0.0.0, Culture=neutral, PublicKeyToken=b03f5f7f11d50a3a".
             Resolved file path is "C:\Program Files\dotnet\packs\Microsoft.NETCore.App.Ref\9.0.9\ref\net9.0\System.Dynamic.Runtime.dll".
             Reference found at search path location "{RawFileName}".
             This reference is not "CopyLocal" because at least one source item had "Private" set to "false" and no source items had "Private" set to "true".
         Primary reference "System.Formats.Asn1, Version=9.0.0.0, Culture=neutral, PublicKeyToken=cc7b13ffcd2ddd51".
             Resolved file path is "C:\Program Files\dotnet\packs\Microsoft.NETCore.App.Ref\9.0.9\ref\net9.0\System.Formats.Asn1.dll".
             Reference found at search path location "{RawFileName}".
             This reference is not "CopyLocal" because at least one source item had "Private" set to "false" and no source items had "Private" set to "true".
         Primary reference "System.Formats.Tar, Version=9.0.0.0, Culture=neutral, PublicKeyToken=cc7b13ffcd2ddd51".
             Resolved file path is "C:\Program Files\dotnet\packs\Microsoft.NETCore.App.Ref\9.0.9\ref\net9.0\System.Formats.Tar.dll".
             Reference found at search path location "{RawFileName}".
             This reference is not "CopyLocal" because at least one source item had "Private" set to "false" and no source items had "Private" set to "true".
         Primary reference "System.Globalization.Calendars, Version=9.0.0.0, Culture=neutral, PublicKeyToken=b03f5f7f11d50a3a".
             Resolved file path is "C:\Program Files\dotnet\packs\Microsoft.NETCore.App.Ref\9.0.9\ref\net9.0\System.Globalization.Calendars.dll".
             Reference found at search path location "{RawFileName}".
             This reference is not "CopyLocal" because at least one source item had "Private" set to "false" and no source items had "Private" set to "true".
         Primary reference "System.Globalization.Extensions, Version=9.0.0.0, Culture=neutral, PublicKeyToken=b03f5f7f11d50a3a".
             Resolved file path is "C:\Program Files\dotnet\packs\Microsoft.NETCore.App.Ref\9.0.9\ref\net9.0\System.Globalization.Extensions.dll".
             Reference found at search path location "{RawFileName}".
             This reference is not "CopyLocal" because at least one source item had "Private" set to "false" and no source items had "Private" set to "true".
         Primary reference "System.Globalization, Version=9.0.0.0, Culture=neutral, PublicKeyToken=b03f5f7f11d50a3a".
             Resolved file path is "C:\Program Files\dotnet\packs\Microsoft.NETCore.App.Ref\9.0.9\ref\net9.0\System.Globalization.dll".
             Reference found at search path location "{RawFileName}".
             This reference is not "CopyLocal" because at least one source item had "Private" set to "false" and no source items had "Private" set to "true".
         Primary reference "System.IO.Compression.Brotli, Version=9.0.0.0, Culture=neutral, PublicKeyToken=b77a5c561934e089".
             Resolved file path is "C:\Program Files\dotnet\packs\Microsoft.NETCore.App.Ref\9.0.9\ref\net9.0\System.IO.Compression.Brotli.dll".
             Reference found at search path location "{RawFileName}".
             This reference is not "CopyLocal" because at least one source item had "Private" set to "false" and no source items had "Private" set to "true".
         Primary reference "System.IO.Compression.FileSystem, Version=4.0.0.0, Culture=neutral, PublicKeyToken=b77a5c561934e089".
             Resolved file path is "C:\Program Files\dotnet\packs\Microsoft.NETCore.App.Ref\9.0.9\ref\net9.0\System.IO.Compression.FileSystem.dll".
             Reference found at search path location "{RawFileName}".
             This reference is not "CopyLocal" because at least one source item had "Private" set to "false" and no source items had "Private" set to "true".
         Primary reference "System.IO.Compression.ZipFile, Version=9.0.0.0, Culture=neutral, PublicKeyToken=b77a5c561934e089".
             Resolved file path is "C:\Program Files\dotnet\packs\Microsoft.NETCore.App.Ref\9.0.9\ref\net9.0\System.IO.Compression.ZipFile.dll".
             Reference found at search path location "{RawFileName}".
             This reference is not "CopyLocal" because at least one source item had "Private" set to "false" and no source items had "Private" set to "true".
         Primary reference "System.IO.Compression, Version=9.0.0.0, Culture=neutral, PublicKeyToken=b77a5c561934e089".
             Resolved file path is "C:\Program Files\dotnet\packs\Microsoft.NETCore.App.Ref\9.0.9\ref\net9.0\System.IO.Compression.dll".
             Reference found at search path location "{RawFileName}".
             This reference is not "CopyLocal" because at least one source item had "Private" set to "false" and no source items had "Private" set to "true".
         Primary reference "System.IO.FileSystem.AccessControl, Version=9.0.0.0, Culture=neutral, PublicKeyToken=b03f5f7f11d50a3a".
             Resolved file path is "C:\Program Files\dotnet\packs\Microsoft.NETCore.App.Ref\9.0.9\ref\net9.0\System.IO.FileSystem.AccessControl.dll".
             Reference found at search path location "{RawFileName}".
             This reference is not "CopyLocal" because at least one source item had "Private" set to "false" and no source items had "Private" set to "true".
         Primary reference "System.IO.FileSystem.DriveInfo, Version=9.0.0.0, Culture=neutral, PublicKeyToken=b03f5f7f11d50a3a".
             Resolved file path is "C:\Program Files\dotnet\packs\Microsoft.NETCore.App.Ref\9.0.9\ref\net9.0\System.IO.FileSystem.DriveInfo.dll".
             Reference found at search path location "{RawFileName}".
             This reference is not "CopyLocal" because at least one source item had "Private" set to "false" and no source items had "Private" set to "true".
         Primary reference "System.IO.FileSystem.Primitives, Version=9.0.0.0, Culture=neutral, PublicKeyToken=b03f5f7f11d50a3a".
             Resolved file path is "C:\Program Files\dotnet\packs\Microsoft.NETCore.App.Ref\9.0.9\ref\net9.0\System.IO.FileSystem.Primitives.dll".
             Reference found at search path location "{RawFileName}".
             This reference is not "CopyLocal" because at least one source item had "Private" set to "false" and no source items had "Private" set to "true".
         Primary reference "System.IO.FileSystem.Watcher, Version=9.0.0.0, Culture=neutral, PublicKeyToken=b03f5f7f11d50a3a".
             Resolved file path is "C:\Program Files\dotnet\packs\Microsoft.NETCore.App.Ref\9.0.9\ref\net9.0\System.IO.FileSystem.Watcher.dll".
             Reference found at search path location "{RawFileName}".
             This reference is not "CopyLocal" because at least one source item had "Private" set to "false" and no source items had "Private" set to "true".
         Primary reference "System.IO.FileSystem, Version=9.0.0.0, Culture=neutral, PublicKeyToken=b03f5f7f11d50a3a".
             Resolved file path is "C:\Program Files\dotnet\packs\Microsoft.NETCore.App.Ref\9.0.9\ref\net9.0\System.IO.FileSystem.dll".
             Reference found at search path location "{RawFileName}".
             This reference is not "CopyLocal" because at least one source item had "Private" set to "false" and no source items had "Private" set to "true".
         Primary reference "System.IO.IsolatedStorage, Version=9.0.0.0, Culture=neutral, PublicKeyToken=b03f5f7f11d50a3a".
             Resolved file path is "C:\Program Files\dotnet\packs\Microsoft.NETCore.App.Ref\9.0.9\ref\net9.0\System.IO.IsolatedStorage.dll".
             Reference found at search path location "{RawFileName}".
             This reference is not "CopyLocal" because at least one source item had "Private" set to "false" and no source items had "Private" set to "true".
         Primary reference "System.IO.MemoryMappedFiles, Version=9.0.0.0, Culture=neutral, PublicKeyToken=b03f5f7f11d50a3a".
             Resolved file path is "C:\Program Files\dotnet\packs\Microsoft.NETCore.App.Ref\9.0.9\ref\net9.0\System.IO.MemoryMappedFiles.dll".
             Reference found at search path location "{RawFileName}".
             This reference is not "CopyLocal" because at least one source item had "Private" set to "false" and no source items had "Private" set to "true".
         Primary reference "System.IO.Pipelines, Version=9.0.0.0, Culture=neutral, PublicKeyToken=cc7b13ffcd2ddd51".
             Resolved file path is "C:\Program Files\dotnet\packs\Microsoft.NETCore.App.Ref\9.0.9\ref\net9.0\System.IO.Pipelines.dll".
             Reference found at search path location "{RawFileName}".
             This reference is not "CopyLocal" because at least one source item had "Private" set to "false" and no source items had "Private" set to "true".
         Primary reference "System.IO.Pipes.AccessControl, Version=9.0.0.0, Culture=neutral, PublicKeyToken=b03f5f7f11d50a3a".
             Resolved file path is "C:\Program Files\dotnet\packs\Microsoft.NETCore.App.Ref\9.0.9\ref\net9.0\System.IO.Pipes.AccessControl.dll".
             Reference found at search path location "{RawFileName}".
             This reference is not "CopyLocal" because at least one source item had "Private" set to "false" and no source items had "Private" set to "true".
         Primary reference "System.IO.Pipes, Version=9.0.0.0, Culture=neutral, PublicKeyToken=b03f5f7f11d50a3a".
             Resolved file path is "C:\Program Files\dotnet\packs\Microsoft.NETCore.App.Ref\9.0.9\ref\net9.0\System.IO.Pipes.dll".
             Reference found at search path location "{RawFileName}".
             This reference is not "CopyLocal" because at least one source item had "Private" set to "false" and no source items had "Private" set to "true".
         Primary reference "System.IO.UnmanagedMemoryStream, Version=9.0.0.0, Culture=neutral, PublicKeyToken=b03f5f7f11d50a3a".
             Resolved file path is "C:\Program Files\dotnet\packs\Microsoft.NETCore.App.Ref\9.0.9\ref\net9.0\System.IO.UnmanagedMemoryStream.dll".
             Reference found at search path location "{RawFileName}".
             This reference is not "CopyLocal" because at least one source item had "Private" set to "false" and no source items had "Private" set to "true".
         Primary reference "System.IO, Version=9.0.0.0, Culture=neutral, PublicKeyToken=b03f5f7f11d50a3a".
             Resolved file path is "C:\Program Files\dotnet\packs\Microsoft.NETCore.App.Ref\9.0.9\ref\net9.0\System.IO.dll".
             Reference found at search path location "{RawFileName}".
             This reference is not "CopyLocal" because at least one source item had "Private" set to "false" and no source items had "Private" set to "true".
         Primary reference "System.Linq.Expressions, Version=9.0.0.0, Culture=neutral, PublicKeyToken=b03f5f7f11d50a3a".
             Resolved file path is "C:\Program Files\dotnet\packs\Microsoft.NETCore.App.Ref\9.0.9\ref\net9.0\System.Linq.Expressions.dll".
             Reference found at search path location "{RawFileName}".
             This reference is not "CopyLocal" because at least one source item had "Private" set to "false" and no source items had "Private" set to "true".
         Primary reference "System.Linq.Parallel, Version=9.0.0.0, Culture=neutral, PublicKeyToken=b03f5f7f11d50a3a".
             Resolved file path is "C:\Program Files\dotnet\packs\Microsoft.NETCore.App.Ref\9.0.9\ref\net9.0\System.Linq.Parallel.dll".
             Reference found at search path location "{RawFileName}".
             This reference is not "CopyLocal" because at least one source item had "Private" set to "false" and no source items had "Private" set to "true".
         Primary reference "System.Linq.Queryable, Version=9.0.0.0, Culture=neutral, PublicKeyToken=b03f5f7f11d50a3a".
             Resolved file path is "C:\Program Files\dotnet\packs\Microsoft.NETCore.App.Ref\9.0.9\ref\net9.0\System.Linq.Queryable.dll".
             Reference found at search path location "{RawFileName}".
             This reference is not "CopyLocal" because at least one source item had "Private" set to "false" and no source items had "Private" set to "true".
         Primary reference "System.Linq, Version=9.0.0.0, Culture=neutral, PublicKeyToken=b03f5f7f11d50a3a".
             Resolved file path is "C:\Program Files\dotnet\packs\Microsoft.NETCore.App.Ref\9.0.9\ref\net9.0\System.Linq.dll".
             Reference found at search path location "{RawFileName}".
             This reference is not "CopyLocal" because at least one source item had "Private" set to "false" and no source items had "Private" set to "true".
         Primary reference "System.Memory, Version=9.0.0.0, Culture=neutral, PublicKeyToken=cc7b13ffcd2ddd51".
             Resolved file path is "C:\Program Files\dotnet\packs\Microsoft.NETCore.App.Ref\9.0.9\ref\net9.0\System.Memory.dll".
             Reference found at search path location "{RawFileName}".
             This reference is not "CopyLocal" because at least one source item had "Private" set to "false" and no source items had "Private" set to "true".
         Primary reference "System.Net.Http.Json, Version=9.0.0.0, Culture=neutral, PublicKeyToken=cc7b13ffcd2ddd51".
             Resolved file path is "C:\Program Files\dotnet\packs\Microsoft.NETCore.App.Ref\9.0.9\ref\net9.0\System.Net.Http.Json.dll".
             Reference found at search path location "{RawFileName}".
             This reference is not "CopyLocal" because at least one source item had "Private" set to "false" and no source items had "Private" set to "true".
         Primary reference "System.Net.Http, Version=9.0.0.0, Culture=neutral, PublicKeyToken=b03f5f7f11d50a3a".
             Resolved file path is "C:\Program Files\dotnet\packs\Microsoft.NETCore.App.Ref\9.0.9\ref\net9.0\System.Net.Http.dll".
             Reference found at search path location "{RawFileName}".
             This reference is not "CopyLocal" because at least one source item had "Private" set to "false" and no source items had "Private" set to "true".
         Primary reference "System.Net.HttpListener, Version=9.0.0.0, Culture=neutral, PublicKeyToken=cc7b13ffcd2ddd51".
             Resolved file path is "C:\Program Files\dotnet\packs\Microsoft.NETCore.App.Ref\9.0.9\ref\net9.0\System.Net.HttpListener.dll".
             Reference found at search path location "{RawFileName}".
             This reference is not "CopyLocal" because at least one source item had "Private" set to "false" and no source items had "Private" set to "true".
         Primary reference "System.Net.Mail, Version=9.0.0.0, Culture=neutral, PublicKeyToken=cc7b13ffcd2ddd51".
             Resolved file path is "C:\Program Files\dotnet\packs\Microsoft.NETCore.App.Ref\9.0.9\ref\net9.0\System.Net.Mail.dll".
             Reference found at search path location "{RawFileName}".
             This reference is not "CopyLocal" because at least one source item had "Private" set to "false" and no source items had "Private" set to "true".
         Primary reference "System.Net.NameResolution, Version=9.0.0.0, Culture=neutral, PublicKeyToken=b03f5f7f11d50a3a".
             Resolved file path is "C:\Program Files\dotnet\packs\Microsoft.NETCore.App.Ref\9.0.9\ref\net9.0\System.Net.NameResolution.dll".
             Reference found at search path location "{RawFileName}".
             This reference is not "CopyLocal" because at least one source item had "Private" set to "false" and no source items had "Private" set to "true".
         Primary reference "System.Net.NetworkInformation, Version=9.0.0.0, Culture=neutral, PublicKeyToken=b03f5f7f11d50a3a".
             Resolved file path is "C:\Program Files\dotnet\packs\Microsoft.NETCore.App.Ref\9.0.9\ref\net9.0\System.Net.NetworkInformation.dll".
             Reference found at search path location "{RawFileName}".
             This reference is not "CopyLocal" because at least one source item had "Private" set to "false" and no source items had "Private" set to "true".
         Primary reference "System.Net.Ping, Version=9.0.0.0, Culture=neutral, PublicKeyToken=b03f5f7f11d50a3a".
             Resolved file path is "C:\Program Files\dotnet\packs\Microsoft.NETCore.App.Ref\9.0.9\ref\net9.0\System.Net.Ping.dll".
             Reference found at search path location "{RawFileName}".
             This reference is not "CopyLocal" because at least one source item had "Private" set to "false" and no source items had "Private" set to "true".
         Primary reference "System.Net.Primitives, Version=9.0.0.0, Culture=neutral, PublicKeyToken=b03f5f7f11d50a3a".
             Resolved file path is "C:\Program Files\dotnet\packs\Microsoft.NETCore.App.Ref\9.0.9\ref\net9.0\System.Net.Primitives.dll".
             Reference found at search path location "{RawFileName}".
             This reference is not "CopyLocal" because at least one source item had "Private" set to "false" and no source items had "Private" set to "true".
         Primary reference "System.Net.Quic, Version=9.0.0.0, Culture=neutral, PublicKeyToken=b03f5f7f11d50a3a".
             Resolved file path is "C:\Program Files\dotnet\packs\Microsoft.NETCore.App.Ref\9.0.9\ref\net9.0\System.Net.Quic.dll".
             Reference found at search path location "{RawFileName}".
             This reference is not "CopyLocal" because at least one source item had "Private" set to "false" and no source items had "Private" set to "true".
         Primary reference "System.Net.Requests, Version=9.0.0.0, Culture=neutral, PublicKeyToken=b03f5f7f11d50a3a".
             Resolved file path is "C:\Program Files\dotnet\packs\Microsoft.NETCore.App.Ref\9.0.9\ref\net9.0\System.Net.Requests.dll".
             Reference found at search path location "{RawFileName}".
             This reference is not "CopyLocal" because at least one source item had "Private" set to "false" and no source items had "Private" set to "true".
         Primary reference "System.Net.Security, Version=9.0.0.0, Culture=neutral, PublicKeyToken=b03f5f7f11d50a3a".
             Resolved file path is "C:\Program Files\dotnet\packs\Microsoft.NETCore.App.Ref\9.0.9\ref\net9.0\System.Net.Security.dll".
             Reference found at search path location "{RawFileName}".
             This reference is not "CopyLocal" because at least one source item had "Private" set to "false" and no source items had "Private" set to "true".
         Primary reference "System.Net.ServicePoint, Version=9.0.0.0, Culture=neutral, PublicKeyToken=cc7b13ffcd2ddd51".
             Resolved file path is "C:\Program Files\dotnet\packs\Microsoft.NETCore.App.Ref\9.0.9\ref\net9.0\System.Net.ServicePoint.dll".
             Reference found at search path location "{RawFileName}".
             This reference is not "CopyLocal" because at least one source item had "Private" set to "false" and no source items had "Private" set to "true".
         Primary reference "System.Net.Sockets, Version=9.0.0.0, Culture=neutral, PublicKeyToken=b03f5f7f11d50a3a".
             Resolved file path is "C:\Program Files\dotnet\packs\Microsoft.NETCore.App.Ref\9.0.9\ref\net9.0\System.Net.Sockets.dll".
             Reference found at search path location "{RawFileName}".
             This reference is not "CopyLocal" because at least one source item had "Private" set to "false" and no source items had "Private" set to "true".
         Primary reference "System.Net.WebClient, Version=9.0.0.0, Culture=neutral, PublicKeyToken=cc7b13ffcd2ddd51".
             Resolved file path is "C:\Program Files\dotnet\packs\Microsoft.NETCore.App.Ref\9.0.9\ref\net9.0\System.Net.WebClient.dll".
             Reference found at search path location "{RawFileName}".
             This reference is not "CopyLocal" because at least one source item had "Private" set to "false" and no source items had "Private" set to "true".
         Primary reference "System.Net.WebHeaderCollection, Version=9.0.0.0, Culture=neutral, PublicKeyToken=b03f5f7f11d50a3a".
             Resolved file path is "C:\Program Files\dotnet\packs\Microsoft.NETCore.App.Ref\9.0.9\ref\net9.0\System.Net.WebHeaderCollection.dll".
             Reference found at search path location "{RawFileName}".
             This reference is not "CopyLocal" because at least one source item had "Private" set to "false" and no source items had "Private" set to "true".
         Primary reference "System.Net.WebProxy, Version=9.0.0.0, Culture=neutral, PublicKeyToken=cc7b13ffcd2ddd51".
             Resolved file path is "C:\Program Files\dotnet\packs\Microsoft.NETCore.App.Ref\9.0.9\ref\net9.0\System.Net.WebProxy.dll".
             Reference found at search path location "{RawFileName}".
             This reference is not "CopyLocal" because at least one source item had "Private" set to "false" and no source items had "Private" set to "true".
         Primary reference "System.Net.WebSockets.Client, Version=9.0.0.0, Culture=neutral, PublicKeyToken=b03f5f7f11d50a3a".
             Resolved file path is "C:\Program Files\dotnet\packs\Microsoft.NETCore.App.Ref\9.0.9\ref\net9.0\System.Net.WebSockets.Client.dll".
             Reference found at search path location "{RawFileName}".
             This reference is not "CopyLocal" because at least one source item had "Private" set to "false" and no source items had "Private" set to "true".
         Primary reference "System.Net.WebSockets, Version=9.0.0.0, Culture=neutral, PublicKeyToken=b03f5f7f11d50a3a".
             Resolved file path is "C:\Program Files\dotnet\packs\Microsoft.NETCore.App.Ref\9.0.9\ref\net9.0\System.Net.WebSockets.dll".
             Reference found at search path location "{RawFileName}".
             This reference is not "CopyLocal" because at least one source item had "Private" set to "false" and no source items had "Private" set to "true".
         Primary reference "System.Net, Version=4.0.0.0, Culture=neutral, PublicKeyToken=b03f5f7f11d50a3a".
             Resolved file path is "C:\Program Files\dotnet\packs\Microsoft.NETCore.App.Ref\9.0.9\ref\net9.0\System.Net.dll".
             Reference found at search path location "{RawFileName}".
             This reference is not "CopyLocal" because at least one source item had "Private" set to "false" and no source items had "Private" set to "true".
         Primary reference "System.Numerics.Vectors, Version=9.0.0.0, Culture=neutral, PublicKeyToken=b03f5f7f11d50a3a".
             Resolved file path is "C:\Program Files\dotnet\packs\Microsoft.NETCore.App.Ref\9.0.9\ref\net9.0\System.Numerics.Vectors.dll".
             Reference found at search path location "{RawFileName}".
             This reference is not "CopyLocal" because at least one source item had "Private" set to "false" and no source items had "Private" set to "true".
         Primary reference "System.Numerics, Version=4.0.0.0, Culture=neutral, PublicKeyToken=b77a5c561934e089".
             Resolved file path is "C:\Program Files\dotnet\packs\Microsoft.NETCore.App.Ref\9.0.9\ref\net9.0\System.Numerics.dll".
             Reference found at search path location "{RawFileName}".
             This reference is not "CopyLocal" because at least one source item had "Private" set to "false" and no source items had "Private" set to "true".
         Primary reference "System.ObjectModel, Version=9.0.0.0, Culture=neutral, PublicKeyToken=b03f5f7f11d50a3a".
             Resolved file path is "C:\Program Files\dotnet\packs\Microsoft.NETCore.App.Ref\9.0.9\ref\net9.0\System.ObjectModel.dll".
             Reference found at search path location "{RawFileName}".
             This reference is not "CopyLocal" because at least one source item had "Private" set to "false" and no source items had "Private" set to "true".
         Primary reference "System.Reflection.DispatchProxy, Version=9.0.0.0, Culture=neutral, PublicKeyToken=b03f5f7f11d50a3a".
             Resolved file path is "C:\Program Files\dotnet\packs\Microsoft.NETCore.App.Ref\9.0.9\ref\net9.0\System.Reflection.DispatchProxy.dll".
             Reference found at search path location "{RawFileName}".
             This reference is not "CopyLocal" because at least one source item had "Private" set to "false" and no source items had "Private" set to "true".
         Primary reference "System.Reflection.Emit.ILGeneration, Version=9.0.0.0, Culture=neutral, PublicKeyToken=b03f5f7f11d50a3a".
             Resolved file path is "C:\Program Files\dotnet\packs\Microsoft.NETCore.App.Ref\9.0.9\ref\net9.0\System.Reflection.Emit.ILGeneration.dll".
             Reference found at search path location "{RawFileName}".
             This reference is not "CopyLocal" because at least one source item had "Private" set to "false" and no source items had "Private" set to "true".
         Primary reference "System.Reflection.Emit.Lightweight, Version=9.0.0.0, Culture=neutral, PublicKeyToken=b03f5f7f11d50a3a".
             Resolved file path is "C:\Program Files\dotnet\packs\Microsoft.NETCore.App.Ref\9.0.9\ref\net9.0\System.Reflection.Emit.Lightweight.dll".
             Reference found at search path location "{RawFileName}".
             This reference is not "CopyLocal" because at least one source item had "Private" set to "false" and no source items had "Private" set to "true".
         Primary reference "System.Reflection.Emit, Version=9.0.0.0, Culture=neutral, PublicKeyToken=b03f5f7f11d50a3a".
             Resolved file path is "C:\Program Files\dotnet\packs\Microsoft.NETCore.App.Ref\9.0.9\ref\net9.0\System.Reflection.Emit.dll".
             Reference found at search path location "{RawFileName}".
             This reference is not "CopyLocal" because at least one source item had "Private" set to "false" and no source items had "Private" set to "true".
         Primary reference "System.Reflection.Extensions, Version=9.0.0.0, Culture=neutral, PublicKeyToken=b03f5f7f11d50a3a".
             Resolved file path is "C:\Program Files\dotnet\packs\Microsoft.NETCore.App.Ref\9.0.9\ref\net9.0\System.Reflection.Extensions.dll".
             Reference found at search path location "{RawFileName}".
             This reference is not "CopyLocal" because at least one source item had "Private" set to "false" and no source items had "Private" set to "true".
         Primary reference "System.Reflection.Metadata, Version=9.0.0.0, Culture=neutral, PublicKeyToken=b03f5f7f11d50a3a".
             Resolved file path is "C:\Program Files\dotnet\packs\Microsoft.NETCore.App.Ref\9.0.9\ref\net9.0\System.Reflection.Metadata.dll".
             Reference found at search path location "{RawFileName}".
             This reference is not "CopyLocal" because at least one source item had "Private" set to "false" and no source items had "Private" set to "true".
         Primary reference "System.Reflection.Primitives, Version=9.0.0.0, Culture=neutral, PublicKeyToken=b03f5f7f11d50a3a".
             Resolved file path is "C:\Program Files\dotnet\packs\Microsoft.NETCore.App.Ref\9.0.9\ref\net9.0\System.Reflection.Primitives.dll".
             Reference found at search path location "{RawFileName}".
             This reference is not "CopyLocal" because at least one source item had "Private" set to "false" and no source items had "Private" set to "true".
         Primary reference "System.Reflection.TypeExtensions, Version=9.0.0.0, Culture=neutral, PublicKeyToken=b03f5f7f11d50a3a".
             Resolved file path is "C:\Program Files\dotnet\packs\Microsoft.NETCore.App.Ref\9.0.9\ref\net9.0\System.Reflection.TypeExtensions.dll".
             Reference found at search path location "{RawFileName}".
             This reference is not "CopyLocal" because at least one source item had "Private" set to "false" and no source items had "Private" set to "true".
         Primary reference "System.Reflection, Version=9.0.0.0, Culture=neutral, PublicKeyToken=b03f5f7f11d50a3a".
             Resolved file path is "C:\Program Files\dotnet\packs\Microsoft.NETCore.App.Ref\9.0.9\ref\net9.0\System.Reflection.dll".
             Reference found at search path location "{RawFileName}".
             This reference is not "CopyLocal" because at least one source item had "Private" set to "false" and no source items had "Private" set to "true".
         Primary reference "System.Resources.Reader, Version=9.0.0.0, Culture=neutral, PublicKeyToken=b03f5f7f11d50a3a".
             Resolved file path is "C:\Program Files\dotnet\packs\Microsoft.NETCore.App.Ref\9.0.9\ref\net9.0\System.Resources.Reader.dll".
             Reference found at search path location "{RawFileName}".
             This reference is not "CopyLocal" because at least one source item had "Private" set to "false" and no source items had "Private" set to "true".
         Primary reference "System.Resources.ResourceManager, Version=9.0.0.0, Culture=neutral, PublicKeyToken=b03f5f7f11d50a3a".
             Resolved file path is "C:\Program Files\dotnet\packs\Microsoft.NETCore.App.Ref\9.0.9\ref\net9.0\System.Resources.ResourceManager.dll".
             Reference found at search path location "{RawFileName}".
             This reference is not "CopyLocal" because at least one source item had "Private" set to "false" and no source items had "Private" set to "true".
         Primary reference "System.Resources.Writer, Version=9.0.0.0, Culture=neutral, PublicKeyToken=b03f5f7f11d50a3a".
             Resolved file path is "C:\Program Files\dotnet\packs\Microsoft.NETCore.App.Ref\9.0.9\ref\net9.0\System.Resources.Writer.dll".
             Reference found at search path location "{RawFileName}".
             This reference is not "CopyLocal" because at least one source item had "Private" set to "false" and no source items had "Private" set to "true".
         Primary reference "System.Runtime.CompilerServices.Unsafe, Version=9.0.0.0, Culture=neutral, PublicKeyToken=b03f5f7f11d50a3a".
             Resolved file path is "C:\Program Files\dotnet\packs\Microsoft.NETCore.App.Ref\9.0.9\ref\net9.0\System.Runtime.CompilerServices.Unsafe.dll".
             Reference found at search path location "{RawFileName}".
             This reference is not "CopyLocal" because at least one source item had "Private" set to "false" and no source items had "Private" set to "true".
         Primary reference "System.Runtime.CompilerServices.VisualC, Version=9.0.0.0, Culture=neutral, PublicKeyToken=b03f5f7f11d50a3a".
             Resolved file path is "C:\Program Files\dotnet\packs\Microsoft.NETCore.App.Ref\9.0.9\ref\net9.0\System.Runtime.CompilerServices.VisualC.dll".
             Reference found at search path location "{RawFileName}".
             This reference is not "CopyLocal" because at least one source item had "Private" set to "false" and no source items had "Private" set to "true".
         Primary reference "System.Runtime.Extensions, Version=9.0.0.0, Culture=neutral, PublicKeyToken=b03f5f7f11d50a3a".
             Resolved file path is "C:\Program Files\dotnet\packs\Microsoft.NETCore.App.Ref\9.0.9\ref\net9.0\System.Runtime.Extensions.dll".
             Reference found at search path location "{RawFileName}".
             This reference is not "CopyLocal" because at least one source item had "Private" set to "false" and no source items had "Private" set to "true".
         Primary reference "System.Runtime.Handles, Version=9.0.0.0, Culture=neutral, PublicKeyToken=b03f5f7f11d50a3a".
             Resolved file path is "C:\Program Files\dotnet\packs\Microsoft.NETCore.App.Ref\9.0.9\ref\net9.0\System.Runtime.Handles.dll".
             Reference found at search path location "{RawFileName}".
             This reference is not "CopyLocal" because at least one source item had "Private" set to "false" and no source items had "Private" set to "true".
         Primary reference "System.Runtime.InteropServices.JavaScript, Version=9.0.0.0, Culture=neutral, PublicKeyToken=b03f5f7f11d50a3a".
             Resolved file path is "C:\Program Files\dotnet\packs\Microsoft.NETCore.App.Ref\9.0.9\ref\net9.0\System.Runtime.InteropServices.JavaScript.dll".
             Reference found at search path location "{RawFileName}".
             This reference is not "CopyLocal" because at least one source item had "Private" set to "false" and no source items had "Private" set to "true".
         Primary reference "System.Runtime.InteropServices.RuntimeInformation, Version=9.0.0.0, Culture=neutral, PublicKeyToken=b03f5f7f11d50a3a".
             Resolved file path is "C:\Program Files\dotnet\packs\Microsoft.NETCore.App.Ref\9.0.9\ref\net9.0\System.Runtime.InteropServices.RuntimeInformation.dll".
             Reference found at search path location "{RawFileName}".
             This reference is not "CopyLocal" because at least one source item had "Private" set to "false" and no source items had "Private" set to "true".
         Primary reference "System.Runtime.InteropServices, Version=9.0.0.0, Culture=neutral, PublicKeyToken=b03f5f7f11d50a3a".
             Resolved file path is "C:\Program Files\dotnet\packs\Microsoft.NETCore.App.Ref\9.0.9\ref\net9.0\System.Runtime.InteropServices.dll".
             Reference found at search path location "{RawFileName}".
             This reference is not "CopyLocal" because at least one source item had "Private" set to "false" and no source items had "Private" set to "true".
         Primary reference "System.Runtime.Intrinsics, Version=9.0.0.0, Culture=neutral, PublicKeyToken=cc7b13ffcd2ddd51".
             Resolved file path is "C:\Program Files\dotnet\packs\Microsoft.NETCore.App.Ref\9.0.9\ref\net9.0\System.Runtime.Intrinsics.dll".
             Reference found at search path location "{RawFileName}".
             This reference is not "CopyLocal" because at least one source item had "Private" set to "false" and no source items had "Private" set to "true".
         Primary reference "System.Runtime.Loader, Version=9.0.0.0, Culture=neutral, PublicKeyToken=b03f5f7f11d50a3a".
             Resolved file path is "C:\Program Files\dotnet\packs\Microsoft.NETCore.App.Ref\9.0.9\ref\net9.0\System.Runtime.Loader.dll".
             Reference found at search path location "{RawFileName}".
             This reference is not "CopyLocal" because at least one source item had "Private" set to "false" and no source items had "Private" set to "true".
         Primary reference "System.Runtime.Numerics, Version=9.0.0.0, Culture=neutral, PublicKeyToken=b03f5f7f11d50a3a".
             Resolved file path is "C:\Program Files\dotnet\packs\Microsoft.NETCore.App.Ref\9.0.9\ref\net9.0\System.Runtime.Numerics.dll".
             Reference found at search path location "{RawFileName}".
             This reference is not "CopyLocal" because at least one source item had "Private" set to "false" and no source items had "Private" set to "true".
         Primary reference "System.Runtime.Serialization.Formatters, Version=8.1.0.0, Culture=neutral, PublicKeyToken=b03f5f7f11d50a3a".
             Resolved file path is "C:\Program Files\dotnet\packs\Microsoft.NETCore.App.Ref\9.0.9\ref\net9.0\System.Runtime.Serialization.Formatters.dll".
             Reference found at search path location "{RawFileName}".
             This reference is not "CopyLocal" because at least one source item had "Private" set to "false" and no source items had "Private" set to "true".
         Primary reference "System.Runtime.Serialization.Json, Version=9.0.0.0, Culture=neutral, PublicKeyToken=b03f5f7f11d50a3a".
             Resolved file path is "C:\Program Files\dotnet\packs\Microsoft.NETCore.App.Ref\9.0.9\ref\net9.0\System.Runtime.Serialization.Json.dll".
             Reference found at search path location "{RawFileName}".
             This reference is not "CopyLocal" because at least one source item had "Private" set to "false" and no source items had "Private" set to "true".
         Primary reference "System.Runtime.Serialization.Primitives, Version=9.0.0.0, Culture=neutral, PublicKeyToken=b03f5f7f11d50a3a".
             Resolved file path is "C:\Program Files\dotnet\packs\Microsoft.NETCore.App.Ref\9.0.9\ref\net9.0\System.Runtime.Serialization.Primitives.dll".
             Reference found at search path location "{RawFileName}".
             This reference is not "CopyLocal" because at least one source item had "Private" set to "false" and no source items had "Private" set to "true".
         Primary reference "System.Runtime.Serialization.Xml, Version=9.0.0.0, Culture=neutral, PublicKeyToken=b03f5f7f11d50a3a".
             Resolved file path is "C:\Program Files\dotnet\packs\Microsoft.NETCore.App.Ref\9.0.9\ref\net9.0\System.Runtime.Serialization.Xml.dll".
             Reference found at search path location "{RawFileName}".
             This reference is not "CopyLocal" because at least one source item had "Private" set to "false" and no source items had "Private" set to "true".
         Primary reference "System.Runtime.Serialization, Version=4.0.0.0, Culture=neutral, PublicKeyToken=b77a5c561934e089".
             Resolved file path is "C:\Program Files\dotnet\packs\Microsoft.NETCore.App.Ref\9.0.9\ref\net9.0\System.Runtime.Serialization.dll".
             Reference found at search path location "{RawFileName}".
             This reference is not "CopyLocal" because at least one source item had "Private" set to "false" and no source items had "Private" set to "true".
         Primary reference "System.Runtime, Version=9.0.0.0, Culture=neutral, PublicKeyToken=b03f5f7f11d50a3a".
             Resolved file path is "C:\Program Files\dotnet\packs\Microsoft.NETCore.App.Ref\9.0.9\ref\net9.0\System.Runtime.dll".
             Reference found at search path location "{RawFileName}".
             This reference is not "CopyLocal" because at least one source item had "Private" set to "false" and no source items had "Private" set to "true".
         Primary reference "System.Security.AccessControl, Version=9.0.0.0, Culture=neutral, PublicKeyToken=b03f5f7f11d50a3a".
             Resolved file path is "C:\Program Files\dotnet\packs\Microsoft.NETCore.App.Ref\9.0.9\ref\net9.0\System.Security.AccessControl.dll".
             Reference found at search path location "{RawFileName}".
             This reference is not "CopyLocal" because at least one source item had "Private" set to "false" and no source items had "Private" set to "true".
         Primary reference "System.Security.Claims, Version=9.0.0.0, Culture=neutral, PublicKeyToken=b03f5f7f11d50a3a".
             Resolved file path is "C:\Program Files\dotnet\packs\Microsoft.NETCore.App.Ref\9.0.9\ref\net9.0\System.Security.Claims.dll".
             Reference found at search path location "{RawFileName}".
             This reference is not "CopyLocal" because at least one source item had "Private" set to "false" and no source items had "Private" set to "true".
         Primary reference "System.Security.Cryptography.Algorithms, Version=9.0.0.0, Culture=neutral, PublicKeyToken=b03f5f7f11d50a3a".
             Resolved file path is "C:\Program Files\dotnet\packs\Microsoft.NETCore.App.Ref\9.0.9\ref\net9.0\System.Security.Cryptography.Algorithms.dll".
             Reference found at search path location "{RawFileName}".
             This reference is not "CopyLocal" because at least one source item had "Private" set to "false" and no source items had "Private" set to "true".
         Primary reference "System.Security.Cryptography.Cng, Version=9.0.0.0, Culture=neutral, PublicKeyToken=b03f5f7f11d50a3a".
             Resolved file path is "C:\Program Files\dotnet\packs\Microsoft.NETCore.App.Ref\9.0.9\ref\net9.0\System.Security.Cryptography.Cng.dll".
             Reference found at search path location "{RawFileName}".
             This reference is not "CopyLocal" because at least one source item had "Private" set to "false" and no source items had "Private" set to "true".
         Primary reference "System.Security.Cryptography.Csp, Version=9.0.0.0, Culture=neutral, PublicKeyToken=b03f5f7f11d50a3a".
             Resolved file path is "C:\Program Files\dotnet\packs\Microsoft.NETCore.App.Ref\9.0.9\ref\net9.0\System.Security.Cryptography.Csp.dll".
             Reference found at search path location "{RawFileName}".
             This reference is not "CopyLocal" because at least one source item had "Private" set to "false" and no source items had "Private" set to "true".
         Primary reference "System.Security.Cryptography.Encoding, Version=9.0.0.0, Culture=neutral, PublicKeyToken=b03f5f7f11d50a3a".
             Resolved file path is "C:\Program Files\dotnet\packs\Microsoft.NETCore.App.Ref\9.0.9\ref\net9.0\System.Security.Cryptography.Encoding.dll".
             Reference found at search path location "{RawFileName}".
             This reference is not "CopyLocal" because at least one source item had "Private" set to "false" and no source items had "Private" set to "true".
         Primary reference "System.Security.Cryptography.OpenSsl, Version=9.0.0.0, Culture=neutral, PublicKeyToken=b03f5f7f11d50a3a".
             Resolved file path is "C:\Program Files\dotnet\packs\Microsoft.NETCore.App.Ref\9.0.9\ref\net9.0\System.Security.Cryptography.OpenSsl.dll".
             Reference found at search path location "{RawFileName}".
             This reference is not "CopyLocal" because at least one source item had "Private" set to "false" and no source items had "Private" set to "true".
         Primary reference "System.Security.Cryptography.Primitives, Version=9.0.0.0, Culture=neutral, PublicKeyToken=b03f5f7f11d50a3a".
             Resolved file path is "C:\Program Files\dotnet\packs\Microsoft.NETCore.App.Ref\9.0.9\ref\net9.0\System.Security.Cryptography.Primitives.dll".
             Reference found at search path location "{RawFileName}".
             This reference is not "CopyLocal" because at least one source item had "Private" set to "false" and no source items had "Private" set to "true".
         Primary reference "System.Security.Cryptography.X509Certificates, Version=9.0.0.0, Culture=neutral, PublicKeyToken=b03f5f7f11d50a3a".
             Resolved file path is "C:\Program Files\dotnet\packs\Microsoft.NETCore.App.Ref\9.0.9\ref\net9.0\System.Security.Cryptography.X509Certificates.dll".
             Reference found at search path location "{RawFileName}".
             This reference is not "CopyLocal" because at least one source item had "Private" set to "false" and no source items had "Private" set to "true".
         Primary reference "System.Security.Cryptography, Version=9.0.0.0, Culture=neutral, PublicKeyToken=b03f5f7f11d50a3a".
             Resolved file path is "C:\Program Files\dotnet\packs\Microsoft.NETCore.App.Ref\9.0.9\ref\net9.0\System.Security.Cryptography.dll".
             Reference found at search path location "{RawFileName}".
             This reference is not "CopyLocal" because at least one source item had "Private" set to "false" and no source items had "Private" set to "true".
         Primary reference "System.Security.Principal.Windows, Version=9.0.0.0, Culture=neutral, PublicKeyToken=b03f5f7f11d50a3a".
             Resolved file path is "C:\Program Files\dotnet\packs\Microsoft.NETCore.App.Ref\9.0.9\ref\net9.0\System.Security.Principal.Windows.dll".
             Reference found at search path location "{RawFileName}".
             This reference is not "CopyLocal" because at least one source item had "Private" set to "false" and no source items had "Private" set to "true".
         Primary reference "System.Security.Principal, Version=9.0.0.0, Culture=neutral, PublicKeyToken=b03f5f7f11d50a3a".
             Resolved file path is "C:\Program Files\dotnet\packs\Microsoft.NETCore.App.Ref\9.0.9\ref\net9.0\System.Security.Principal.dll".
             Reference found at search path location "{RawFileName}".
             This reference is not "CopyLocal" because at least one source item had "Private" set to "false" and no source items had "Private" set to "true".
         Primary reference "System.Security.SecureString, Version=9.0.0.0, Culture=neutral, PublicKeyToken=b03f5f7f11d50a3a".
             Resolved file path is "C:\Program Files\dotnet\packs\Microsoft.NETCore.App.Ref\9.0.9\ref\net9.0\System.Security.SecureString.dll".
             Reference found at search path location "{RawFileName}".
             This reference is not "CopyLocal" because at least one source item had "Private" set to "false" and no source items had "Private" set to "true".
         Primary reference "System.Security, Version=4.0.0.0, Culture=neutral, PublicKeyToken=b03f5f7f11d50a3a".
             Resolved file path is "C:\Program Files\dotnet\packs\Microsoft.NETCore.App.Ref\9.0.9\ref\net9.0\System.Security.dll".
             Reference found at search path location "{RawFileName}".
             This reference is not "CopyLocal" because at least one source item had "Private" set to "false" and no source items had "Private" set to "true".
         Primary reference "System.ServiceModel.Web, Version=4.0.0.0, Culture=neutral, PublicKeyToken=31bf3856ad364e35".
             Resolved file path is "C:\Program Files\dotnet\packs\Microsoft.NETCore.App.Ref\9.0.9\ref\net9.0\System.ServiceModel.Web.dll".
             Reference found at search path location "{RawFileName}".
             This reference is not "CopyLocal" because at least one source item had "Private" set to "false" and no source items had "Private" set to "true".
         Primary reference "System.ServiceProcess, Version=4.0.0.0, Culture=neutral, PublicKeyToken=b03f5f7f11d50a3a".
             Resolved file path is "C:\Program Files\dotnet\packs\Microsoft.NETCore.App.Ref\9.0.9\ref\net9.0\System.ServiceProcess.dll".
             Reference found at search path location "{RawFileName}".
             This reference is not "CopyLocal" because at least one source item had "Private" set to "false" and no source items had "Private" set to "true".
         Primary reference "System.Text.Encoding.CodePages, Version=9.0.0.0, Culture=neutral, PublicKeyToken=b03f5f7f11d50a3a".
             Resolved file path is "C:\Program Files\dotnet\packs\Microsoft.NETCore.App.Ref\9.0.9\ref\net9.0\System.Text.Encoding.CodePages.dll".
             Reference found at search path location "{RawFileName}".
             This reference is not "CopyLocal" because at least one source item had "Private" set to "false" and no source items had "Private" set to "true".
         Primary reference "System.Text.Encoding.Extensions, Version=9.0.0.0, Culture=neutral, PublicKeyToken=b03f5f7f11d50a3a".
             Resolved file path is "C:\Program Files\dotnet\packs\Microsoft.NETCore.App.Ref\9.0.9\ref\net9.0\System.Text.Encoding.Extensions.dll".
             Reference found at search path location "{RawFileName}".
             This reference is not "CopyLocal" because at least one source item had "Private" set to "false" and no source items had "Private" set to "true".
         Primary reference "System.Text.Encoding, Version=9.0.0.0, Culture=neutral, PublicKeyToken=b03f5f7f11d50a3a".
             Resolved file path is "C:\Program Files\dotnet\packs\Microsoft.NETCore.App.Ref\9.0.9\ref\net9.0\System.Text.Encoding.dll".
             Reference found at search path location "{RawFileName}".
             This reference is not "CopyLocal" because at least one source item had "Private" set to "false" and no source items had "Private" set to "true".
         Primary reference "System.Text.Encodings.Web, Version=9.0.0.0, Culture=neutral, PublicKeyToken=cc7b13ffcd2ddd51".
             Resolved file path is "C:\Program Files\dotnet\packs\Microsoft.NETCore.App.Ref\9.0.9\ref\net9.0\System.Text.Encodings.Web.dll".
             Reference found at search path location "{RawFileName}".
             This reference is not "CopyLocal" because at least one source item had "Private" set to "false" and no source items had "Private" set to "true".
         Primary reference "System.Text.Json, Version=9.0.0.0, Culture=neutral, PublicKeyToken=cc7b13ffcd2ddd51".
             Resolved file path is "C:\Program Files\dotnet\packs\Microsoft.NETCore.App.Ref\9.0.9\ref\net9.0\System.Text.Json.dll".
             Reference found at search path location "{RawFileName}".
             This reference is not "CopyLocal" because at least one source item had "Private" set to "false" and no source items had "Private" set to "true".
         Primary reference "System.Text.RegularExpressions, Version=9.0.0.0, Culture=neutral, PublicKeyToken=b03f5f7f11d50a3a".
             Resolved file path is "C:\Program Files\dotnet\packs\Microsoft.NETCore.App.Ref\9.0.9\ref\net9.0\System.Text.RegularExpressions.dll".
             Reference found at search path location "{RawFileName}".
             This reference is not "CopyLocal" because at least one source item had "Private" set to "false" and no source items had "Private" set to "true".
         Primary reference "System.Threading.Channels, Version=9.0.0.0, Culture=neutral, PublicKeyToken=cc7b13ffcd2ddd51".
             Resolved file path is "C:\Program Files\dotnet\packs\Microsoft.NETCore.App.Ref\9.0.9\ref\net9.0\System.Threading.Channels.dll".
             Reference found at search path location "{RawFileName}".
             This reference is not "CopyLocal" because at least one source item had "Private" set to "false" and no source items had "Private" set to "true".
         Primary reference "System.Threading.Overlapped, Version=9.0.0.0, Culture=neutral, PublicKeyToken=b03f5f7f11d50a3a".
             Resolved file path is "C:\Program Files\dotnet\packs\Microsoft.NETCore.App.Ref\9.0.9\ref\net9.0\System.Threading.Overlapped.dll".
             Reference found at search path location "{RawFileName}".
             This reference is not "CopyLocal" because at least one source item had "Private" set to "false" and no source items had "Private" set to "true".
         Primary reference "System.Threading.Tasks.Dataflow, Version=9.0.0.0, Culture=neutral, PublicKeyToken=b03f5f7f11d50a3a".
             Resolved file path is "C:\Program Files\dotnet\packs\Microsoft.NETCore.App.Ref\9.0.9\ref\net9.0\System.Threading.Tasks.Dataflow.dll".
             Reference found at search path location "{RawFileName}".
             This reference is not "CopyLocal" because at least one source item had "Private" set to "false" and no source items had "Private" set to "true".
         Primary reference "System.Threading.Tasks.Extensions, Version=9.0.0.0, Culture=neutral, PublicKeyToken=cc7b13ffcd2ddd51".
             Resolved file path is "C:\Program Files\dotnet\packs\Microsoft.NETCore.App.Ref\9.0.9\ref\net9.0\System.Threading.Tasks.Extensions.dll".
             Reference found at search path location "{RawFileName}".
             This reference is not "CopyLocal" because at least one source item had "Private" set to "false" and no source items had "Private" set to "true".
         Primary reference "System.Threading.Tasks.Parallel, Version=9.0.0.0, Culture=neutral, PublicKeyToken=b03f5f7f11d50a3a".
             Resolved file path is "C:\Program Files\dotnet\packs\Microsoft.NETCore.App.Ref\9.0.9\ref\net9.0\System.Threading.Tasks.Parallel.dll".
             Reference found at search path location "{RawFileName}".
             This reference is not "CopyLocal" because at least one source item had "Private" set to "false" and no source items had "Private" set to "true".
         Primary reference "System.Threading.Tasks, Version=9.0.0.0, Culture=neutral, PublicKeyToken=b03f5f7f11d50a3a".
             Resolved file path is "C:\Program Files\dotnet\packs\Microsoft.NETCore.App.Ref\9.0.9\ref\net9.0\System.Threading.Tasks.dll".
             Reference found at search path location "{RawFileName}".
             This reference is not "CopyLocal" because at least one source item had "Private" set to "false" and no source items had "Private" set to "true".
         Primary reference "System.Threading.Thread, Version=9.0.0.0, Culture=neutral, PublicKeyToken=b03f5f7f11d50a3a".
             Resolved file path is "C:\Program Files\dotnet\packs\Microsoft.NETCore.App.Ref\9.0.9\ref\net9.0\System.Threading.Thread.dll".
             Reference found at search path location "{RawFileName}".
             This reference is not "CopyLocal" because at least one source item had "Private" set to "false" and no source items had "Private" set to "true".
         Primary reference "System.Threading.ThreadPool, Version=9.0.0.0, Culture=neutral, PublicKeyToken=b03f5f7f11d50a3a".
             Resolved file path is "C:\Program Files\dotnet\packs\Microsoft.NETCore.App.Ref\9.0.9\ref\net9.0\System.Threading.ThreadPool.dll".
             Reference found at search path location "{RawFileName}".
             This reference is not "CopyLocal" because at least one source item had "Private" set to "false" and no source items had "Private" set to "true".
         Primary reference "System.Threading.Timer, Version=9.0.0.0, Culture=neutral, PublicKeyToken=b03f5f7f11d50a3a".
             Resolved file path is "C:\Program Files\dotnet\packs\Microsoft.NETCore.App.Ref\9.0.9\ref\net9.0\System.Threading.Timer.dll".
             Reference found at search path location "{RawFileName}".
             This reference is not "CopyLocal" because at least one source item had "Private" set to "false" and no source items had "Private" set to "true".
         Primary reference "System.Threading, Version=9.0.0.0, Culture=neutral, PublicKeyToken=b03f5f7f11d50a3a".
             Resolved file path is "C:\Program Files\dotnet\packs\Microsoft.NETCore.App.Ref\9.0.9\ref\net9.0\System.Threading.dll".
             Reference found at search path location "{RawFileName}".
             This reference is not "CopyLocal" because at least one source item had "Private" set to "false" and no source items had "Private" set to "true".
         Primary reference "System.Transactions.Local, Version=9.0.0.0, Culture=neutral, PublicKeyToken=cc7b13ffcd2ddd51".
             Resolved file path is "C:\Program Files\dotnet\packs\Microsoft.NETCore.App.Ref\9.0.9\ref\net9.0\System.Transactions.Local.dll".
             Reference found at search path location "{RawFileName}".
             This reference is not "CopyLocal" because at least one source item had "Private" set to "false" and no source items had "Private" set to "true".
         Primary reference "System.Transactions, Version=4.0.0.0, Culture=neutral, PublicKeyToken=b77a5c561934e089".
             Resolved file path is "C:\Program Files\dotnet\packs\Microsoft.NETCore.App.Ref\9.0.9\ref\net9.0\System.Transactions.dll".
             Reference found at search path location "{RawFileName}".
             This reference is not "CopyLocal" because at least one source item had "Private" set to "false" and no source items had "Private" set to "true".
         Primary reference "System.ValueTuple, Version=9.0.0.0, Culture=neutral, PublicKeyToken=cc7b13ffcd2ddd51".
             Resolved file path is "C:\Program Files\dotnet\packs\Microsoft.NETCore.App.Ref\9.0.9\ref\net9.0\System.ValueTuple.dll".
             Reference found at search path location "{RawFileName}".
             This reference is not "CopyLocal" because at least one source item had "Private" set to "false" and no source items had "Private" set to "true".
         Primary reference "System.Web.HttpUtility, Version=9.0.0.0, Culture=neutral, PublicKeyToken=cc7b13ffcd2ddd51".
             Resolved file path is "C:\Program Files\dotnet\packs\Microsoft.NETCore.App.Ref\9.0.9\ref\net9.0\System.Web.HttpUtility.dll".
             Reference found at search path location "{RawFileName}".
             This reference is not "CopyLocal" because at least one source item had "Private" set to "false" and no source items had "Private" set to "true".
         Primary reference "System.Web, Version=4.0.0.0, Culture=neutral, PublicKeyToken=b03f5f7f11d50a3a".
             Resolved file path is "C:\Program Files\dotnet\packs\Microsoft.NETCore.App.Ref\9.0.9\ref\net9.0\System.Web.dll".
             Reference found at search path location "{RawFileName}".
             This reference is not "CopyLocal" because at least one source item had "Private" set to "false" and no source items had "Private" set to "true".
         Primary reference "System.Windows, Version=4.0.0.0, Culture=neutral, PublicKeyToken=b03f5f7f11d50a3a".
             Resolved file path is "C:\Program Files\dotnet\packs\Microsoft.NETCore.App.Ref\9.0.9\ref\net9.0\System.Windows.dll".
             Reference found at search path location "{RawFileName}".
             This reference is not "CopyLocal" because at least one source item had "Private" set to "false" and no source items had "Private" set to "true".
         Primary reference "System.Xml.Linq, Version=4.0.0.0, Culture=neutral, PublicKeyToken=b77a5c561934e089".
             Resolved file path is "C:\Program Files\dotnet\packs\Microsoft.NETCore.App.Ref\9.0.9\ref\net9.0\System.Xml.Linq.dll".
             Reference found at search path location "{RawFileName}".
             This reference is not "CopyLocal" because at least one source item had "Private" set to "false" and no source items had "Private" set to "true".
         Primary reference "System.Xml.ReaderWriter, Version=9.0.0.0, Culture=neutral, PublicKeyToken=b03f5f7f11d50a3a".
             Resolved file path is "C:\Program Files\dotnet\packs\Microsoft.NETCore.App.Ref\9.0.9\ref\net9.0\System.Xml.ReaderWriter.dll".
             Reference found at search path location "{RawFileName}".
             This reference is not "CopyLocal" because at least one source item had "Private" set to "false" and no source items had "Private" set to "true".
         Primary reference "System.Xml.Serialization, Version=4.0.0.0, Culture=neutral, PublicKeyToken=b77a5c561934e089".
             Resolved file path is "C:\Program Files\dotnet\packs\Microsoft.NETCore.App.Ref\9.0.9\ref\net9.0\System.Xml.Serialization.dll".
             Reference found at search path location "{RawFileName}".
             This reference is not "CopyLocal" because at least one source item had "Private" set to "false" and no source items had "Private" set to "true".
         Primary reference "System.Xml.XDocument, Version=9.0.0.0, Culture=neutral, PublicKeyToken=b03f5f7f11d50a3a".
             Resolved file path is "C:\Program Files\dotnet\packs\Microsoft.NETCore.App.Ref\9.0.9\ref\net9.0\System.Xml.XDocument.dll".
             Reference found at search path location "{RawFileName}".
             This reference is not "CopyLocal" because at least one source item had "Private" set to "false" and no source items had "Private" set to "true".
         Primary reference "System.Xml.XPath.XDocument, Version=9.0.0.0, Culture=neutral, PublicKeyToken=b03f5f7f11d50a3a".
             Resolved file path is "C:\Program Files\dotnet\packs\Microsoft.NETCore.App.Ref\9.0.9\ref\net9.0\System.Xml.XPath.XDocument.dll".
             Reference found at search path location "{RawFileName}".
             This reference is not "CopyLocal" because at least one source item had "Private" set to "false" and no source items had "Private" set to "true".
         Primary reference "System.Xml.XPath, Version=9.0.0.0, Culture=neutral, PublicKeyToken=b03f5f7f11d50a3a".
             Resolved file path is "C:\Program Files\dotnet\packs\Microsoft.NETCore.App.Ref\9.0.9\ref\net9.0\System.Xml.XPath.dll".
             Reference found at search path location "{RawFileName}".
             This reference is not "CopyLocal" because at least one source item had "Private" set to "false" and no source items had "Private" set to "true".
         Primary reference "System.Xml.XmlDocument, Version=9.0.0.0, Culture=neutral, PublicKeyToken=b03f5f7f11d50a3a".
             Resolved file path is "C:\Program Files\dotnet\packs\Microsoft.NETCore.App.Ref\9.0.9\ref\net9.0\System.Xml.XmlDocument.dll".
             Reference found at search path location "{RawFileName}".
             This reference is not "CopyLocal" because at least one source item had "Private" set to "false" and no source items had "Private" set to "true".
         Primary reference "System.Xml.XmlSerializer, Version=9.0.0.0, Culture=neutral, PublicKeyToken=b03f5f7f11d50a3a".
             Resolved file path is "C:\Program Files\dotnet\packs\Microsoft.NETCore.App.Ref\9.0.9\ref\net9.0\System.Xml.XmlSerializer.dll".
             Reference found at search path location "{RawFileName}".
             This reference is not "CopyLocal" because at least one source item had "Private" set to "false" and no source items had "Private" set to "true".
         Primary reference "System.Xml, Version=4.0.0.0, Culture=neutral, PublicKeyToken=b77a5c561934e089".
             Resolved file path is "C:\Program Files\dotnet\packs\Microsoft.NETCore.App.Ref\9.0.9\ref\net9.0\System.Xml.dll".
             Reference found at search path location "{RawFileName}".
             This reference is not "CopyLocal" because at least one source item had "Private" set to "false" and no source items had "Private" set to "true".
         Primary reference "System, Version=4.0.0.0, Culture=neutral, PublicKeyToken=b77a5c561934e089".
             Resolved file path is "C:\Program Files\dotnet\packs\Microsoft.NETCore.App.Ref\9.0.9\ref\net9.0\System.dll".
             Reference found at search path location "{RawFileName}".
             This reference is not "CopyLocal" because at least one source item had "Private" set to "false" and no source items had "Private" set to "true".
         Primary reference "WindowsBase, Version=4.0.0.0, Culture=neutral, PublicKeyToken=31bf3856ad364e35".
             Resolved file path is "C:\Program Files\dotnet\packs\Microsoft.NETCore.App.Ref\9.0.9\ref\net9.0\WindowsBase.dll".
             Reference found at search path location "{RawFileName}".
             This reference is not "CopyLocal" because at least one source item had "Private" set to "false" and no source items had "Private" set to "true".
         Primary reference "mscorlib, Version=4.0.0.0, Culture=neutral, PublicKeyToken=b77a5c561934e089".
             Resolved file path is "C:\Program Files\dotnet\packs\Microsoft.NETCore.App.Ref\9.0.9\ref\net9.0\mscorlib.dll".
             Reference found at search path location "{RawFileName}".
             This reference is not "CopyLocal" because at least one source item had "Private" set to "false" and no source items had "Private" set to "true".
         Primary reference "netstandard, Version=2.1.0.0, Culture=neutral, PublicKeyToken=cc7b13ffcd2ddd51".
             Resolved file path is "C:\Program Files\dotnet\packs\Microsoft.NETCore.App.Ref\9.0.9\ref\net9.0\netstandard.dll".
             Reference found at search path location "{RawFileName}".
             This reference is not "CopyLocal" because at least one source item had "Private" set to "false" and no source items had "Private" set to "true".
       Done executing task "ResolveAssemblyReference".
   1:7>Done building target "ResolveAssemblyReferences" in project "Bomberman.csproj".
       Target "GenerateBindingRedirects" skipped, due to false condition; ('$(AutoGenerateBindingRedirects)' == 'true' and '$(GenerateBindingRedirectsOutputType)' == 'true' and '@(SuggestedBindingRedirects)' != '' and '$(DesignTimeBuild)' != 'true' and '$(BuildingProject)' == 'true') was evaluated as ('' == 'true' and 'true' == 'true' and '' != '' and '' != 'true' and 'true' == 'true').
       Target "GenerateSupportedRuntime" skipped, due to false condition; ('$(GenerateSupportedRuntime)' != 'false' and '$(TargetFrameworkIdentifier)' == '.NETFramework' and '$(HasRuntimeOutput)' == 'true') was evaluated as ('' != 'false' and '.NETCoreApp' == '.NETFramework' and 'true' == 'true').
       Target "GenerateBindingRedirectsUpdateAppConfig" skipped, due to false condition; ('$(AutoGenerateBindingRedirects)' == 'true' and '$(GenerateBindingRedirectsOutputType)' == 'true') was evaluated as ('' == 'true' and 'true' == 'true').
       Target "ResolveComReferences" skipped, due to false condition; ('@(COMReference)'!='' or '@(COMFileReference)'!='') was evaluated as (''!='' or ''!='').
   1:7>Target "AfterResolveReferences" in file "C:\Program Files\dotnet\sdk\9.0.305\Microsoft.Common.CurrentVersion.targets" from project "C:\Users\hisha\Documents\Bomberman\Bomberman.csproj" (target "ResolveReferences" depends on it):
   1:7>Done building target "AfterResolveReferences" in project "Bomberman.csproj".
   1:7>Target "ResolveReferences" in file "C:\Program Files\dotnet\sdk\9.0.305\Microsoft.Common.CurrentVersion.targets" from project "C:\Users\hisha\Documents\Bomberman\Bomberman.csproj" (target "_BlockWinMDsOnUnsupportedTFMs" depends on it):
   1:7>Done building target "ResolveReferences" in project "Bomberman.csproj".
   1:7>Target "_BlockWinMDsOnUnsupportedTFMs" in file "C:\Program Files\dotnet\sdk\9.0.305\Sdks\Microsoft.NET.Sdk\targets\Microsoft.NET.Sdk.targets" from project "C:\Users\hisha\Documents\Bomberman\Bomberman.csproj" (target "CoreBuild" depends on it):
       Using "CheckForUnsupportedWinMDReferences" task from assembly "C:\Program Files\dotnet\sdk\9.0.305\Sdks\Microsoft.NET.Sdk\targets\..\tools\net9.0\Microsoft.NET.Build.Tasks.dll".
       Task "CheckForUnsupportedWinMDReferences"
       Done executing task "CheckForUnsupportedWinMDReferences".
       Task "NETSdkError" skipped, due to false condition; ('$(OutputType)' == 'winmdobj') was evaluated as ('Exe' == 'winmdobj').
   1:7>Done building target "_BlockWinMDsOnUnsupportedTFMs" in project "Bomberman.csproj".
       Target "ResolveReferences" skipped. Previously built successfully.
       Target "ResolvePackageDependenciesForBuild" skipped. Previously built successfully.
       Target "_HandlePackageFileConflicts" skipped. Previously built successfully.
   1:7>Target "CopyAdditionalFiles" in file "C:\Program Files\dotnet\sdk\9.0.305\Roslyn\Microsoft.Managed.Core.targets" from project "C:\Users\hisha\Documents\Bomberman\Bomberman.csproj" (target "AssignTargetPaths" depends on it):
   1:7>Done building target "CopyAdditionalFiles" in project "Bomberman.csproj".
       Target "ResolvePackageAssets" skipped. Previously built successfully.
       Target "ResolveFrameworkReferences" skipped. Previously built successfully.
   1:7>Target "_GetAppHostPaths" in file "C:\Program Files\dotnet\sdk\9.0.305\Sdks\Microsoft.NET.Sdk\targets\Microsoft.NET.Sdk.targets" from project "C:\Users\hisha\Documents\Bomberman\Bomberman.csproj" (target "_ComputeNETCoreBuildOutputFiles" depends on it):
       Task "NETSdkError" skipped, due to false condition; ('@(_NativeRestoredAppHostNETCore->Count())' > 1) was evaluated as ('0' > 1).
   1:7>Done building target "_GetAppHostPaths" in project "Bomberman.csproj".
   1:7>Target "_GetAppHostCreationConfiguration" in file "C:\Program Files\dotnet\sdk\9.0.305\Sdks\Microsoft.NET.Sdk\targets\Microsoft.NET.Sdk.targets" from project "C:\Users\hisha\Documents\Bomberman\Bomberman.csproj" (target "_ComputeNETCoreBuildOutputFiles" depends on it):
   1:7>Done building target "_GetAppHostCreationConfiguration" in project "Bomberman.csproj".
       Target "_GetComHostPaths" skipped, due to false condition; ('$(EnableComHosting)' == 'true' and '$(_IsExecutable)' != 'true') was evaluated as ('' == 'true' and 'true' != 'true').
       Target "_GetIjwHostPaths" skipped, due to false condition; ('$(UseIJWHost)' == 'true') was evaluated as ('' == 'true').
   1:7>Target "_ComputeNETCoreBuildOutputFiles" in file "C:\Program Files\dotnet\sdk\9.0.305\Sdks\Microsoft.NET.Sdk\targets\Microsoft.NET.Sdk.targets" from project "C:\Users\hisha\Documents\Bomberman\Bomberman.csproj" (target "AssignTargetPaths" depends on it):
   1:7>Done building target "_ComputeNETCoreBuildOutputFiles" in project "Bomberman.csproj".
   1:7>Target "AssignTargetPaths" in file "C:\Program Files\dotnet\sdk\9.0.305\Microsoft.Common.CurrentVersion.targets" from project "C:\Users\hisha\Documents\Bomberman\Bomberman.csproj" (target "PrepareResourceNames" depends on it):
       Using "AssignTargetPath" task from assembly "Microsoft.Build.Tasks.Core, Version=15.1.0.0, Culture=neutral, PublicKeyToken=b03f5f7f11d50a3a".
       Task "AssignTargetPath"
       Done executing task "AssignTargetPath".
       Task "AssignTargetPath"
       Done executing task "AssignTargetPath".
       Task "AssignTargetPath"
       Done executing task "AssignTargetPath".
       Task "AssignTargetPath"
       Done executing task "AssignTargetPath".
       Task "AssignTargetPath" skipped, due to false condition; ('@(_DeploymentBaseManifestWithTargetPath)'=='' and '%(None.Extension)'=='.manifest') was evaluated as (''=='' and '.gitignore'=='.manifest').
       Task "AssignTargetPath" skipped, due to false condition; ('@(_DeploymentBaseManifestWithTargetPath)'=='' and '%(None.Extension)'=='.manifest') was evaluated as (''=='' and '.log'=='.manifest').
       Task "AssignTargetPath" skipped, due to false condition; ('@(_DeploymentBaseManifestWithTargetPath)'=='' and '%(None.Extension)'=='.manifest') was evaluated as (''=='' and '.json'=='.manifest').
       Task "AssignTargetPath" skipped, due to false condition; ('@(_DeploymentBaseManifestWithTargetPath)'=='' and '%(None.Extension)'=='.manifest') was evaluated as (''=='' and '.exe'=='.manifest').
   1:7>Done building target "AssignTargetPaths" in project "Bomberman.csproj".
       Target "AssignTargetPaths" skipped. Previously built successfully.
   1:7>Target "SplitResourcesByCulture" in file "C:\Program Files\dotnet\sdk\9.0.305\Microsoft.Common.CurrentVersion.targets" from project "C:\Users\hisha\Documents\Bomberman\Bomberman.csproj" (target "PrepareResourceNames" depends on it):
       Task "MSBuildInternalMessage" skipped, due to false condition; ('@(ResxWithNoCulture)'!='') was evaluated as (''!='').
       Task "MSBuildInternalMessage" skipped, due to false condition; ('@(ResxWithCulture)'!='') was evaluated as (''!='').
       Task "MSBuildInternalMessage" skipped, due to false condition; ('@(NonResxWithCulture)'!='') was evaluated as (''!='').
       Task "MSBuildInternalMessage" skipped, due to false condition; ('@(NonResxWithNoCulture)'!='') was evaluated as (''!='').
       Using "AssignCulture" task from assembly "Microsoft.Build.Tasks.Core, Version=15.1.0.0, Culture=neutral, PublicKeyToken=b03f5f7f11d50a3a".
       Task "AssignCulture"
       Done executing task "AssignCulture".
   1:7>Done building target "SplitResourcesByCulture" in project "Bomberman.csproj".
       Target "CreateManifestResourceNames" skipped, due to false condition; ('@(EmbeddedResource)' != '') was evaluated as ('' != '').
   1:7>Target "CreateCustomManifestResourceNames" in file "C:\Program Files\dotnet\sdk\9.0.305\Microsoft.Common.CurrentVersion.targets" from project "C:\Users\hisha\Documents\Bomberman\Bomberman.csproj" (target "PrepareResourceNames" depends on it):
   1:7>Done building target "CreateCustomManifestResourceNames" in project "Bomberman.csproj".
   1:7>Target "PrepareResourceNames" in file "C:\Program Files\dotnet\sdk\9.0.305\Microsoft.Common.CurrentVersion.targets" from project "C:\Users\hisha\Documents\Bomberman\Bomberman.csproj" (target "PrepareResources" depends on it):
   1:7>Done building target "PrepareResourceNames" in project "Bomberman.csproj".
       Target "ResolveAssemblyReferences" skipped. Previously built successfully.
       Target "SplitResourcesByCulture" skipped. Previously built successfully.
   1:7>Target "BeforeResGen" in file "C:\Program Files\dotnet\sdk\9.0.305\Microsoft.Common.CurrentVersion.targets" from project "C:\Users\hisha\Documents\Bomberman\Bomberman.csproj" (target "ResGen" depends on it):
   1:7>Done building target "BeforeResGen" in project "Bomberman.csproj".
       Target "ResolveReferences" skipped. Previously built successfully.
   1:7>Target "FindReferenceAssembliesForReferences" in file "C:\Program Files\dotnet\sdk\9.0.305\Microsoft.Common.CurrentVersion.targets" from project "C:\Users\hisha\Documents\Bomberman\Bomberman.csproj" (target "CoreResGen" depends on it):
   1:7>Done building target "FindReferenceAssembliesForReferences" in project "Bomberman.csproj".
   1:7>Target "CoreResGen" in file "C:\Program Files\dotnet\sdk\9.0.305\Microsoft.Common.CurrentVersion.targets" from project "C:\Users\hisha\Documents\Bomberman\Bomberman.csproj" (target "ResGen" depends on it):
       Task "GenerateResource" skipped, due to false condition; ('%(EmbeddedResource.Type)' == 'Resx' and '%(EmbeddedResource.GenerateResource)' != 'false' and '$(GenerateResourceMSBuildRuntime)' != 'CLR2') was evaluated as ('' == 'Resx' and '' != 'false' and 'CurrentRuntime' != 'CLR2').
       Task "GenerateResource" skipped, due to false condition; ('%(EmbeddedResource.Type)' == 'Resx' and '%(EmbeddedResource.GenerateResource)' != 'false' and '$(GenerateResourceMSBuildRuntime)' == 'CLR2') was evaluated as ('' == 'Resx' and '' != 'false' and 'CurrentRuntime' == 'CLR2').
   1:7>Done building target "CoreResGen" in project "Bomberman.csproj".
   1:7>Target "AfterResGen" in file "C:\Program Files\dotnet\sdk\9.0.305\Microsoft.Common.CurrentVersion.targets" from project "C:\Users\hisha\Documents\Bomberman\Bomberman.csproj" (target "ResGen" depends on it):
   1:7>Done building target "AfterResGen" in project "Bomberman.csproj".
   1:7>Target "ResGen" in file "C:\Program Files\dotnet\sdk\9.0.305\Microsoft.Common.CurrentVersion.targets" from project "C:\Users\hisha\Documents\Bomberman\Bomberman.csproj" (target "PrepareResources" depends on it):
   1:7>Done building target "ResGen" in project "Bomberman.csproj".
       Target "CompileLicxFiles" skipped, due to false condition; ('@(_LicxFile)'!='') was evaluated as (''!='').
   1:7>Target "PrepareResources" in file "C:\Program Files\dotnet\sdk\9.0.305\Microsoft.Common.CurrentVersion.targets" from project "C:\Users\hisha\Documents\Bomberman\Bomberman.csproj" (target "CoreBuild" depends on it):
   1:7>Done building target "PrepareResources" in project "Bomberman.csproj".
       Target "ResolveKeySource" skipped, due to false condition; ($(SignManifests) == 'true' or $(SignAssembly) == 'true') was evaluated as ( == 'true' or false == 'true').
       Target "ResolveReferences" skipped. Previously built successfully.
       Target "ResolveKeySource" skipped, due to false condition; ($(SignManifests) == 'true' or $(SignAssembly) == 'true') was evaluated as ( == 'true' or false == 'true').
       Target "ResolveComReferences" skipped, due to false condition; ('@(COMReference)'!='' or '@(COMFileReference)'!='') was evaluated as (''!='' or ''!='').
       Target "ResolveNativeReferences" skipped, due to false condition; ('@(NativeReference)'!='') was evaluated as (''!='').
       Target "_SetExternalWin32ManifestProperties" skipped, due to false condition; ('$(GenerateClickOnceManifests)'=='true' or '@(NativeReference)'!='' or '@(ResolvedIsolatedComModules)'!='') was evaluated as (''=='true' or ''!='' or ''!='').
   1:7>Target "_SetEmbeddedWin32ManifestProperties" in file "C:\Program Files\dotnet\sdk\9.0.305\Microsoft.Common.CurrentVersion.targets" from project "C:\Users\hisha\Documents\Bomberman\Bomberman.csproj" (target "SetWin32ManifestProperties" depends on it):
       Using "GetFrameworkPath" task from assembly "Microsoft.Build.Tasks.Core, Version=15.1.0.0, Culture=neutral, PublicKeyToken=b03f5f7f11d50a3a".
       Task "GetFrameworkPath"
       Done executing task "GetFrameworkPath".
   1:7>Done building target "_SetEmbeddedWin32ManifestProperties" in project "Bomberman.csproj".
   1:7>Target "SetWin32ManifestProperties" in file "C:\Program Files\dotnet\sdk\9.0.305\Microsoft.Common.CurrentVersion.targets" from project "C:\Users\hisha\Documents\Bomberman\Bomberman.csproj" (target "Compile" depends on it):
   1:7>Done building target "SetWin32ManifestProperties" in project "Bomberman.csproj".
       Target "_SetPreferNativeArm64Win32ManifestProperties" skipped, due to false condition; ( '$(PreferNativeArm64)'=='true' and '$(NoWin32Manifest)'!='true') was evaluated as ( 'false'=='true' and ''!='true').
       Target "FindReferenceAssembliesForReferences" skipped. Previously built successfully.
   1:7>Target "_GenerateCompileInputs" in file "C:\Program Files\dotnet\sdk\9.0.305\Microsoft.Common.CurrentVersion.targets" from project "C:\Users\hisha\Documents\Bomberman\Bomberman.csproj" (target "Compile" depends on it):
       Task "MSBuildInternalMessage" skipped, due to false condition; ('@(ManifestResourceWithNoCulture)'!='' and '%(ManifestResourceWithNoCulture.EmittedForCompatibilityOnly)'=='') was evaluated as (''!='' and ''=='').
       Task "MSBuildInternalMessage" skipped, due to false condition; ('@(ManifestNonResxWithNoCultureOnDisk)'!='' and '%(ManifestNonResxWithNoCultureOnDisk.EmittedForCompatibilityOnly)'=='') was evaluated as (''!='' and ''=='').
   1:7>Done building target "_GenerateCompileInputs" in project "Bomberman.csproj".
       Target "PrepareForBuild" skipped. Previously built successfully.
   1:7>Target "GenerateMSBuildEditorConfigFileShouldRun" in file "C:\Program Files\dotnet\sdk\9.0.305\Roslyn\Microsoft.Managed.Core.targets" from project "C:\Users\hisha\Documents\Bomberman\Bomberman.csproj" (target "GenerateMSBuildEditorConfigFile" depends on it):
   1:7>Done building target "GenerateMSBuildEditorConfigFileShouldRun" in project "Bomberman.csproj".
   1:7>Target "AddGlobalAnalyzerConfigForPackage_MicrosoftCodeAnalysisCSharpCodeStyle" in file "C:\Program Files\dotnet\sdk\9.0.305\Sdks\Microsoft.NET.Sdk\codestyle\cs\build\Microsoft.CodeAnalysis.CSharp.CodeStyle.targets" from project "C:\Users\hisha\Documents\Bomberman\Bomberman.csproj" (target "GenerateMSBuildEditorConfigFileCore" depends on it):
   1:7>Done building target "AddGlobalAnalyzerConfigForPackage_MicrosoftCodeAnalysisCSharpCodeStyle" in project "Bomberman.csproj".
   1:7>Target "GenerateMSBuildEditorConfigFileCore" in file "C:\Program Files\dotnet\sdk\9.0.305\Roslyn\Microsoft.Managed.Core.targets" from project "C:\Users\hisha\Documents\Bomberman\Bomberman.csproj" (target "GenerateMSBuildEditorConfigFile" depends on it):
       Building target "GenerateMSBuildEditorConfigFileCore" completely.
       No input files were specified.
       Using "GenerateMSBuildEditorConfig" task from assembly "C:\Program Files\dotnet\sdk\9.0.305\Roslyn\Microsoft.Build.Tasks.CodeAnalysis.dll".
       Task "GenerateMSBuildEditorConfig"
       Done executing task "GenerateMSBuildEditorConfig".
   1:7>Done building target "GenerateMSBuildEditorConfigFileCore" in project "Bomberman.csproj".
   1:7>Target "GenerateMSBuildEditorConfigFile" in file "C:\Program Files\dotnet\sdk\9.0.305\Roslyn\Microsoft.Managed.Core.targets" from project "C:\Users\hisha\Documents\Bomberman\Bomberman.csproj" (target "BeforeCompile" depends on it):
   1:7>Done building target "GenerateMSBuildEditorConfigFile" in project "Bomberman.csproj".
       Target "PrepareForBuild" skipped. Previously built successfully.
       Target "GetReferenceAssemblyPaths" skipped. Previously built successfully.
   1:7>Target "_SetTargetFrameworkMonikerAttribute" in file "C:\Program Files\dotnet\sdk\9.0.305\Microsoft.CSharp.CurrentVersion.targets" from project "C:\Users\hisha\Documents\Bomberman\Bomberman.csproj" (target "GenerateTargetFrameworkMonikerAttribute" depends on it):
   1:7>Done building target "_SetTargetFrameworkMonikerAttribute" in project "Bomberman.csproj".
   1:7>Target "GenerateTargetFrameworkMonikerAttribute" in file "C:\Program Files\dotnet\sdk\9.0.305\Microsoft.Common.CurrentVersion.targets" from project "C:\Users\hisha\Documents\Bomberman\Bomberman.csproj" (target "BeforeCompile" depends on it):
       Skipping target "GenerateTargetFrameworkMonikerAttribute" because all output files are up-to-date with respect to the input files.
       Input files: C:\Program Files\dotnet\sdk\9.0.305\Microsoft.Common.targets
       Output files: obj\Debug\net9.0\.NETCoreApp,Version=v9.0.AssemblyAttributes.cs
   1:7>Done building target "GenerateTargetFrameworkMonikerAttribute" in project "Bomberman.csproj".
       Target "GenerateAdditionalSources" skipped, due to false condition; ('@(AssemblyAttributes)' != '' and '$(GenerateAdditionalSources)' == 'true') was evaluated as ('' != '' and '' == 'true').
       Target "PrepareForBuild" skipped. Previously built successfully.
   1:7>Target "GetAssemblyVersion" in file "C:\Program Files\dotnet\sdk\9.0.305\Sdks\Microsoft.NET.Sdk\targets\Microsoft.NET.GenerateAssemblyInfo.targets" from project "C:\Users\hisha\Documents\Bomberman\Bomberman.csproj" (target "GetAssemblyAttributes" depends on it):
       Using "GetAssemblyVersion" task from assembly "C:\Program Files\dotnet\sdk\9.0.305\Sdks\Microsoft.NET.Sdk\targets\..\tools\net9.0\Microsoft.NET.Build.Tasks.dll".
       Task "GetAssemblyVersion"
       Done executing task "GetAssemblyVersion".
   1:7>Done building target "GetAssemblyVersion" in project "Bomberman.csproj".
   1:7>Target "InitializeSourceControlInformationFromSourceControlManager" in file "C:\Program Files\dotnet\sdk\9.0.305\Sdks\Microsoft.Build.Tasks.Git\build\Microsoft.Build.Tasks.Git.targets" from project "C:\Users\hisha\Documents\Bomberman\Bomberman.csproj" (target "_InitializeSourceControlInformationFromSourceControlManager" depends on it):
       Using "Microsoft.Build.Tasks.Git.LocateRepository" task from assembly "C:\Program Files\dotnet\sdk\9.0.305\Sdks\Microsoft.Build.Tasks.Git\build\..\tools\net\Microsoft.Build.Tasks.Git.dll".
       Task "Microsoft.Build.Tasks.Git.LocateRepository"
         SourceLink: Repository instance not found in cache: '*:C:\Users\hisha\Documents\Bomberman\.git'
       Done executing task "Microsoft.Build.Tasks.Git.LocateRepository".
   1:7>Done building target "InitializeSourceControlInformationFromSourceControlManager" in project "Bomberman.csproj".
   1:7>Target "_SourceLinkHasSingleProvider" in file "C:\Program Files\dotnet\sdk\9.0.305\Sdks\Microsoft.SourceLink.Common\build\InitializeSourceControlInformation.targets" from project "C:\Users\hisha\Documents\Bomberman\Bomberman.csproj" (target "_InitializeSourceControlInformationFromSourceControlManager" depends on it):
       Assembly loaded during TaskRun: Microsoft.SourceLink.Common, Version=9.0.11.11701, Culture=neutral, PublicKeyToken=31bf3856ad364e35 (location: C:\Program Files\dotnet\sdk\9.0.305\Sdks\Microsoft.SourceLink.Common\tools\net\Microsoft.SourceLink.Common.dll, MVID: e7b93933-92ac-4eda-8ab8-a1e1c543bfb2, AssemblyLoadContext: MSBuild plugin C:\Program Files\dotnet\sdk\9.0.305\Sdks\Microsoft.SourceLink.Common\tools\net\Microsoft.SourceLink.Common.dll)
       Using "Microsoft.SourceLink.Common.SourceLinkHasSingleProvider" task from assembly "C:\Program Files\dotnet\sdk\9.0.305\Sdks\Microsoft.SourceLink.Common\build\..\tools\net\Microsoft.SourceLink.Common.dll".
       Task "Microsoft.SourceLink.Common.SourceLinkHasSingleProvider"
       Done executing task "Microsoft.SourceLink.Common.SourceLinkHasSingleProvider".
   1:7>Done building target "_SourceLinkHasSingleProvider" in project "Bomberman.csproj".
   1:7>Target "TranslateGitHubUrlsInSourceControlInformation" in file "C:\Program Files\dotnet\sdk\9.0.305\Sdks\Microsoft.SourceLink.GitHub\build\Microsoft.SourceLink.GitHub.targets" from project "C:\Users\hisha\Documents\Bomberman\Bomberman.csproj" (target "_InitializeSourceControlInformationFromSourceControlManager" depends on it):
       Assembly loaded during TaskRun: Microsoft.SourceLink.GitHub, Version=9.0.11.11701, Culture=neutral, PublicKeyToken=31bf3856ad364e35 (location: C:\Program Files\dotnet\sdk\9.0.305\Sdks\Microsoft.SourceLink.GitHub\tools\net\Microsoft.SourceLink.GitHub.dll, MVID: de6eb21e-3e60-4c55-84da-db4085852056, AssemblyLoadContext: MSBuild plugin C:\Program Files\dotnet\sdk\9.0.305\Sdks\Microsoft.SourceLink.GitHub\tools\net\Microsoft.SourceLink.GitHub.dll)
       Using "Microsoft.SourceLink.GitHub.TranslateRepositoryUrls" task from assembly "C:\Program Files\dotnet\sdk\9.0.305\Sdks\Microsoft.SourceLink.GitHub\build\..\tools\net\Microsoft.SourceLink.GitHub.dll".
       Task "Microsoft.SourceLink.GitHub.TranslateRepositoryUrls"
       Done executing task "Microsoft.SourceLink.GitHub.TranslateRepositoryUrls".
   1:7>Done building target "TranslateGitHubUrlsInSourceControlInformation" in project "Bomberman.csproj".
   1:7>Target "TranslateGitLabUrlsInSourceControlInformation" in file "C:\Program Files\dotnet\sdk\9.0.305\Sdks\Microsoft.SourceLink.GitLab\build\Microsoft.SourceLink.GitLab.targets" from project "C:\Users\hisha\Documents\Bomberman\Bomberman.csproj" (target "_InitializeSourceControlInformationFromSourceControlManager" depends on it):
       Assembly loaded during TaskRun: Microsoft.SourceLink.GitLab, Version=9.0.11.11701, Culture=neutral, PublicKeyToken=31bf3856ad364e35 (location: C:\Program Files\dotnet\sdk\9.0.305\Sdks\Microsoft.SourceLink.GitLab\tools\net\Microsoft.SourceLink.GitLab.dll, MVID: ccdddc0a-7879-4673-a23d-bd877ae513a4, AssemblyLoadContext: MSBuild plugin C:\Program Files\dotnet\sdk\9.0.305\Sdks\Microsoft.SourceLink.GitLab\tools\net\Microsoft.SourceLink.GitLab.dll)
       Using "Microsoft.SourceLink.GitLab.TranslateRepositoryUrls" task from assembly "C:\Program Files\dotnet\sdk\9.0.305\Sdks\Microsoft.SourceLink.GitLab\build\..\tools\net\Microsoft.SourceLink.GitLab.dll".
       Task "Microsoft.SourceLink.GitLab.TranslateRepositoryUrls"
       Done executing task "Microsoft.SourceLink.GitLab.TranslateRepositoryUrls".
   1:7>Done building target "TranslateGitLabUrlsInSourceControlInformation" in project "Bomberman.csproj".
   1:7>Target "TranslateAzureReposGitUrlsInSourceControlInformation" in file "C:\Program Files\dotnet\sdk\9.0.305\Sdks\Microsoft.SourceLink.AzureRepos.Git\build\Microsoft.SourceLink.AzureRepos.Git.targets" from project "C:\Users\hisha\Documents\Bomberman\Bomberman.csproj" (target "_InitializeSourceControlInformationFromSourceControlManager" depends on it):
       Assembly loaded during TaskRun: Microsoft.SourceLink.AzureRepos.Git, Version=9.0.11.11701, Culture=neutral, PublicKeyToken=31bf3856ad364e35 (location: C:\Program Files\dotnet\sdk\9.0.305\Sdks\Microsoft.SourceLink.AzureRepos.Git\tools\net\Microsoft.SourceLink.AzureRepos.Git.dll, MVID: cc8362fa-d14c-4e8c-a855-a55f196817ae, AssemblyLoadContext: MSBuild plugin C:\Program Files\dotnet\sdk\9.0.305\Sdks\Microsoft.SourceLink.AzureRepos.Git\tools\net\Microsoft.SourceLink.AzureRepos.Git.dll)
       Using "Microsoft.SourceLink.AzureRepos.Git.TranslateRepositoryUrls" task from assembly "C:\Program Files\dotnet\sdk\9.0.305\Sdks\Microsoft.SourceLink.AzureRepos.Git\build\..\tools\net\Microsoft.SourceLink.AzureRepos.Git.dll".
       Task "Microsoft.SourceLink.AzureRepos.Git.TranslateRepositoryUrls"
       Done executing task "Microsoft.SourceLink.AzureRepos.Git.TranslateRepositoryUrls".
   1:7>Done building target "TranslateAzureReposGitUrlsInSourceControlInformation" in project "Bomberman.csproj".
   1:7>Target "TranslateBitbucketGitUrlsInSourceControlInformation" in file "C:\Program Files\dotnet\sdk\9.0.305\Sdks\Microsoft.SourceLink.Bitbucket.Git\build\Microsoft.SourceLink.Bitbucket.Git.targets" from project "C:\Users\hisha\Documents\Bomberman\Bomberman.csproj" (target "_InitializeSourceControlInformationFromSourceControlManager" depends on it):
       Assembly loaded during TaskRun: Microsoft.SourceLink.Bitbucket.Git, Version=9.0.11.11701, Culture=neutral, PublicKeyToken=31bf3856ad364e35 (location: C:\Program Files\dotnet\sdk\9.0.305\Sdks\Microsoft.SourceLink.Bitbucket.Git\tools\net\Microsoft.SourceLink.Bitbucket.Git.dll, MVID: 633cbf61-44e1-4706-8334-7e18ba081963, AssemblyLoadContext: MSBuild plugin C:\Program Files\dotnet\sdk\9.0.305\Sdks\Microsoft.SourceLink.Bitbucket.Git\tools\net\Microsoft.SourceLink.Bitbucket.Git.dll)
       Using "Microsoft.SourceLink.Bitbucket.Git.TranslateRepositoryUrls" task from assembly "C:\Program Files\dotnet\sdk\9.0.305\Sdks\Microsoft.SourceLink.Bitbucket.Git\build\..\tools\net\Microsoft.SourceLink.Bitbucket.Git.dll".
       Task "Microsoft.SourceLink.Bitbucket.Git.TranslateRepositoryUrls"
       Done executing task "Microsoft.SourceLink.Bitbucket.Git.TranslateRepositoryUrls".
   1:7>Done building target "TranslateBitbucketGitUrlsInSourceControlInformation" in project "Bomberman.csproj".
   1:7>Target "SourceControlManagerPublishTranslatedUrls" in file "C:\Program Files\dotnet\sdk\9.0.305\Sdks\Microsoft.SourceLink.Common\build\InitializeSourceControlInformation.targets" from project "C:\Users\hisha\Documents\Bomberman\Bomberman.csproj" (target "_InitializeSourceControlInformationFromSourceControlManager" depends on it):
   1:7>Done building target "SourceControlManagerPublishTranslatedUrls" in project "Bomberman.csproj".
   1:7>Target "_InitializeSourceControlInformationFromSourceControlManager" in file "C:\Program Files\dotnet\sdk\9.0.305\Sdks\Microsoft.SourceLink.Common\build\InitializeSourceControlInformation.targets" from project "C:\Users\hisha\Documents\Bomberman\Bomberman.csproj" (target "InitializeSourceControlInformation" depends on it):
   1:7>Done building target "_InitializeSourceControlInformationFromSourceControlManager" in project "Bomberman.csproj".
   1:7>Target "InitializeSourceControlInformation" in file "C:\Program Files\dotnet\sdk\9.0.305\Microsoft.Common.CurrentVersion.targets" from project "C:\Users\hisha\Documents\Bomberman\Bomberman.csproj" (target "GetAssemblyAttributes" depends on it):
   1:7>Done building target "InitializeSourceControlInformation" in project "Bomberman.csproj".
       Target "GetAssemblyVersion" skipped. Previously built successfully.
       Target "InitializeSourceControlInformation" skipped. Previously built successfully.
   1:7>Target "AddSourceRevisionToInformationalVersion" in file "C:\Program Files\dotnet\sdk\9.0.305\Sdks\Microsoft.NET.Sdk\targets\Microsoft.NET.GenerateAssemblyInfo.targets" from project "C:\Users\hisha\Documents\Bomberman\Bomberman.csproj" (target "GetAssemblyAttributes" depends on it):
       C:\Program Files\dotnet\sdk\9.0.305\Sdks\Microsoft.NET.Sdk\targets\Microsoft.NET.GenerateAssemblyInfo.targets(70,7): message : Property reassignment: $(InformationalVersion)="1.0.0+931d54a4454a5b26ac4ddeff6dc3ea11732177f2" (previous value: "1.0.0") at C:\Program Files\dotnet\sdk\9.0.305\Sdks\Microsoft.NET.Sdk\targets\Microsoft.NET.GenerateAssemblyInfo.targets (70,7) [C:\Users\hisha\Documents\Bomberman\Bomberman.csproj]
   1:7>Done building target "AddSourceRevisionToInformationalVersion" in project "Bomberman.csproj".
       Target "_GetUserSecretsAssemblyAttribute" skipped, due to false condition; ( '$(UserSecretsId)' != '' AND '$(GenerateUserSecretsAttribute)' != 'false' AND '$(GeneratedUserSecretsAttributeFile)' == '' ) was evaluated as ( '' != '' AND '' != 'false' AND '' == '' ).
   1:7>Target "GetAssemblyAttributes" in file "C:\Program Files\dotnet\sdk\9.0.305\Sdks\Microsoft.NET.Sdk\targets\Microsoft.NET.GenerateAssemblyInfo.targets" from project "C:\Users\hisha\Documents\Bomberman\Bomberman.csproj" (target "CreateGeneratedAssemblyInfoInputsCacheFile" depends on it):
   1:7>Done building target "GetAssemblyAttributes" in project "Bomberman.csproj".
   1:7>Target "CreateGeneratedAssemblyInfoInputsCacheFile" in file "C:\Program Files\dotnet\sdk\9.0.305\Sdks\Microsoft.NET.Sdk\targets\Microsoft.NET.GenerateAssemblyInfo.targets" from project "C:\Users\hisha\Documents\Bomberman\Bomberman.csproj" (target "CoreGenerateAssemblyInfo" depends on it):
       Using "Hash" task from assembly "Microsoft.Build.Tasks.Core, Version=15.1.0.0, Culture=neutral, PublicKeyToken=b03f5f7f11d50a3a".
       Task "Hash"
       Done executing task "Hash".
       Task "WriteLinesToFile"
         Skipping write to file "obj\Debug\net9.0\Bomberman.AssemblyInfoInputs.cache" because content would not change.
       Done executing task "WriteLinesToFile".
   1:7>Done building target "CreateGeneratedAssemblyInfoInputsCacheFile" in project "Bomberman.csproj".
   1:7>Target "CoreGenerateAssemblyInfo" in file "C:\Program Files\dotnet\sdk\9.0.305\Sdks\Microsoft.NET.Sdk\targets\Microsoft.NET.GenerateAssemblyInfo.targets" from project "C:\Users\hisha\Documents\Bomberman\Bomberman.csproj" (target "GenerateAssemblyInfo" depends on it):
       Skipping target "CoreGenerateAssemblyInfo" because all output files are up-to-date with respect to the input files.
       Input files: obj\Debug\net9.0\Bomberman.AssemblyInfoInputs.cache
       Output files: obj\Debug\net9.0\Bomberman.AssemblyInfo.cs
   1:7>Done building target "CoreGenerateAssemblyInfo" in project "Bomberman.csproj".
   1:7>Target "GenerateAssemblyInfo" in file "C:\Program Files\dotnet\sdk\9.0.305\Sdks\Microsoft.NET.Sdk\targets\Microsoft.NET.GenerateAssemblyInfo.targets" from project "C:\Users\hisha\Documents\Bomberman\Bomberman.csproj" (target "BeforeCompile" depends on it):
   1:7>Done building target "GenerateAssemblyInfo" in project "Bomberman.csproj".
   1:7>Target "BeforeCompile" in file "C:\Program Files\dotnet\sdk\9.0.305\Microsoft.Common.CurrentVersion.targets" from project "C:\Users\hisha\Documents\Bomberman\Bomberman.csproj" (target "Compile" depends on it):
   1:7>Done building target "BeforeCompile" in project "Bomberman.csproj".
       Target "_TimeStampBeforeCompile" skipped, due to false condition; ('$(RunPostBuildEvent)'=='OnOutputUpdated' or ('$(RegisterForComInterop)'=='true' and '$(OutputType)'=='library')) was evaluated as (''=='OnOutputUpdated' or (''=='true' and 'Exe'=='library')).
       Target "ResolveAssemblyReferences" skipped. Previously built successfully.
       Target "_GenerateCompileInputs" skipped. Previously built successfully.
   1:7>Target "_GenerateCompileDependencyCache" in file "C:\Program Files\dotnet\sdk\9.0.305\Microsoft.Common.CurrentVersion.targets" from project "C:\Users\hisha\Documents\Bomberman\Bomberman.csproj" (target "Compile" depends on it):
       Task "Hash"
       Done executing task "Hash".
       Task "WriteLinesToFile"
         Skipping write to file "obj\Debug\net9.0\Bomberman.csproj.CoreCompileInputs.cache" because content would not change.
       Done executing task "WriteLinesToFile".
   1:7>Done building target "_GenerateCompileDependencyCache" in project "Bomberman.csproj".
       Target "_ComputeNonExistentFileProperty" skipped, due to false condition; (('$(BuildingInsideVisualStudio)' == 'true') and ('$(BuildingOutOfProcess)' != 'true') and (('$(BuildingProject)' == 'false') or ('$(UseHostCompilerIfAvailable)' == 'true'))) was evaluated as (('' == 'true') and ('' != 'true') and (('true' == 'false') or ('true' == 'true'))).
       Target "ResolveCodeAnalysisRuleSet" skipped, due to false condition; ('$(CodeAnalysisRuleSet)' != '') was evaluated as ('' != '').
       Target "ShimReferencePathsWhenCommonTargetsDoesNotUnderstandReferenceAssemblies" skipped, due to false condition; ('@(ReferencePathWithRefAssemblies)' == '') was evaluated as ('C:\Program Files\dotnet\packs\Microsoft.NETCore.App.Ref\9.0.9\ref\net9.0\Microsoft.CSharp.dll;C:\Program Files\dotnet\packs\Microsoft.NETCore.App.Ref\9.0.9\ref\net9.0\Microsoft.VisualBasic.Core.dll;C:\Program Files\dotnet\packs\Microsoft.NETCore.App.Ref\9.0.9\ref\net9.0\Microsoft.VisualBasic.dll;...' == '').
   1:7>Target "_BeforeVBCSCoreCompile" in file "C:\Program Files\dotnet\sdk\9.0.305\Roslyn\Microsoft.Managed.Core.targets" from project "C:\Users\hisha\Documents\Bomberman\Bomberman.csproj" (target "CoreCompile" depends on it):
   1:7>Done building target "_BeforeVBCSCoreCompile" in project "Bomberman.csproj".
       Target "AdjustDefaultPlatformTargetForNetFrameworkExeWithNoNativeCopyLocalItems" skipped, due to false condition; ('$(_UsingDefaultPlatformTarget)' == 'true' and
                            '$(_UsingDefaultRuntimeIdentifier)' == 'true') was evaluated as ('true' == 'true' and
                            '' == 'true').
       Target "_DisableDiagnosticTracing" skipped, due to false condition; ('$(DisableDiagnosticTracing)' == 'true') was evaluated as ('' == 'true').
       Target "ShimReferencePathsWhenCommonTargetsDoesNotUnderstandReferenceAssemblies" skipped, due to false condition; ('@(ReferencePathWithRefAssemblies)' == '') was evaluated as ('C:\Program Files\dotnet\packs\Microsoft.NETCore.App.Ref\9.0.9\ref\net9.0\Microsoft.CSharp.dll;C:\Program Files\dotnet\packs\Microsoft.NETCore.App.Ref\9.0.9\ref\net9.0\Microsoft.VisualBasic.Core.dll;C:\Program Files\dotnet\packs\Microsoft.NETCore.App.Ref\9.0.9\ref\net9.0\Microsoft.VisualBasic.dll;...' == '').
   1:7>Target "_ComputeSkipAnalyzers" in file "C:\Program Files\dotnet\sdk\9.0.305\Roslyn\Microsoft.Managed.Core.targets" from project "C:\Users\hisha\Documents\Bomberman\Bomberman.csproj" (target "CoreCompile" depends on it):
       Task "ShowMessageForImplicitlySkipAnalyzers" skipped, due to false condition; ('$(_ImplicitlySkipAnalyzers)' == 'true') was evaluated as ('' == 'true').
   1:7>Done building target "_ComputeSkipAnalyzers" in project "Bomberman.csproj".
       Target "_SetPathMapFromSourceRoots" skipped, due to false condition; ('$(DeterministicSourcePaths)' == 'true') was evaluated as ('' == 'true').
       Target "CreateCompilerGeneratedFilesOutputPath" skipped, due to false condition; ('$(EmitCompilerGeneratedFiles)' == 'true' and !('$(DesignTimeBuild)' == 'true' OR '$(BuildingProject)' != 'true')) was evaluated as ('false' == 'true' and !('' == 'true' OR 'true' != 'true')).
       Target "_CheckMicrosoftNetSdkCompilersToolsetPackageExists" skipped, due to false condition; ('$(_NeedToDownloadMicrosoftNetSdkCompilersToolsetPackage)' == 'true' and '$(DesignTimeBuild)' != 'true') was evaluated as ('' == 'true' and '' != 'true').
       Target "BeforeCompile" skipped. Previously built successfully.
       Target "InitializeSourceControlInformationFromSourceControlManager" skipped. Previously built successfully.
   1:7>Target "SetEmbeddedFilesFromSourceControlManagerUntrackedFiles" in file "C:\Program Files\dotnet\sdk\9.0.305\Sdks\Microsoft.Build.Tasks.Git\build\Microsoft.Build.Tasks.Git.targets" from project "C:\Users\hisha\Documents\Bomberman\Bomberman.csproj" (target "_SetEmbeddedFilesFromSourceControlManagerUntrackedFiles" depends on it):
       Using "Microsoft.Build.Tasks.Git.GetUntrackedFiles" task from assembly "C:\Program Files\dotnet\sdk\9.0.305\Sdks\Microsoft.Build.Tasks.Git\build\..\tools\net\Microsoft.Build.Tasks.Git.dll".
       Task "Microsoft.Build.Tasks.Git.GetUntrackedFiles"
         SourceLink: Reusing cached git repository information.
       Done executing task "Microsoft.Build.Tasks.Git.GetUntrackedFiles".
   1:7>Done building target "SetEmbeddedFilesFromSourceControlManagerUntrackedFiles" in project "Bomberman.csproj".
   1:7>Target "_SetEmbeddedFilesFromSourceControlManagerUntrackedFiles" in file "C:\Program Files\dotnet\sdk\9.0.305\Sdks\Microsoft.SourceLink.Common\build\Microsoft.SourceLink.Common.targets" from project "C:\Users\hisha\Documents\Bomberman\Bomberman.csproj" (target "CoreCompile" depends on it):
   1:7>Done building target "_SetEmbeddedFilesFromSourceControlManagerUntrackedFiles" in project "Bomberman.csproj".
       Target "InitializeSourceControlInformation" skipped. Previously built successfully.
   1:7>Target "_SetSourceLinkFilePath" in file "C:\Program Files\dotnet\sdk\9.0.305\Sdks\Microsoft.SourceLink.Common\build\Microsoft.SourceLink.Common.targets" from project "C:\Users\hisha\Documents\Bomberman\Bomberman.csproj" (target "_GenerateSourceLinkFile" depends on it):
   1:7>Done building target "_SetSourceLinkFilePath" in project "Bomberman.csproj".
       Target "InitializeSourceControlInformation" skipped. Previously built successfully.
   1:7>Target "_InitializeSourceRootMappedPathsFromSourceControl" in file "C:\Program Files\dotnet\sdk\9.0.305\Roslyn\Microsoft.Managed.Core.targets" from project "C:\Users\hisha\Documents\Bomberman\Bomberman.csproj" (target "InitializeSourceRootMappedPaths" depends on it):
   1:7>Done building target "_InitializeSourceRootMappedPathsFromSourceControl" in project "Bomberman.csproj".
   1:7>Target "InitializeSourceRootMappedPaths" in file "C:\Program Files\dotnet\sdk\9.0.305\Roslyn\Microsoft.Managed.Core.targets" from project "C:\Users\hisha\Documents\Bomberman\Bomberman.csproj" (target "_InitializeSourceRootMappedPathsOpt" depends on it):
       Using "Microsoft.CodeAnalysis.BuildTasks.MapSourceRoots" task from assembly "C:\Program Files\dotnet\sdk\9.0.305\Roslyn\Microsoft.Build.Tasks.CodeAnalysis.dll".
       Task "Microsoft.CodeAnalysis.BuildTasks.MapSourceRoots"
       Done executing task "Microsoft.CodeAnalysis.BuildTasks.MapSourceRoots".
   1:7>Done building target "InitializeSourceRootMappedPaths" in project "Bomberman.csproj".
   1:7>Target "_InitializeSourceRootMappedPathsOpt" in file "C:\Program Files\dotnet\sdk\9.0.305\Sdks\Microsoft.SourceLink.Common\build\Microsoft.SourceLink.Common.targets" from project "C:\Users\hisha\Documents\Bomberman\Bomberman.csproj" (target "_GenerateSourceLinkFile" depends on it):
   1:7>Done building target "_InitializeSourceRootMappedPathsOpt" in project "Bomberman.csproj".
   1:7>Target "_InitializeGitHubSourceLinkUrl" in file "C:\Program Files\dotnet\sdk\9.0.305\Sdks\Microsoft.SourceLink.GitHub\build\Microsoft.SourceLink.GitHub.targets" from project "C:\Users\hisha\Documents\Bomberman\Bomberman.csproj" (target "_GenerateSourceLinkFile" depends on it):
       Building target "_InitializeGitHubSourceLinkUrl" completely.
       No input files were specified.
       Using "Microsoft.SourceLink.GitHub.GetSourceLinkUrl" task from assembly "C:\Program Files\dotnet\sdk\9.0.305\Sdks\Microsoft.SourceLink.GitHub\build\..\tools\net\Microsoft.SourceLink.GitHub.dll".
       Task "Microsoft.SourceLink.GitHub.GetSourceLinkUrl"
       Done executing task "Microsoft.SourceLink.GitHub.GetSourceLinkUrl".
   1:7>Done building target "_InitializeGitHubSourceLinkUrl" in project "Bomberman.csproj".
   1:7>Target "_InitializeGitHubSourceLinkUrl" in file "C:\Program Files\dotnet\sdk\9.0.305\Sdks\Microsoft.SourceLink.GitHub\build\Microsoft.SourceLink.GitHub.targets" from project "C:\Users\hisha\Documents\Bomberman\Bomberman.csproj" (target "_GenerateSourceLinkFile" depends on it):
       Building target "_InitializeGitHubSourceLinkUrl" completely.
       No input files were specified.
       Task "Microsoft.SourceLink.GitHub.GetSourceLinkUrl"
       Done executing task "Microsoft.SourceLink.GitHub.GetSourceLinkUrl".
   1:7>Done building target "_InitializeGitHubSourceLinkUrl" in project "Bomberman.csproj".
   1:7>Target "_InitializeGitHubSourceLinkUrl" in file "C:\Program Files\dotnet\sdk\9.0.305\Sdks\Microsoft.SourceLink.GitHub\build\Microsoft.SourceLink.GitHub.targets" from project "C:\Users\hisha\Documents\Bomberman\Bomberman.csproj" (target "_GenerateSourceLinkFile" depends on it):
       Building target "_InitializeGitHubSourceLinkUrl" completely.
       No input files were specified.
       Task "Microsoft.SourceLink.GitHub.GetSourceLinkUrl"
       Done executing task "Microsoft.SourceLink.GitHub.GetSourceLinkUrl".
   1:7>Done building target "_InitializeGitHubSourceLinkUrl" in project "Bomberman.csproj".
   1:7>Target "_InitializeGitLabSourceLinkUrl" in file "C:\Program Files\dotnet\sdk\9.0.305\Sdks\Microsoft.SourceLink.GitLab\build\Microsoft.SourceLink.GitLab.targets" from project "C:\Users\hisha\Documents\Bomberman\Bomberman.csproj" (target "_GenerateSourceLinkFile" depends on it):
       Building target "_InitializeGitLabSourceLinkUrl" completely.
       No input files were specified.
       Using "Microsoft.SourceLink.GitLab.GetSourceLinkUrl" task from assembly "C:\Program Files\dotnet\sdk\9.0.305\Sdks\Microsoft.SourceLink.GitLab\build\..\tools\net\Microsoft.SourceLink.GitLab.dll".
       Task "Microsoft.SourceLink.GitLab.GetSourceLinkUrl"
       C:\Program Files\dotnet\sdk\9.0.305\Sdks\Microsoft.SourceLink.GitLab\build\Microsoft.SourceLink.GitLab.targets(37,7): message : Property reassignment: $(_SourceLinkUrlToUpdate)="N/A" (previous value: "https://raw.githubusercontent.com/hisham-CSS/TestNetworkingGame/931d54a4454a5b26ac4ddeff6dc3ea11732177f2/*") at C:\Program Files\dotnet\sdk\9.0.305\Sdks\Microsoft.SourceLink.GitLab\build\Microsoft.SourceLink.GitLab.targets (37,7) [C:\Users\hisha\Documents\Bomberman\Bomberman.csproj]
       Done executing task "Microsoft.SourceLink.GitLab.GetSourceLinkUrl".
   1:7>Done building target "_InitializeGitLabSourceLinkUrl" in project "Bomberman.csproj".
   1:7>Target "_InitializeGitLabSourceLinkUrl" in file "C:\Program Files\dotnet\sdk\9.0.305\Sdks\Microsoft.SourceLink.GitLab\build\Microsoft.SourceLink.GitLab.targets" from project "C:\Users\hisha\Documents\Bomberman\Bomberman.csproj" (target "_GenerateSourceLinkFile" depends on it):
       Building target "_InitializeGitLabSourceLinkUrl" completely.
       No input files were specified.
       Task "Microsoft.SourceLink.GitLab.GetSourceLinkUrl"
       C:\Program Files\dotnet\sdk\9.0.305\Sdks\Microsoft.SourceLink.GitLab\build\Microsoft.SourceLink.GitLab.targets(37,7): message : Property reassignment: $(_SourceLinkUrlToUpdate)="N/A" (previous value: "https://raw.githubusercontent.com/hisham-CSS/TestNetworkingGame/931d54a4454a5b26ac4ddeff6dc3ea11732177f2/*") at C:\Program Files\dotnet\sdk\9.0.305\Sdks\Microsoft.SourceLink.GitLab\build\Microsoft.SourceLink.GitLab.targets (37,7) [C:\Users\hisha\Documents\Bomberman\Bomberman.csproj]
       Done executing task "Microsoft.SourceLink.GitLab.GetSourceLinkUrl".
   1:7>Done building target "_InitializeGitLabSourceLinkUrl" in project "Bomberman.csproj".
   1:7>Target "_InitializeGitLabSourceLinkUrl" in file "C:\Program Files\dotnet\sdk\9.0.305\Sdks\Microsoft.SourceLink.GitLab\build\Microsoft.SourceLink.GitLab.targets" from project "C:\Users\hisha\Documents\Bomberman\Bomberman.csproj" (target "_GenerateSourceLinkFile" depends on it):
       Building target "_InitializeGitLabSourceLinkUrl" completely.
       No input files were specified.
       Task "Microsoft.SourceLink.GitLab.GetSourceLinkUrl"
       C:\Program Files\dotnet\sdk\9.0.305\Sdks\Microsoft.SourceLink.GitLab\build\Microsoft.SourceLink.GitLab.targets(37,7): message : Property reassignment: $(_SourceLinkUrlToUpdate)="N/A" (previous value: "https://raw.githubusercontent.com/hisham-CSS/TestNetworkingGame/931d54a4454a5b26ac4ddeff6dc3ea11732177f2/*") at C:\Program Files\dotnet\sdk\9.0.305\Sdks\Microsoft.SourceLink.GitLab\build\Microsoft.SourceLink.GitLab.targets (37,7) [C:\Users\hisha\Documents\Bomberman\Bomberman.csproj]
       Done executing task "Microsoft.SourceLink.GitLab.GetSourceLinkUrl".
   1:7>Done building target "_InitializeGitLabSourceLinkUrl" in project "Bomberman.csproj".
   1:7>Target "_InitializeAzureReposGitSourceLinkUrl" in file "C:\Program Files\dotnet\sdk\9.0.305\Sdks\Microsoft.SourceLink.AzureRepos.Git\build\Microsoft.SourceLink.AzureRepos.Git.targets" from project "C:\Users\hisha\Documents\Bomberman\Bomberman.csproj" (target "_GenerateSourceLinkFile" depends on it):
       Building target "_InitializeAzureReposGitSourceLinkUrl" completely.
       No input files were specified.
       Using "Microsoft.SourceLink.AzureRepos.Git.GetSourceLinkUrl" task from assembly "C:\Program Files\dotnet\sdk\9.0.305\Sdks\Microsoft.SourceLink.AzureRepos.Git\build\..\tools\net\Microsoft.SourceLink.AzureRepos.Git.dll".
       Task "Microsoft.SourceLink.AzureRepos.Git.GetSourceLinkUrl"
       Done executing task "Microsoft.SourceLink.AzureRepos.Git.GetSourceLinkUrl".
   1:7>Done building target "_InitializeAzureReposGitSourceLinkUrl" in project "Bomberman.csproj".
   1:7>Target "_InitializeAzureReposGitSourceLinkUrl" in file "C:\Program Files\dotnet\sdk\9.0.305\Sdks\Microsoft.SourceLink.AzureRepos.Git\build\Microsoft.SourceLink.AzureRepos.Git.targets" from project "C:\Users\hisha\Documents\Bomberman\Bomberman.csproj" (target "_GenerateSourceLinkFile" depends on it):
       Building target "_InitializeAzureReposGitSourceLinkUrl" completely.
       No input files were specified.
       Task "Microsoft.SourceLink.AzureRepos.Git.GetSourceLinkUrl"
       Done executing task "Microsoft.SourceLink.AzureRepos.Git.GetSourceLinkUrl".
   1:7>Done building target "_InitializeAzureReposGitSourceLinkUrl" in project "Bomberman.csproj".
   1:7>Target "_InitializeAzureReposGitSourceLinkUrl" in file "C:\Program Files\dotnet\sdk\9.0.305\Sdks\Microsoft.SourceLink.AzureRepos.Git\build\Microsoft.SourceLink.AzureRepos.Git.targets" from project "C:\Users\hisha\Documents\Bomberman\Bomberman.csproj" (target "_GenerateSourceLinkFile" depends on it):
       Building target "_InitializeAzureReposGitSourceLinkUrl" completely.
       No input files were specified.
       Task "Microsoft.SourceLink.AzureRepos.Git.GetSourceLinkUrl"
       Done executing task "Microsoft.SourceLink.AzureRepos.Git.GetSourceLinkUrl".
   1:7>Done building target "_InitializeAzureReposGitSourceLinkUrl" in project "Bomberman.csproj".
   1:7>Target "_InitializeBitbucketGitSourceLinkUrl" in file "C:\Program Files\dotnet\sdk\9.0.305\Sdks\Microsoft.SourceLink.Bitbucket.Git\build\Microsoft.SourceLink.Bitbucket.Git.targets" from project "C:\Users\hisha\Documents\Bomberman\Bomberman.csproj" (target "_GenerateSourceLinkFile" depends on it):
       Building target "_InitializeBitbucketGitSourceLinkUrl" completely.
       No input files were specified.
       Using "Microsoft.SourceLink.Bitbucket.Git.GetSourceLinkUrl" task from assembly "C:\Program Files\dotnet\sdk\9.0.305\Sdks\Microsoft.SourceLink.Bitbucket.Git\build\..\tools\net\Microsoft.SourceLink.Bitbucket.Git.dll".
       Task "Microsoft.SourceLink.Bitbucket.Git.GetSourceLinkUrl"
       Done executing task "Microsoft.SourceLink.Bitbucket.Git.GetSourceLinkUrl".
   1:7>Done building target "_InitializeBitbucketGitSourceLinkUrl" in project "Bomberman.csproj".
   1:7>Target "_InitializeBitbucketGitSourceLinkUrl" in file "C:\Program Files\dotnet\sdk\9.0.305\Sdks\Microsoft.SourceLink.Bitbucket.Git\build\Microsoft.SourceLink.Bitbucket.Git.targets" from project "C:\Users\hisha\Documents\Bomberman\Bomberman.csproj" (target "_GenerateSourceLinkFile" depends on it):
       Building target "_InitializeBitbucketGitSourceLinkUrl" completely.
       No input files were specified.
       Task "Microsoft.SourceLink.Bitbucket.Git.GetSourceLinkUrl"
       Done executing task "Microsoft.SourceLink.Bitbucket.Git.GetSourceLinkUrl".
   1:7>Done building target "_InitializeBitbucketGitSourceLinkUrl" in project "Bomberman.csproj".
   1:7>Target "_InitializeBitbucketGitSourceLinkUrl" in file "C:\Program Files\dotnet\sdk\9.0.305\Sdks\Microsoft.SourceLink.Bitbucket.Git\build\Microsoft.SourceLink.Bitbucket.Git.targets" from project "C:\Users\hisha\Documents\Bomberman\Bomberman.csproj" (target "_GenerateSourceLinkFile" depends on it):
       Building target "_InitializeBitbucketGitSourceLinkUrl" completely.
       No input files were specified.
       Task "Microsoft.SourceLink.Bitbucket.Git.GetSourceLinkUrl"
       Done executing task "Microsoft.SourceLink.Bitbucket.Git.GetSourceLinkUrl".
   1:7>Done building target "_InitializeBitbucketGitSourceLinkUrl" in project "Bomberman.csproj".
   1:7>Target "_GenerateSourceLinkFile" in file "C:\Program Files\dotnet\sdk\9.0.305\Sdks\Microsoft.SourceLink.Common\build\Microsoft.SourceLink.Common.targets" from project "C:\Users\hisha\Documents\Bomberman\Bomberman.csproj" (target "GenerateSourceLinkFile" depends on it):
       Building target "_GenerateSourceLinkFile" completely.
       No input files were specified.
       Using "Microsoft.SourceLink.Common.GenerateSourceLinkFile" task from assembly "C:\Program Files\dotnet\sdk\9.0.305\Sdks\Microsoft.SourceLink.Common\build\..\tools\net\Microsoft.SourceLink.Common.dll".
       Task "Microsoft.SourceLink.Common.GenerateSourceLinkFile"
         Source Link file 'obj\Debug\net9.0\Bomberman.sourcelink.json' is up-to-date.
       Done executing task "Microsoft.SourceLink.Common.GenerateSourceLinkFile".
   1:7>Done building target "_GenerateSourceLinkFile" in project "Bomberman.csproj".
   1:7>Target "GenerateSourceLinkFile" in file "C:\Program Files\dotnet\sdk\9.0.305\Sdks\Microsoft.SourceLink.Common\build\Microsoft.SourceLink.Common.targets" from project "C:\Users\hisha\Documents\Bomberman\Bomberman.csproj" (target "CoreCompile" depends on it):
   1:7>Done building target "GenerateSourceLinkFile" in project "Bomberman.csproj".
   1:7>Target "AddGlobalAnalyzerConfigForPackage_MicrosoftCodeAnalysisNetAnalyzers" in file "C:\Program Files\dotnet\sdk\9.0.305\Sdks\Microsoft.NET.Sdk\analyzers\build\Microsoft.CodeAnalysis.NetAnalyzers.targets" from project "C:\Users\hisha\Documents\Bomberman\Bomberman.csproj" (target "CoreCompile" depends on it):
   1:7>Done building target "AddGlobalAnalyzerConfigForPackage_MicrosoftCodeAnalysisNetAnalyzers" in project "Bomberman.csproj".
       Target "AddGlobalAnalyzerConfigForPackage_MicrosoftCodeAnalysisNetAnalyzersDesign" skipped, due to false condition; ('$(SkipGlobalAnalyzerConfigForPackage)' != 'true' and ('$(AnalysisLevelDesign)' != '' or '$(AnalysisModeDesign)' != '')) was evaluated as ('' != 'true' and ('' != '' or '' != '')).
       Target "AddGlobalAnalyzerConfigForPackage_MicrosoftCodeAnalysisNetAnalyzersDocumentation" skipped, due to false condition; ('$(SkipGlobalAnalyzerConfigForPackage)' != 'true' and ('$(AnalysisLevelDocumentation)' != '' or '$(AnalysisModeDocumentation)' != '')) was evaluated as ('' != 'true' and ('' != '' or '' != '')).
       Target "AddGlobalAnalyzerConfigForPackage_MicrosoftCodeAnalysisNetAnalyzersGlobalization" skipped, due to false condition; ('$(SkipGlobalAnalyzerConfigForPackage)' != 'true' and ('$(AnalysisLevelGlobalization)' != '' or '$(AnalysisModeGlobalization)' != '')) was evaluated as ('' != 'true' and ('' != '' or '' != '')).
       Target "AddGlobalAnalyzerConfigForPackage_MicrosoftCodeAnalysisNetAnalyzersInteroperability" skipped, due to false condition; ('$(SkipGlobalAnalyzerConfigForPackage)' != 'true' and ('$(AnalysisLevelInteroperability)' != '' or '$(AnalysisModeInteroperability)' != '')) was evaluated as ('' != 'true' and ('' != '' or '' != '')).
       Target "AddGlobalAnalyzerConfigForPackage_MicrosoftCodeAnalysisNetAnalyzersMaintainability" skipped, due to false condition; ('$(SkipGlobalAnalyzerConfigForPackage)' != 'true' and ('$(AnalysisLevelMaintainability)' != '' or '$(AnalysisModeMaintainability)' != '')) was evaluated as ('' != 'true' and ('' != '' or '' != '')).
       Target "AddGlobalAnalyzerConfigForPackage_MicrosoftCodeAnalysisNetAnalyzersNaming" skipped, due to false condition; ('$(SkipGlobalAnalyzerConfigForPackage)' != 'true' and ('$(AnalysisLevelNaming)' != '' or '$(AnalysisModeNaming)' != '')) was evaluated as ('' != 'true' and ('' != '' or '' != '')).
       Target "AddGlobalAnalyzerConfigForPackage_MicrosoftCodeAnalysisNetAnalyzersPerformance" skipped, due to false condition; ('$(SkipGlobalAnalyzerConfigForPackage)' != 'true' and ('$(AnalysisLevelPerformance)' != '' or '$(AnalysisModePerformance)' != '')) was evaluated as ('' != 'true' and ('' != '' or '' != '')).
       Target "AddGlobalAnalyzerConfigForPackage_MicrosoftCodeAnalysisNetAnalyzersReliability" skipped, due to false condition; ('$(SkipGlobalAnalyzerConfigForPackage)' != 'true' and ('$(AnalysisLevelReliability)' != '' or '$(AnalysisModeReliability)' != '')) was evaluated as ('' != 'true' and ('' != '' or '' != '')).
       Target "AddGlobalAnalyzerConfigForPackage_MicrosoftCodeAnalysisNetAnalyzersSecurity" skipped, due to false condition; ('$(SkipGlobalAnalyzerConfigForPackage)' != 'true' and ('$(AnalysisLevelSecurity)' != '' or '$(AnalysisModeSecurity)' != '')) was evaluated as ('' != 'true' and ('' != '' or '' != '')).
       Target "AddGlobalAnalyzerConfigForPackage_MicrosoftCodeAnalysisNetAnalyzersUsage" skipped, due to false condition; ('$(SkipGlobalAnalyzerConfigForPackage)' != 'true' and ('$(AnalysisLevelUsage)' != '' or '$(AnalysisModeUsage)' != '')) was evaluated as ('' != 'true' and ('' != '' or '' != '')).
       Target "_CodeAnalysisTreatWarningsAsErrors" skipped, due to false condition; ('$(DesignTimeBuild)' == 'true' OR '$(BuildingProject)' != 'true') was evaluated as ('' == 'true' OR 'true' != 'true').
   1:7>Target "CoreCompile" in file "C:\Program Files\dotnet\sdk\9.0.305\Roslyn\Microsoft.CSharp.Core.targets" from project "C:\Users\hisha\Documents\Bomberman\Bomberman.csproj" (target "Compile" depends on it):
       Building target "CoreCompile" completely.
       Input file "Program.cs" is newer than output file "obj\Debug\net9.0\Bomberman.pdb".
       C:\Program Files\dotnet\sdk\9.0.305\Roslyn\Microsoft.CSharp.Core.targets(66,7): message : Property reassignment: $(NoWarn)="1701;1702;1701;1702" (previous value: "1701;1702") at C:\Program Files\dotnet\sdk\9.0.305\Roslyn\Microsoft.CSharp.Core.targets (66,7) [C:\Users\hisha\Documents\Bomberman\Bomberman.csproj]
       Using "Csc" task from assembly "C:\Program Files\dotnet\sdk\9.0.305\Roslyn\Microsoft.Build.Tasks.CodeAnalysis.dll".
       Task "Csc"
         C:\Program Files\dotnet\dotnet.exe exec "C:\Program Files\dotnet\sdk\9.0.305\Roslyn\bincore\csc.dll" /noconfig /unsafe- /checked- /nowarn:1701,1702,1701,1702 /fullpaths /nostdlib+ /errorreport:prompt /warn:9 /define:TRACE;DEBUG;NET;NET9_0;NETCOREAPP;NET5_0_OR_GREATER;NET6_0_OR_GREATER;NET7_0_OR_GREATER;NET8_0_OR_GREATER;NET9_0_OR_GREATER;NETCOREAPP1_0_OR_GREATER;NETCOREAPP1_1_OR_GREATER;NETCOREAPP2_0_OR_GREATER;NETCOREAPP2_1_OR_GREATER;NETCOREAPP2_2_OR_GREATER;NETCOREAPP3_0_OR_GREATER;NETCOREAPP3_1_OR_GREATER /highentropyva+ /nullable:enable /reference:"C:\Program Files\dotnet\packs\Microsoft.NETCore.App.Ref\9.0.9\ref\net9.0\Microsoft.CSharp.dll" /reference:"C:\Program Files\dotnet\packs\Microsoft.NETCore.App.Ref\9.0.9\ref\net9.0\Microsoft.VisualBasic.Core.dll" /reference:"C:\Program Files\dotnet\packs\Microsoft.NETCore.App.Ref\9.0.9\ref\net9.0\Microsoft.VisualBasic.dll" /reference:"C:\Program Files\dotnet\packs\Microsoft.NETCore.App.Ref\9.0.9\ref\net9.0\Microsoft.Win32.Primitives.dll" /reference:"C:\Program Files\dotnet\packs\Microsoft.NETCore.App.Ref\9.0.9\ref\net9.0\Microsoft.Win32.Registry.dll" /reference:C:\Users\hisha\.nuget\packages\monogame.framework.desktopgl\3.8.4.1\lib\net8.0\MonoGame.Framework.dll /reference:"C:\Program Files\dotnet\packs\Microsoft.NETCore.App.Ref\9.0.9\ref\net9.0\mscorlib.dll" /reference:"C:\Program Files\dotnet\packs\Microsoft.NETCore.App.Ref\9.0.9\ref\net9.0\netstandard.dll" /reference:C:\Users\hisha\.nuget\packages\nvorbis\0.10.4\lib\netstandard2.0\NVorbis.dll /reference:"C:\Program Files\dotnet\packs\Microsoft.NETCore.App.Ref\9.0.9\ref\net9.0\System.AppContext.dll" /reference:"C:\Program Files\dotnet\packs\Microsoft.NETCore.App.Ref\9.0.9\ref\net9.0\System.Buffers.dll" /reference:"C:\Program Files\dotnet\packs\Microsoft.NETCore.App.Ref\9.0.9\ref\net9.0\System.Collections.Concurrent.dll" /reference:"C:\Program Files\dotnet\packs\Microsoft.NETCore.App.Ref\9.0.9\ref\net9.0\System.Collections.dll" /reference:"C:\Program Files\dotnet\packs\Microsoft.NETCore.App.Ref\9.0.9\ref\net9.0\System.Collections.Immutable.dll" /reference:"C:\Program Files\dotnet\packs\Microsoft.NETCore.App.Ref\9.0.9\ref\net9.0\System.Collections.NonGeneric.dll" /reference:"C:\Program Files\dotnet\packs\Microsoft.NETCore.App.Ref\9.0.9\ref\net9.0\System.Collections.Specialized.dll" /reference:"C:\Program Files\dotnet\packs\Microsoft.NETCore.App.Ref\9.0.9\ref\net9.0\System.ComponentModel.Annotations.dll" /reference:"C:\Program Files\dotnet\packs\Microsoft.NETCore.App.Ref\9.0.9\ref\net9.0\System.ComponentModel.DataAnnotations.dll" /reference:"C:\Program Files\dotnet\packs\Microsoft.NETCore.App.Ref\9.0.9\ref\net9.0\System.ComponentModel.dll" /reference:"C:\Program Files\dotnet\packs\Microsoft.NETCore.App.Ref\9.0.9\ref\net9.0\System.ComponentModel.EventBasedAsync.dll" /reference:"C:\Program Files\dotnet\packs\Microsoft.NETCore.App.Ref\9.0.9\ref\net9.0\System.ComponentModel.Primitives.dll" /reference:"C:\Program Files\dotnet\packs\Microsoft.NETCore.App.Ref\9.0.9\ref\net9.0\System.ComponentModel.TypeConverter.dll" /reference:"C:\Program Files\dotnet\packs\Microsoft.NETCore.App.Ref\9.0.9\ref\net9.0\System.Configuration.dll" /reference:"C:\Program Files\dotnet\packs\Microsoft.NETCore.App.Ref\9.0.9\ref\net9.0\System.Console.dll" /reference:"C:\Program Files\dotnet\packs\Microsoft.NETCore.App.Ref\9.0.9\ref\net9.0\System.Core.dll" /reference:"C:\Program Files\dotnet\packs\Microsoft.NETCore.App.Ref\9.0.9\ref\net9.0\System.Data.Common.dll" /reference:"C:\Program Files\dotnet\packs\Microsoft.NETCore.App.Ref\9.0.9\ref\net9.0\System.Data.DataSetExtensions.dll" /reference:"C:\Program Files\dotnet\packs\Microsoft.NETCore.App.Ref\9.0.9\ref\net9.0\System.Data.dll" /reference:"C:\Program Files\dotnet\packs\Microsoft.NETCore.App.Ref\9.0.9\ref\net9.0\System.Diagnostics.Contracts.dll" /reference:"C:\Program Files\dotnet\packs\Microsoft.NETCore.App.Ref\9.0.9\ref\net9.0\System.Diagnostics.Debug.dll" /reference:"C:\Program Files\dotnet\packs\Microsoft.NETCore.App.Ref\9.0.9\ref\net9.0\System.Diagnostics.DiagnosticSource.dll" /reference:"C:\Program Files\dotnet\packs\Microsoft.NETCore.App.Ref\9.0.9\ref\net9.0\System.Diagnostics.FileVersionInfo.dll" /reference:"C:\Program Files\dotnet\packs\Microsoft.NETCore.App.Ref\9.0.9\ref\net9.0\System.Diagnostics.Process.dll" /reference:"C:\Program Files\dotnet\packs\Microsoft.NETCore.App.Ref\9.0.9\ref\net9.0\System.Diagnostics.StackTrace.dll" /reference:"C:\Program Files\dotnet\packs\Microsoft.NETCore.App.Ref\9.0.9\ref\net9.0\System.Diagnostics.TextWriterTraceListener.dll" /reference:"C:\Program Files\dotnet\packs\Microsoft.NETCore.App.Ref\9.0.9\ref\net9.0\System.Diagnostics.Tools.dll" /reference:"C:\Program Files\dotnet\packs\Microsoft.NETCore.App.Ref\9.0.9\ref\net9.0\System.Diagnostics.TraceSource.dll" /reference:"C:\Program Files\dotnet\packs\Microsoft.NETCore.App.Ref\9.0.9\ref\net9.0\System.Diagnostics.Tracing.dll" /reference:"C:\Program Files\dotnet\packs\Microsoft.NETCore.App.Ref\9.0.9\ref\net9.0\System.dll" /reference:"C:\Program Files\dotnet\packs\Microsoft.NETCore.App.Ref\9.0.9\ref\net9.0\System.Drawing.dll" /reference:"C:\Program Files\dotnet\packs\Microsoft.NETCore.App.Ref\9.0.9\ref\net9.0\System.Drawing.Primitives.dll" /reference:"C:\Program Files\dotnet\packs\Microsoft.NETCore.App.Ref\9.0.9\ref\net9.0\System.Dynamic.Runtime.dll" /reference:"C:\Program Files\dotnet\packs\Microsoft.NETCore.App.Ref\9.0.9\ref\net9.0\System.Formats.Asn1.dll" /reference:"C:\Program Files\dotnet\packs\Microsoft.NETCore.App.Ref\9.0.9\ref\net9.0\System.Formats.Tar.dll" /reference:"C:\Program Files\dotnet\packs\Microsoft.NETCore.App.Ref\9.0.9\ref\net9.0\System.Globalization.Calendars.dll" /reference:"C:\Program Files\dotnet\packs\Microsoft.NETCore.App.Ref\9.0.9\ref\net9.0\System.Globalization.dll" /reference:"C:\Program Files\dotnet\packs\Microsoft.NETCore.App.Ref\9.0.9\ref\net9.0\System.Globalization.Extensions.dll" /reference:"C:\Program Files\dotnet\packs\Microsoft.NETCore.App.Ref\9.0.9\ref\net9.0\System.IO.Compression.Brotli.dll" /reference:"C:\Program Files\dotnet\packs\Microsoft.NETCore.App.Ref\9.0.9\ref\net9.0\System.IO.Compression.dll" /reference:"C:\Program Files\dotnet\packs\Microsoft.NETCore.App.Ref\9.0.9\ref\net9.0\System.IO.Compression.FileSystem.dll" /reference:"C:\Program Files\dotnet\packs\Microsoft.NETCore.App.Ref\9.0.9\ref\net9.0\System.IO.Compression.ZipFile.dll" /reference:"C:\Program Files\dotnet\packs\Microsoft.NETCore.App.Ref\9.0.9\ref\net9.0\System.IO.dll" /reference:"C:\Program Files\dotnet\packs\Microsoft.NETCore.App.Ref\9.0.9\ref\net9.0\System.IO.FileSystem.AccessControl.dll" /reference:"C:\Program Files\dotnet\packs\Microsoft.NETCore.App.Ref\9.0.9\ref\net9.0\System.IO.FileSystem.dll" /reference:"C:\Program Files\dotnet\packs\Microsoft.NETCore.App.Ref\9.0.9\ref\net9.0\System.IO.FileSystem.DriveInfo.dll" /reference:"C:\Program Files\dotnet\packs\Microsoft.NETCore.App.Ref\9.0.9\ref\net9.0\System.IO.FileSystem.Primitives.dll" /reference:"C:\Program Files\dotnet\packs\Microsoft.NETCore.App.Ref\9.0.9\ref\net9.0\System.IO.FileSystem.Watcher.dll" /reference:"C:\Program Files\dotnet\packs\Microsoft.NETCore.App.Ref\9.0.9\ref\net9.0\System.IO.IsolatedStorage.dll" /reference:"C:\Program Files\dotnet\packs\Microsoft.NETCore.App.Ref\9.0.9\ref\net9.0\System.IO.MemoryMappedFiles.dll" /reference:"C:\Program Files\dotnet\packs\Microsoft.NETCore.App.Ref\9.0.9\ref\net9.0\System.IO.Pipelines.dll" /reference:"C:\Program Files\dotnet\packs\Microsoft.NETCore.App.Ref\9.0.9\ref\net9.0\System.IO.Pipes.AccessControl.dll" /reference:"C:\Program Files\dotnet\packs\Microsoft.NETCore.App.Ref\9.0.9\ref\net9.0\System.IO.Pipes.dll" /reference:"C:\Program Files\dotnet\packs\Microsoft.NETCore.App.Ref\9.0.9\ref\net9.0\System.IO.UnmanagedMemoryStream.dll" /reference:"C:\Program Files\dotnet\packs\Microsoft.NETCore.App.Ref\9.0.9\ref\net9.0\System.Linq.dll" /reference:"C:\Program Files\dotnet\packs\Microsoft.NETCore.App.Ref\9.0.9\ref\net9.0\System.Linq.Expressions.dll" /reference:"C:\Program Files\dotnet\packs\Microsoft.NETCore.App.Ref\9.0.9\ref\net9.0\System.Linq.Parallel.dll" /reference:"C:\Program Files\dotnet\packs\Microsoft.NETCore.App.Ref\9.0.9\ref\net9.0\System.Linq.Queryable.dll" /reference:"C:\Program Files\dotnet\packs\Microsoft.NETCore.App.Ref\9.0.9\ref\net9.0\System.Memory.dll" /reference:"C:\Program Files\dotnet\packs\Microsoft.NETCore.App.Ref\9.0.9\ref\net9.0\System.Net.dll" /reference:"C:\Program Files\dotnet\packs\Microsoft.NETCore.App.Ref\9.0.9\ref\net9.0\System.Net.Http.dll" /reference:"C:\Program Files\dotnet\packs\Microsoft.NETCore.App.Ref\9.0.9\ref\net9.0\System.Net.Http.Json.dll" /reference:"C:\Program Files\dotnet\packs\Microsoft.NETCore.App.Ref\9.0.9\ref\net9.0\System.Net.HttpListener.dll" /reference:"C:\Program Files\dotnet\packs\Microsoft.NETCore.App.Ref\9.0.9\ref\net9.0\System.Net.Mail.dll" /reference:"C:\Program Files\dotnet\packs\Microsoft.NETCore.App.Ref\9.0.9\ref\net9.0\System.Net.NameResolution.dll" /reference:"C:\Program Files\dotnet\packs\Microsoft.NETCore.App.Ref\9.0.9\ref\net9.0\System.Net.NetworkInformation.dll" /reference:"C:\Program Files\dotnet\packs\Microsoft.NETCore.App.Ref\9.0.9\ref\net9.0\System.Net.Ping.dll" /reference:"C:\Program Files\dotnet\packs\Microsoft.NETCore.App.Ref\9.0.9\ref\net9.0\System.Net.Primitives.dll" /reference:"C:\Program Files\dotnet\packs\Microsoft.NETCore.App.Ref\9.0.9\ref\net9.0\System.Net.Quic.dll" /reference:"C:\Program Files\dotnet\packs\Microsoft.NETCore.App.Ref\9.0.9\ref\net9.0\System.Net.Requests.dll" /reference:"C:\Program Files\dotnet\packs\Microsoft.NETCore.App.Ref\9.0.9\ref\net9.0\System.Net.Security.dll" /reference:"C:\Program Files\dotnet\packs\Microsoft.NETCore.App.Ref\9.0.9\ref\net9.0\System.Net.ServicePoint.dll" /reference:"C:\Program Files\dotnet\packs\Microsoft.NETCore.App.Ref\9.0.9\ref\net9.0\System.Net.Sockets.dll" /reference:"C:\Program Files\dotnet\packs\Microsoft.NETCore.App.Ref\9.0.9\ref\net9.0\System.Net.WebClient.dll" /reference:"C:\Program Files\dotnet\packs\Microsoft.NETCore.App.Ref\9.0.9\ref\net9.0\System.Net.WebHeaderCollection.dll" /reference:"C:\Program Files\dotnet\packs\Microsoft.NETCore.App.Ref\9.0.9\ref\net9.0\System.Net.WebProxy.dll" /reference:"C:\Program Files\dotnet\packs\Microsoft.NETCore.App.Ref\9.0.9\ref\net9.0\System.Net.WebSockets.Client.dll" /reference:"C:\Program Files\dotnet\packs\Microsoft.NETCore.App.Ref\9.0.9\ref\net9.0\System.Net.WebSockets.dll" /reference:"C:\Program Files\dotnet\packs\Microsoft.NETCore.App.Ref\9.0.9\ref\net9.0\System.Numerics.dll" /reference:"C:\Program Files\dotnet\packs\Microsoft.NETCore.App.Ref\9.0.9\ref\net9.0\System.Numerics.Vectors.dll" /reference:"C:\Program Files\dotnet\packs\Microsoft.NETCore.App.Ref\9.0.9\ref\net9.0\System.ObjectModel.dll" /reference:"C:\Program Files\dotnet\packs\Microsoft.NETCore.App.Ref\9.0.9\ref\net9.0\System.Reflection.DispatchProxy.dll" /reference:"C:\Program Files\dotnet\packs\Microsoft.NETCore.App.Ref\9.0.9\ref\net9.0\System.Reflection.dll" /reference:"C:\Program Files\dotnet\packs\Microsoft.NETCore.App.Ref\9.0.9\ref\net9.0\System.Reflection.Emit.dll" /reference:"C:\Program Files\dotnet\packs\Microsoft.NETCore.App.Ref\9.0.9\ref\net9.0\System.Reflection.Emit.ILGeneration.dll" /reference:"C:\Program Files\dotnet\packs\Microsoft.NETCore.App.Ref\9.0.9\ref\net9.0\System.Reflection.Emit.Lightweight.dll" /reference:"C:\Program Files\dotnet\packs\Microsoft.NETCore.App.Ref\9.0.9\ref\net9.0\System.Reflection.Extensions.dll" /reference:"C:\Program Files\dotnet\packs\Microsoft.NETCore.App.Ref\9.0.9\ref\net9.0\System.Reflection.Metadata.dll" /reference:"C:\Program Files\dotnet\packs\Microsoft.NETCore.App.Ref\9.0.9\ref\net9.0\System.Reflection.Primitives.dll" /reference:"C:\Program Files\dotnet\packs\Microsoft.NETCore.App.Ref\9.0.9\ref\net9.0\System.Reflection.TypeExtensions.dll" /reference:"C:\Program Files\dotnet\packs\Microsoft.NETCore.App.Ref\9.0.9\ref\net9.0\System.Resources.Reader.dll" /reference:"C:\Program Files\dotnet\packs\Microsoft.NETCore.App.Ref\9.0.9\ref\net9.0\System.Resources.ResourceManager.dll" /reference:"C:\Program Files\dotnet\packs\Microsoft.NETCore.App.Ref\9.0.9\ref\net9.0\System.Resources.Writer.dll" /reference:"C:\Program Files\dotnet\packs\Microsoft.NETCore.App.Ref\9.0.9\ref\net9.0\System.Runtime.CompilerServices.Unsafe.dll" /reference:"C:\Program Files\dotnet\packs\Microsoft.NETCore.App.Ref\9.0.9\ref\net9.0\System.Runtime.CompilerServices.VisualC.dll" /reference:"C:\Program Files\dotnet\packs\Microsoft.NETCore.App.Ref\9.0.9\ref\net9.0\System.Runtime.dll" /reference:"C:\Program Files\dotnet\packs\Microsoft.NETCore.App.Ref\9.0.9\ref\net9.0\System.Runtime.Extensions.dll" /reference:"C:\Program Files\dotnet\packs\Microsoft.NETCore.App.Ref\9.0.9\ref\net9.0\System.Runtime.Handles.dll" /reference:"C:\Program Files\dotnet\packs\Microsoft.NETCore.App.Ref\9.0.9\ref\net9.0\System.Runtime.InteropServices.dll" /reference:"C:\Program Files\dotnet\packs\Microsoft.NETCore.App.Ref\9.0.9\ref\net9.0\System.Runtime.InteropServices.JavaScript.dll" /reference:"C:\Program Files\dotnet\packs\Microsoft.NETCore.App.Ref\9.0.9\ref\net9.0\System.Runtime.InteropServices.RuntimeInformation.dll" /reference:"C:\Program Files\dotnet\packs\Microsoft.NETCore.App.Ref\9.0.9\ref\net9.0\System.Runtime.Intrinsics.dll" /reference:"C:\Program Files\dotnet\packs\Microsoft.NETCore.App.Ref\9.0.9\ref\net9.0\System.Runtime.Loader.dll" /reference:"C:\Program Files\dotnet\packs\Microsoft.NETCore.App.Ref\9.0.9\ref\net9.0\System.Runtime.Numerics.dll" /reference:"C:\Program Files\dotnet\packs\Microsoft.NETCore.App.Ref\9.0.9\ref\net9.0\System.Runtime.Serialization.dll" /reference:"C:\Program Files\dotnet\packs\Microsoft.NETCore.App.Ref\9.0.9\ref\net9.0\System.Runtime.Serialization.Formatters.dll" /reference:"C:\Program Files\dotnet\packs\Microsoft.NETCore.App.Ref\9.0.9\ref\net9.0\System.Runtime.Serialization.Json.dll" /reference:"C:\Program Files\dotnet\packs\Microsoft.NETCore.App.Ref\9.0.9\ref\net9.0\System.Runtime.Serialization.Primitives.dll" /reference:"C:\Program Files\dotnet\packs\Microsoft.NETCore.App.Ref\9.0.9\ref\net9.0\System.Runtime.Serialization.Xml.dll" /reference:"C:\Program Files\dotnet\packs\Microsoft.NETCore.App.Ref\9.0.9\ref\net9.0\System.Security.AccessControl.dll" /reference:"C:\Program Files\dotnet\packs\Microsoft.NETCore.App.Ref\9.0.9\ref\net9.0\System.Security.Claims.dll" /reference:"C:\Program Files\dotnet\packs\Microsoft.NETCore.App.Ref\9.0.9\ref\net9.0\System.Security.Cryptography.Algorithms.dll" /reference:"C:\Program Files\dotnet\packs\Microsoft.NETCore.App.Ref\9.0.9\ref\net9.0\System.Security.Cryptography.Cng.dll" /reference:"C:\Program Files\dotnet\packs\Microsoft.NETCore.App.Ref\9.0.9\ref\net9.0\System.Security.Cryptography.Csp.dll" /reference:"C:\Program Files\dotnet\packs\Microsoft.NETCore.App.Ref\9.0.9\ref\net9.0\System.Security.Cryptography.dll" /reference:"C:\Program Files\dotnet\packs\Microsoft.NETCore.App.Ref\9.0.9\ref\net9.0\System.Security.Cryptography.Encoding.dll" /reference:"C:\Program Files\dotnet\packs\Microsoft.NETCore.App.Ref\9.0.9\ref\net9.0\System.Security.Cryptography.OpenSsl.dll" /reference:"C:\Program Files\dotnet\packs\Microsoft.NETCore.App.Ref\9.0.9\ref\net9.0\System.Security.Cryptography.Primitives.dll" /reference:"C:\Program Files\dotnet\packs\Microsoft.NETCore.App.Ref\9.0.9\ref\net9.0\System.Security.Cryptography.X509Certificates.dll" /reference:"C:\Program Files\dotnet\packs\Microsoft.NETCore.App.Ref\9.0.9\ref\net9.0\System.Security.dll" /reference:"C:\Program Files\dotnet\packs\Microsoft.NETCore.App.Ref\9.0.9\ref\net9.0\System.Security.Principal.dll" /reference:"C:\Program Files\dotnet\packs\Microsoft.NETCore.App.Ref\9.0.9\ref\net9.0\System.Security.Principal.Windows.dll" /reference:"C:\Program Files\dotnet\packs\Microsoft.NETCore.App.Ref\9.0.9\ref\net9.0\System.Security.SecureString.dll" /reference:"C:\Program Files\dotnet\packs\Microsoft.NETCore.App.Ref\9.0.9\ref\net9.0\System.ServiceModel.Web.dll" /reference:"C:\Program Files\dotnet\packs\Microsoft.NETCore.App.Ref\9.0.9\ref\net9.0\System.ServiceProcess.dll" /reference:"C:\Program Files\dotnet\packs\Microsoft.NETCore.App.Ref\9.0.9\ref\net9.0\System.Text.Encoding.CodePages.dll" /reference:"C:\Program Files\dotnet\packs\Microsoft.NETCore.App.Ref\9.0.9\ref\net9.0\System.Text.Encoding.dll" /reference:"C:\Program Files\dotnet\packs\Microsoft.NETCore.App.Ref\9.0.9\ref\net9.0\System.Text.Encoding.Extensions.dll" /reference:"C:\Program Files\dotnet\packs\Microsoft.NETCore.App.Ref\9.0.9\ref\net9.0\System.Text.Encodings.Web.dll" /reference:"C:\Program Files\dotnet\packs\Microsoft.NETCore.App.Ref\9.0.9\ref\net9.0\System.Text.Json.dll" /reference:"C:\Program Files\dotnet\packs\Microsoft.NETCore.App.Ref\9.0.9\ref\net9.0\System.Text.RegularExpressions.dll" /reference:"C:\Program Files\dotnet\packs\Microsoft.NETCore.App.Ref\9.0.9\ref\net9.0\System.Threading.Channels.dll" /reference:"C:\Program Files\dotnet\packs\Microsoft.NETCore.App.Ref\9.0.9\ref\net9.0\System.Threading.dll" /reference:"C:\Program Files\dotnet\packs\Microsoft.NETCore.App.Ref\9.0.9\ref\net9.0\System.Threading.Overlapped.dll" /reference:"C:\Program Files\dotnet\packs\Microsoft.NETCore.App.Ref\9.0.9\ref\net9.0\System.Threading.Tasks.Dataflow.dll" /reference:"C:\Program Files\dotnet\packs\Microsoft.NETCore.App.Ref\9.0.9\ref\net9.0\System.Threading.Tasks.dll" /reference:"C:\Program Files\dotnet\packs\Microsoft.NETCore.App.Ref\9.0.9\ref\net9.0\System.Threading.Tasks.Extensions.dll" /reference:"C:\Program Files\dotnet\packs\Microsoft.NETCore.App.Ref\9.0.9\ref\net9.0\System.Threading.Tasks.Parallel.dll" /reference:"C:\Program Files\dotnet\packs\Microsoft.NETCore.App.Ref\9.0.9\ref\net9.0\System.Threading.Thread.dll" /reference:"C:\Program Files\dotnet\packs\Microsoft.NETCore.App.Ref\9.0.9\ref\net9.0\System.Threading.ThreadPool.dll" /reference:"C:\Program Files\dotnet\packs\Microsoft.NETCore.App.Ref\9.0.9\ref\net9.0\System.Threading.Timer.dll" /reference:"C:\Program Files\dotnet\packs\Microsoft.NETCore.App.Ref\9.0.9\ref\net9.0\System.Transactions.dll" /reference:"C:\Program Files\dotnet\packs\Microsoft.NETCore.App.Ref\9.0.9\ref\net9.0\System.Transactions.Local.dll" /reference:"C:\Program Files\dotnet\packs\Microsoft.NETCore.App.Ref\9.0.9\ref\net9.0\System.ValueTuple.dll" /reference:"C:\Program Files\dotnet\packs\Microsoft.NETCore.App.Ref\9.0.9\ref\net9.0\System.Web.dll" /reference:"C:\Program Files\dotnet\packs\Microsoft.NETCore.App.Ref\9.0.9\ref\net9.0\System.Web.HttpUtility.dll" /reference:"C:\Program Files\dotnet\packs\Microsoft.NETCore.App.Ref\9.0.9\ref\net9.0\System.Windows.dll" /reference:"C:\Program Files\dotnet\packs\Microsoft.NETCore.App.Ref\9.0.9\ref\net9.0\System.Xml.dll" /reference:"C:\Program Files\dotnet\packs\Microsoft.NETCore.App.Ref\9.0.9\ref\net9.0\System.Xml.Linq.dll" /reference:"C:\Program Files\dotnet\packs\Microsoft.NETCore.App.Ref\9.0.9\ref\net9.0\System.Xml.ReaderWriter.dll" /reference:"C:\Program Files\dotnet\packs\Microsoft.NETCore.App.Ref\9.0.9\ref\net9.0\System.Xml.Serialization.dll" /reference:"C:\Program Files\dotnet\packs\Microsoft.NETCore.App.Ref\9.0.9\ref\net9.0\System.Xml.XDocument.dll" /reference:"C:\Program Files\dotnet\packs\Microsoft.NETCore.App.Ref\9.0.9\ref\net9.0\System.Xml.XmlDocument.dll" /reference:"C:\Program Files\dotnet\packs\Microsoft.NETCore.App.Ref\9.0.9\ref\net9.0\System.Xml.XmlSerializer.dll" /reference:"C:\Program Files\dotnet\packs\Microsoft.NETCore.App.Ref\9.0.9\ref\net9.0\System.Xml.XPath.dll" /reference:"C:\Program Files\dotnet\packs\Microsoft.NETCore.App.Ref\9.0.9\ref\net9.0\System.Xml.XPath.XDocument.dll" /reference:"C:\Program Files\dotnet\packs\Microsoft.NETCore.App.Ref\9.0.9\ref\net9.0\WindowsBase.dll" /debug+ /debug:portable /filealign:512 /optimize- /out:obj\Debug\net9.0\Bomberman.dll /refout:obj\Debug\net9.0\refint\Bomberman.dll /target:exe /warnaserror- /utf8output /deterministic+ /sourcelink:obj\Debug\net9.0\Bomberman.sourcelink.json /langversion:13.0 /embed:obj\Debug\net9.0\Bomberman.GlobalUsings.g.cs /embed:"obj\Debug\net9.0\.NETCoreApp,Version=v9.0.AssemblyAttributes.cs" /embed:obj\Debug\net9.0\Bomberman.AssemblyInfo.cs /analyzerconfig:obj\Debug\net9.0\Bomberman.GeneratedMSBuildEditorConfig.editorconfig /analyzerconfig:"C:\Program Files\dotnet\sdk\9.0.305\Sdks\Microsoft.NET.Sdk\analyzers\build\config\analysislevel_9_default.globalconfig" /analyzer:"C:\Program Files\dotnet\sdk\9.0.305\Sdks\Microsoft.NET.Sdk\targets\..\analyzers\Microsoft.CodeAnalysis.CSharp.NetAnalyzers.dll" /analyzer:"C:\Program Files\dotnet\sdk\9.0.305\Sdks\Microsoft.NET.Sdk\targets\..\analyzers\Microsoft.CodeAnalysis.NetAnalyzers.dll" /analyzer:"C:\Program Files\dotnet\packs\Microsoft.NETCore.App.Ref\9.0.9\analyzers/dotnet/cs/Microsoft.Interop.ComInterfaceGenerator.dll" /analyzer:"C:\Program Files\dotnet\packs\Microsoft.NETCore.App.Ref\9.0.9\analyzers/dotnet/cs/Microsoft.Interop.JavaScript.JSImportGenerator.dll" /analyzer:"C:\Program Files\dotnet\packs\Microsoft.NETCore.App.Ref\9.0.9\analyzers/dotnet/cs/Microsoft.Interop.LibraryImportGenerator.dll" /analyzer:"C:\Program Files\dotnet\packs\Microsoft.NETCore.App.Ref\9.0.9\analyzers/dotnet/cs/Microsoft.Interop.SourceGeneration.dll" /analyzer:"C:\Program Files\dotnet\packs\Microsoft.NETCore.App.Ref\9.0.9\analyzers/dotnet/cs/System.Text.Json.SourceGeneration.dll" /analyzer:"C:\Program Files\dotnet\packs\Microsoft.NETCore.App.Ref\9.0.9\analyzers/dotnet/cs/System.Text.RegularExpressions.Generator.dll" Components.cs Entity.cs InputRecorder.cs NetworkManager.cs PixelFont.cs Program.cs Simulation.cs World.cs obj\Debug\net9.0\Bomberman.GlobalUsings.g.cs "obj\Debug\net9.0\.NETCoreApp,Version=v9.0.AssemblyAttributes.cs" obj\Debug\net9.0\Bomberman.AssemblyInfo.cs /warnaserror+:NU1605,SYSLIB0011
         Assembly loaded during TaskRun (Microsoft.CodeAnalysis.BuildTasks.Csc): System.IO.Pipes, Version=9.0.0.0, Culture=neutral, PublicKeyToken=b03f5f7f11d50a3a (location: C:\Program Files\dotnet\shared\Microsoft.NETCore.App\9.0.9\System.IO.Pipes.dll, MVID: 8712ec6e-81b6-4d46-b65c-ba990b76e9a4, AssemblyLoadContext: Default)
         Assembly loaded during TaskRun (Microsoft.CodeAnalysis.BuildTasks.Csc): System.Threading.Overlapped, Version=9.0.0.0, Culture=neutral, PublicKeyToken=b03f5f7f11d50a3a (location: C:\Program Files\dotnet\shared\Microsoft.NETCore.App\9.0.9\System.Threading.Overlapped.dll, MVID: 214a19b8-ec60-47fb-bafd-080f54265ed5, AssemblyLoadContext: Default)
         Assembly loaded during TaskRun (Microsoft.CodeAnalysis.BuildTasks.Csc): System.Security.AccessControl, Version=9.0.0.0, Culture=neutral, PublicKeyToken=b03f5f7f11d50a3a (location: C:\Program Files\dotnet\shared\Microsoft.NETCore.App\9.0.9\System.Security.AccessControl.dll, MVID: d06f7d91-72c5-489c-aefe-6387ae3e7957, AssemblyLoadContext: Default)
         Microsoft (R) Visual C# Compiler version 4.14.0-3.25413.5 (b828a8df)
         Copyright (C) Microsoft Corporation. All rights reserved.
   1:7>C:\Users\hisha\Documents\Bomberman\Program.cs(260,17): warning CS8602: Dereference of a possibly null reference. [C:\Users\hisha\Documents\Bomberman\Bomberman.csproj]
   1:7>C:\Users\hisha\Documents\Bomberman\Program.cs(445,14): warning CS8602: Dereference of a possibly null reference. [C:\Users\hisha\Documents\Bomberman\Bomberman.csproj]
         CompilerServer: server - server processed compilation - Bomberman (net9.0)
       Done executing task "Csc".
       Task "CallTarget" skipped, due to false condition; ('$(TargetsTriggeredByCompilation)' != '') was evaluated as ('' != '').
   1:7>Done building target "CoreCompile" in project "Bomberman.csproj".
       Target "_TouchLastBuildWithSkipAnalyzers" skipped, due to false condition; ('$(_SkipAnalyzers)' == 'true') was evaluated as ('' == 'true').
       Target "_TimeStampAfterCompile" skipped, due to false condition; ('$(RunPostBuildEvent)'=='OnOutputUpdated' or ('$(RegisterForComInterop)'=='true' and '$(OutputType)'=='library')) was evaluated as (''=='OnOutputUpdated' or (''=='true' and 'Exe'=='library')).
   1:7>Target "AfterCompile" in file "C:\Program Files\dotnet\sdk\9.0.305\Microsoft.Common.CurrentVersion.targets" from project "C:\Users\hisha\Documents\Bomberman\Bomberman.csproj" (target "Compile" depends on it):
   1:7>Done building target "AfterCompile" in project "Bomberman.csproj".
       Target "_GetAppHostPaths" skipped. Previously built successfully.
       Target "_GetAppHostCreationConfiguration" skipped. Previously built successfully.
       Target "CoreCompile" skipped. Previously built successfully.
   1:7>Target "_CreateAppHost" in file "C:\Program Files\dotnet\sdk\9.0.305\Sdks\Microsoft.NET.Sdk\targets\Microsoft.NET.Sdk.targets" from project "C:\Users\hisha\Documents\Bomberman\Bomberman.csproj" (target "Compile" depends on it):
       Building target "_CreateAppHost" completely.
       Input file "obj\Debug\net9.0\Bomberman.dll" is newer than output file "C:\Users\hisha\Documents\Bomberman\obj\Debug\net9.0\apphost.exe".
       Using "CreateAppHost" task from assembly "C:\Program Files\dotnet\sdk\9.0.305\Sdks\Microsoft.NET.Sdk\targets\..\tools\net9.0\Microsoft.NET.Build.Tasks.dll".
       Task "CreateAppHost"
       Done executing task "CreateAppHost".
   1:7>Done building target "_CreateAppHost" in project "Bomberman.csproj".
       Target "_CreateComHost" skipped, due to false condition; ('$(ComputeNETCoreBuildOutputFiles)' == 'true' and
                            '$(ComHostIntermediatePath)' != '' and
                            Exists('@(IntermediateAssembly)') and
                            Exists('$(ComHostSourcePath)')) was evaluated as ('true' == 'true' and
                            '' != '' and
                            Exists('obj\Debug\net9.0\Bomberman.dll') and
                            Exists('C:\Program Files\dotnet\packs\Microsoft.NETCore.App.Host.win-x64\9.0.9\runtimes\win-x64\native\comhost.dll')).
       Target "_GetIjwHostPaths" skipped, due to false condition; ('$(UseIJWHost)' == 'true') was evaluated as ('' == 'true').
   1:7>Target "Compile" in file "C:\Program Files\dotnet\sdk\9.0.305\Microsoft.Common.CurrentVersion.targets" from project "C:\Users\hisha\Documents\Bomberman\Bomberman.csproj" (target "CoreBuild" depends on it):
   1:7>Done building target "Compile" in project "Bomberman.csproj".
       Target "ExportWindowsMDFile" skipped, due to false condition; ('$(ExportWinMDFile)' == 'true') was evaluated as ('' == 'true').
       Target "UnmanagedUnregistration" skipped, due to false condition; ((('$(_AssemblyTimestampBeforeCompile)' != '$(_AssemblyTimestampAfterCompile)' or '$(RegisterForComInterop)' != 'true' or '$(OutputType)' != 'library') or
                           ('$(_AssemblyTimestampBeforeCompile)' == '')) and
                          Exists('@(_UnmanagedRegistrationCache)')) was evaluated as ((('' != '' or '' != 'true' or 'Exe' != 'library') or
                           ('' == '')) and
                          Exists('obj\Bomberman.csproj.UnmanagedRegistration.cache')).
       Target "GenerateSerializationAssemblies" skipped, due to false condition; ('$(_SGenGenerateSerializationAssembliesConfig)' == 'On' or ('@(WebReferenceUrl)'!='' and '$(_SGenGenerateSerializationAssembliesConfig)' == 'Auto')) was evaluated as ('Off' == 'On' or (''!='' and 'Off' == 'Auto')).
   1:7>Target "_GenerateSatelliteAssemblyInputs" in file "C:\Program Files\dotnet\sdk\9.0.305\Microsoft.Common.CurrentVersion.targets" from project "C:\Users\hisha\Documents\Bomberman\Bomberman.csproj" (target "CreateSatelliteAssemblies" depends on it):
       Task "MSBuildInternalMessage" skipped, due to false condition; ('@(ManifestResourceWithCulture)'!='' and '%(ManifestResourceWithCulture.EmittedForCompatibilityOnly)'=='') was evaluated as (''!='' and ''=='').
       Task "MSBuildInternalMessage" skipped, due to false condition; ('@(ManifestNonResxWithCultureOnDisk)'!='' and '%(ManifestNonResxWithCultureOnDisk.EmittedForCompatibilityOnly)'=='') was evaluated as (''!='' and ''=='').
   1:7>Done building target "_GenerateSatelliteAssemblyInputs" in project "Bomberman.csproj".
       Target "ComputeIntermediateSatelliteAssemblies" skipped, due to false condition; (@(EmbeddedResource->'%(WithCulture)') != '') was evaluated as ( != '').
       Target "GenerateSatelliteAssemblies" skipped, due to false condition; ('@(_SatelliteAssemblyResourceInputs)' != '' and '$(GenerateSatelliteAssembliesForCore)' != 'true') was evaluated as ('' != '' and 'true' != 'true').
       Target "CoreGenerateSatelliteAssemblies" skipped, due to false condition; ('@(_SatelliteAssemblyResourceInputs)' != ''  and '$(GenerateSatelliteAssembliesForCore)' == 'true' ) was evaluated as ('' != ''  and 'true' == 'true' ).
   1:7>Target "CreateSatelliteAssemblies" in file "C:\Program Files\dotnet\sdk\9.0.305\Microsoft.Common.CurrentVersion.targets" from project "C:\Users\hisha\Documents\Bomberman\Bomberman.csproj" (target "CoreBuild" depends on it):
   1:7>Done building target "CreateSatelliteAssemblies" in project "Bomberman.csproj".
       Target "GenerateManifests" skipped, due to false condition; ('$(GenerateClickOnceManifests)'=='true' or '@(NativeReference)'!='' or '@(ResolvedIsolatedComModules)'!='' or '$(GenerateAppxManifest)' == 'true') was evaluated as (''=='true' or ''!='' or ''!='' or '' == 'true').
   1:7>Target "GetTargetPathWithTargetPlatformMoniker" in file "C:\Program Files\dotnet\sdk\9.0.305\Microsoft.Common.CurrentVersion.targets" from project "C:\Users\hisha\Documents\Bomberman\Bomberman.csproj" (target "GetTargetPath" depends on it):
   1:7>Done building target "GetTargetPathWithTargetPlatformMoniker" in project "Bomberman.csproj".
   1:7>Target "GetTargetPath" in file "C:\Program Files\dotnet\sdk\9.0.305\Microsoft.Common.CurrentVersion.targets" from project "C:\Users\hisha\Documents\Bomberman\Bomberman.csproj" (target "CoreBuild" depends on it):
   1:7>Done building target "GetTargetPath" in project "Bomberman.csproj".
       Target "ComputeIntermediateSatelliteAssemblies" skipped, due to false condition; (@(EmbeddedResource->'%(WithCulture)') != '') was evaluated as ( != '').
   1:7>Target "_CopyFilesMarkedCopyLocal" in file "C:\Program Files\dotnet\sdk\9.0.305\Microsoft.Common.CurrentVersion.targets" from project "C:\Users\hisha\Documents\Bomberman\Bomberman.csproj" (target "CopyFilesToOutputDirectory" depends on it):
       Using "Copy" task from assembly "Microsoft.Build.Tasks.Core, Version=15.1.0.0, Culture=neutral, PublicKeyToken=b03f5f7f11d50a3a".
       Task "Copy"
         Did not copy from file "C:\Users\hisha\.nuget\packages\monogame.framework.desktopgl\3.8.4.1\lib\net8.0\MonoGame.Framework.dll" to file "bin\Debug\net9.0\MonoGame.Framework.dll" because the "SkipUnchangedFiles" parameter was set to "true" in the project and the files' sizes and timestamps match.
         Did not copy from file "C:\Users\hisha\.nuget\packages\monogame.library.openal\1.24.3.2\runtimes\android-arm64\native\libopenal.so" to file "bin\Debug\net9.0\runtimes\android-arm64\native\libopenal.so" because the "SkipUnchangedFiles" parameter was set to "true" in the project and the files' sizes and timestamps match.
         Did not copy from file "C:\Users\hisha\.nuget\packages\nvorbis\0.10.4\lib\netstandard2.0\NVorbis.dll" to file "bin\Debug\net9.0\NVorbis.dll" because the "SkipUnchangedFiles" parameter was set to "true" in the project and the files' sizes and timestamps match.
         Did not copy from file "C:\Users\hisha\.nuget\packages\monogame.library.openal\1.24.3.2\runtimes\android-arm\native\libopenal.so" to file "bin\Debug\net9.0\runtimes\android-arm\native\libopenal.so" because the "SkipUnchangedFiles" parameter was set to "true" in the project and the files' sizes and timestamps match.
         Did not copy from file "C:\Users\hisha\.nuget\packages\monogame.library.openal\1.24.3.2\runtimes\ios-arm64\native\libopenal.a" to file "bin\Debug\net9.0\runtimes\ios-arm64\native\libopenal.a" because the "SkipUnchangedFiles" parameter was set to "true" in the project and the files' sizes and timestamps match.
         Did not copy from file "C:\Users\hisha\.nuget\packages\monogame.library.openal\1.24.3.2\runtimes\iossimulator-arm64\native\libopenal.a" to file "bin\Debug\net9.0\runtimes\iossimulator-arm64\native\libopenal.a" because the "SkipUnchangedFiles" parameter was set to "true" in the project and the files' sizes and timestamps match.
         Did not copy from file "C:\Users\hisha\.nuget\packages\monogame.library.openal\1.24.3.2\runtimes\android-x86\native\libopenal.so" to file "bin\Debug\net9.0\runtimes\android-x86\native\libopenal.so" because the "SkipUnchangedFiles" parameter was set to "true" in the project and the files' sizes and timestamps match.
         Did not copy from file "C:\Users\hisha\.nuget\packages\monogame.library.openal\1.24.3.2\runtimes\android-x64\native\libopenal.so" to file "bin\Debug\net9.0\runtimes\android-x64\native\libopenal.so" because the "SkipUnchangedFiles" parameter was set to "true" in the project and the files' sizes and timestamps match.
         Did not copy from file "C:\Users\hisha\.nuget\packages\monogame.library.openal\1.24.3.2\runtimes\iossimulator-x64\native\libopenal.a" to file "bin\Debug\net9.0\runtimes\iossimulator-x64\native\libopenal.a" because the "SkipUnchangedFiles" parameter was set to "true" in the project and the files' sizes and timestamps match.
         Did not copy from file "C:\Users\hisha\.nuget\packages\monogame.library.openal\1.24.3.2\runtimes\linux-arm64\native\libopenal.so" to file "bin\Debug\net9.0\runtimes\linux-arm64\native\libopenal.so" because the "SkipUnchangedFiles" parameter was set to "true" in the project and the files' sizes and timestamps match.
         Did not copy from file "C:\Users\hisha\.nuget\packages\monogame.library.openal\1.24.3.2\runtimes\linux-x64\native\libopenal.so" to file "bin\Debug\net9.0\runtimes\linux-x64\native\libopenal.so" because the "SkipUnchangedFiles" parameter was set to "true" in the project and the files' sizes and timestamps match.
         Did not copy from file "C:\Users\hisha\.nuget\packages\monogame.library.openal\1.24.3.2\runtimes\osx\native\libopenal.dylib" to file "bin\Debug\net9.0\runtimes\osx\native\libopenal.dylib" because the "SkipUnchangedFiles" parameter was set to "true" in the project and the files' sizes and timestamps match.
         Did not copy from file "C:\Users\hisha\.nuget\packages\monogame.library.openal\1.24.3.2\runtimes\win-x64\native\openal.dll" to file "bin\Debug\net9.0\runtimes\win-x64\native\openal.dll" because the "SkipUnchangedFiles" parameter was set to "true" in the project and the files' sizes and timestamps match.
         Did not copy from file "C:\Users\hisha\.nuget\packages\monogame.library.sdl\2.32.2.1\runtimes\linux-x64\native\libSDL2-2.0.so.0" to file "bin\Debug\net9.0\runtimes\linux-x64\native\libSDL2-2.0.so.0" because the "SkipUnchangedFiles" parameter was set to "true" in the project and the files' sizes and timestamps match.
         Did not copy from file "C:\Users\hisha\.nuget\packages\monogame.library.sdl\2.32.2.1\runtimes\osx\native\libSDL2-2.0.0.dylib" to file "bin\Debug\net9.0\runtimes\osx\native\libSDL2-2.0.0.dylib" because the "SkipUnchangedFiles" parameter was set to "true" in the project and the files' sizes and timestamps match.
         Did not copy from file "C:\Users\hisha\.nuget\packages\monogame.library.sdl\2.32.2.1\runtimes\win-x64\native\SDL2.dll" to file "bin\Debug\net9.0\runtimes\win-x64\native\SDL2.dll" because the "SkipUnchangedFiles" parameter was set to "true" in the project and the files' sizes and timestamps match.
       Done executing task "Copy".
       Task "Touch" skipped, due to false condition; ('@(ReferencesCopiedInThisBuild)' != '' and '$(WroteAtLeastOneFile)' == 'true') was evaluated as ('bin\Debug\net9.0\MonoGame.Framework.dll;bin\Debug\net9.0\NVorbis.dll;bin\Debug\net9.0\runtimes\android-arm\native\libopenal.so;...' != '' and 'False' == 'true').
   1:7>Done building target "_CopyFilesMarkedCopyLocal" in project "Bomberman.csproj".
       Target "AssignTargetPaths" skipped. Previously built successfully.
       Target "AssignProjectConfiguration" skipped, due to false condition; ('$(CurrentSolutionConfigurationContents)' != '' or '@(ProjectReference)'!='') was evaluated as ('' != '' or ''!='').
       Target "_SplitProjectReferencesByFileExistence" skipped. Previously built successfully.
       Target "_GetProjectReferenceTargetFrameworkProperties" skipped. Previously built successfully.
   1:7>Target "_PopulateCommonStateForGetCopyToOutputDirectoryItems" in file "C:\Program Files\dotnet\sdk\9.0.305\Microsoft.Common.CurrentVersion.targets" from project "C:\Users\hisha\Documents\Bomberman\Bomberman.csproj" (target "GetCopyToOutputDirectoryItems" depends on it):
   1:7>Done building target "_PopulateCommonStateForGetCopyToOutputDirectoryItems" in project "Bomberman.csproj".
   1:7>Target "AddDepsJsonAndRuntimeConfigToCopyItemsForReferencingProjects" in file "C:\Program Files\dotnet\sdk\9.0.305\Sdks\Microsoft.NET.Sdk\targets\Microsoft.NET.Sdk.targets" from project "C:\Users\hisha\Documents\Bomberman\Bomberman.csproj" (target "GetCopyToOutputDirectoryItems" depends on it):
   1:7>Done building target "AddDepsJsonAndRuntimeConfigToCopyItemsForReferencingProjects" in project "Bomberman.csproj".
   1:7>Target "GetCopyToOutputDirectoryItems" in file "C:\Program Files\dotnet\sdk\9.0.305\Microsoft.Common.CurrentVersion.targets" from project "C:\Users\hisha\Documents\Bomberman\Bomberman.csproj" (target "_CopySourceItemsToOutputDirectory" depends on it):
       Using "CallTarget" task from assembly "Microsoft.Build.Tasks.Core, Version=15.1.0.0, Culture=neutral, PublicKeyToken=b03f5f7f11d50a3a".
       Task "CallTarget"
       Target "_PopulateCommonStateForGetCopyToOutputDirectoryItems" skipped. Previously built successfully.
       Target "_AddOutputPathToGlobalPropertiesToRemove" skipped. Previously built successfully.
   1:7>Target "_GetCopyToOutputDirectoryItemsFromTransitiveProjectReferences" in file "C:\Program Files\dotnet\sdk\9.0.305\Microsoft.Common.CurrentVersion.targets" from project "C:\Users\hisha\Documents\Bomberman\Bomberman.csproj" (target "GetCopyToOutputDirectoryItems" depends on it):
       Task "MSBuild" skipped, due to false condition; ('@(_MSBuildProjectReferenceExistent)' != '' and '$(_GetChildProjectCopyToOutputDirectoryItems)' == 'true' and '%(_MSBuildProjectReferenceExistent.Private)' != 'false' and '$(UseCommonOutputDirectory)' != 'true') was evaluated as ('' != '' and 'true' == 'true' and '' != 'false' and 'false' != 'true').
       Task "AssignTargetPath"
       Done executing task "AssignTargetPath".
   1:7>Done building target "_GetCopyToOutputDirectoryItemsFromTransitiveProjectReferences" in project "Bomberman.csproj".
       Done executing task "CallTarget".
       Task "CallTarget"
       Target "AssignTargetPaths" skipped. Previously built successfully.
       Target "_PopulateCommonStateForGetCopyToOutputDirectoryItems" skipped. Previously built successfully.
   1:7>Target "_GetCopyToOutputDirectoryItemsFromThisProject" in file "C:\Program Files\dotnet\sdk\9.0.305\Microsoft.Common.CurrentVersion.targets" from project "C:\Users\hisha\Documents\Bomberman\Bomberman.csproj" (target "GetCopyToOutputDirectoryItems" depends on it):
       Task "AssignTargetPath"
       Done executing task "AssignTargetPath".
   1:7>Done building target "_GetCopyToOutputDirectoryItemsFromThisProject" in project "Bomberman.csproj".
       Done executing task "CallTarget".
   1:7>Done building target "GetCopyToOutputDirectoryItems" in project "Bomberman.csproj".
   1:7>Target "_CopyOutOfDateSourceItemsToOutputDirectory" in file "C:\Program Files\dotnet\sdk\9.0.305\Microsoft.Common.CurrentVersion.targets" from project "C:\Users\hisha\Documents\Bomberman\Bomberman.csproj" (target "_CopySourceItemsToOutputDirectory" depends on it):
       Building target "_CopyOutOfDateSourceItemsToOutputDirectory" completely.
       Input file "C:\Users\hisha\Documents\Bomberman\obj\Debug\net9.0\apphost.exe" is newer than output file "bin\Debug\net9.0\Bomberman.exe".
       Task "Copy"
         Copying file from "C:\Users\hisha\Documents\Bomberman\obj\Debug\net9.0\apphost.exe" to "C:\Users\hisha\Documents\Bomberman\bin\Debug\net9.0\Bomberman.exe".
       Done executing task "Copy".
   1:7>Done building target "_CopyOutOfDateSourceItemsToOutputDirectory" in project "Bomberman.csproj".
       Target "_CopyOutOfDateSourceItemsToOutputDirectoryAlways" skipped, due to false condition; ( '@(_SourceItemsToCopyToOutputDirectoryAlways)' != '' ) was evaluated as ( '' != '' ).
       Target "_CopyDifferingSourceItemsToOutputDirectory" skipped, due to false condition; ( '@(_SourceItemsToCopyToOutputDirectoryIfDifferent)' != '' ) was evaluated as ( '' != '' ).
   1:7>Target "_CopySourceItemsToOutputDirectory" in file "C:\Program Files\dotnet\sdk\9.0.305\Microsoft.Common.CurrentVersion.targets" from project "C:\Users\hisha\Documents\Bomberman\Bomberman.csproj" (target "CopyFilesToOutputDirectory" depends on it):
   1:7>Done building target "_CopySourceItemsToOutputDirectory" in project "Bomberman.csproj".
       Target "_CopyAppConfigFile" skipped, due to false condition; ( '@(AppConfigWithTargetPath)' != '' ) was evaluated as ( '' != '' ).
       Target "_CopyManifestFiles" skipped, due to false condition; ( '$(_DeploymentCopyApplicationManifest)'=='true' or '$(GenerateClickOnceManifests)'=='true' ) was evaluated as ( ''=='true' or ''=='true' ).
   1:7>Target "_CheckForCompileOutputs" in file "C:\Program Files\dotnet\sdk\9.0.305\Microsoft.Common.CurrentVersion.targets" from project "C:\Users\hisha\Documents\Bomberman\Bomberman.csproj" (target "CopyFilesToOutputDirectory" depends on it):
   1:7>Done building target "_CheckForCompileOutputs" in project "Bomberman.csproj".
       Target "_SGenCheckForOutputs" skipped, due to false condition; ('$(_SGenGenerateSerializationAssembliesConfig)' == 'On' or ('@(WebReferenceUrl)'!='' and '$(_SGenGenerateSerializationAssembliesConfig)' == 'Auto')) was evaluated as ('Off' == 'On' or (''!='' and 'Off' == 'Auto')).
       Target "_DefaultMicrosoftNETPlatformLibrary" skipped. Previously built successfully.
       Target "_HandlePackageFileConflicts" skipped. Previously built successfully.
       Target "ResolveAssemblyReferences" skipped. Previously built successfully.
   1:7>Target "_ComputeReferenceAssemblies" in file "C:\Program Files\dotnet\sdk\9.0.305\Sdks\Microsoft.NET.Sdk\targets\Microsoft.NET.Sdk.targets" from project "C:\Users\hisha\Documents\Bomberman\Bomberman.csproj" (target "GenerateBuildDependencyFile" depends on it):
   1:7>Done building target "_ComputeReferenceAssemblies" in project "Bomberman.csproj".
   1:7>Target "_ComputeUserRuntimeAssemblies" in file "C:\Program Files\dotnet\sdk\9.0.305\Sdks\Microsoft.NET.Sdk\targets\Microsoft.NET.Sdk.targets" from project "C:\Users\hisha\Documents\Bomberman\Bomberman.csproj" (target "GenerateBuildDependencyFile" depends on it):
   1:7>Done building target "_ComputeUserRuntimeAssemblies" in project "Bomberman.csproj".
       Target "ResolveRuntimePackAssets" skipped, due to false condition; ('@(RuntimePack)' != '') was evaluated as ('' != '').
       Target "_ComputePackageReferencePublish" skipped. Previously built successfully.
       Target "ComputeDependencyFileCompilerOptions" skipped, due to false condition; ('$(PreserveCompilationContext)' == 'true') was evaluated as ('' == 'true').
   1:7>Target "GenerateBuildDependencyFile" in file "C:\Program Files\dotnet\sdk\9.0.305\Sdks\Microsoft.NET.Sdk\targets\Microsoft.NET.Sdk.targets" from project "C:\Users\hisha\Documents\Bomberman\Bomberman.csproj" (target "CopyFilesToOutputDirectory" depends on it):
       Building target "GenerateBuildDependencyFile" completely.
       Input file "C:\Users\hisha\Documents\Bomberman\obj\project.assets.json" is newer than output file "C:\Users\hisha\Documents\Bomberman\bin\Debug\net9.0\Bomberman.deps.json".
       Using "GenerateDepsFile" task from assembly "C:\Program Files\dotnet\sdk\9.0.305\Sdks\Microsoft.NET.Sdk\targets\..\tools\net9.0\Microsoft.NET.Build.Tasks.dll".
       Task "GenerateDepsFile"
       Done executing task "GenerateDepsFile".
   1:7>Done building target "GenerateBuildDependencyFile" in project "Bomberman.csproj".
       Target "_DefaultMicrosoftNETPlatformLibrary" skipped. Previously built successfully.
   1:7>Target "_GenerateRuntimeConfigurationFilesInputCache" in file "C:\Program Files\dotnet\sdk\9.0.305\Sdks\Microsoft.NET.Sdk\targets\Microsoft.NET.Sdk.targets" from project "C:\Users\hisha\Documents\Bomberman\Bomberman.csproj" (target "GenerateBuildRuntimeConfigurationFiles" depends on it):
       Task "Hash"
       Done executing task "Hash".
       Task "WriteLinesToFile"
         Skipping write to file "C:\Users\hisha\Documents\Bomberman\obj\Debug\net9.0\Bomberman.genruntimeconfig.cache" because content would not change.
       Done executing task "WriteLinesToFile".
   1:7>Done building target "_GenerateRuntimeConfigurationFilesInputCache" in project "Bomberman.csproj".
   1:7>Target "GenerateBuildRuntimeConfigurationFiles" in file "C:\Program Files\dotnet\sdk\9.0.305\Sdks\Microsoft.NET.Sdk\targets\Microsoft.NET.Sdk.targets" from project "C:\Users\hisha\Documents\Bomberman\Bomberman.csproj" (target "CopyFilesToOutputDirectory" depends on it):
       Building target "GenerateBuildRuntimeConfigurationFiles" completely.
       Input file "C:\Users\hisha\Documents\Bomberman\obj\project.assets.json" is newer than output file "C:\Users\hisha\Documents\Bomberman\bin\Debug\net9.0\Bomberman.runtimeconfig.json".
       Task "NETSdkError" skipped, due to false condition; ('$(RollForward)' != '' and '$(RollForward)' != 'Major' and '$(RollForward)' != 'LatestMajor' and '$(_IsRollForwardSupported)' != 'true') was evaluated as ('' != '' and '' != 'Major' and '' != 'LatestMajor' and 'true' != 'true').
       Using "GenerateRuntimeConfigurationFiles" task from assembly "C:\Program Files\dotnet\sdk\9.0.305\Sdks\Microsoft.NET.Sdk\targets\..\tools\net9.0\Microsoft.NET.Build.Tasks.dll".
       Task "GenerateRuntimeConfigurationFiles"
       Done executing task "GenerateRuntimeConfigurationFiles".
   1:7>Done building target "GenerateBuildRuntimeConfigurationFiles" in project "Bomberman.csproj".
       Target "GenerateShimsAssets" skipped, due to false condition; ('$(PackAsTool)' == 'true' and $(PackAsToolShimRuntimeIdentifiers) != '' ) was evaluated as ('' == 'true' and  != '' ).
   1:7>Target "CopyFilesToOutputDirectory" in file "C:\Program Files\dotnet\sdk\9.0.305\Microsoft.Common.CurrentVersion.targets" from project "C:\Users\hisha\Documents\Bomberman\Bomberman.csproj" (target "PrepareForRun" depends on it):
       Task "Copy"
         Copying file from "C:\Users\hisha\Documents\Bomberman\obj\Debug\net9.0\Bomberman.dll" to "C:\Users\hisha\Documents\Bomberman\bin\Debug\net9.0\Bomberman.dll".
       Done executing task "Copy".
       Using "CopyRefAssembly" task from assembly "C:\Program Files\dotnet\sdk\9.0.305\Roslyn\Microsoft.Build.Tasks.CodeAnalysis.dll".
       Task "CopyRefAssembly"
         Source reference assembly "obj\Debug\net9.0\refint\Bomberman.dll" (timestamp "2026-01-06T19:01:20.9376531Z", MVID "b675286b-1cdd-4704-9646-fb5efd5d2d7f") differs from destination "C:\Users\hisha\Documents\Bomberman\obj\Debug\net9.0\ref\Bomberman.dll" (timestamp "2026-01-06T18:39:45.6555015Z", MVID "4c6543fe-d27d-4651-a311-123719e814d5").
         Copying reference assembly from "obj\Debug\net9.0\refint\Bomberman.dll" to "C:\Users\hisha\Documents\Bomberman\obj\Debug\net9.0\ref\Bomberman.dll".
       Done executing task "CopyRefAssembly".
       Task "Message"
         Bomberman -> C:\Users\hisha\Documents\Bomberman\bin\Debug\net9.0\Bomberman.dll
       Done executing task "Message".
       Task "Copy" skipped, due to false condition; ('@(AddModules)' != '') was evaluated as ('' != '').
       Task "Copy" skipped, due to false condition; ('$(_SGenDllCreated)'=='true') was evaluated as ('false'=='true').
       Task "Copy"
         Copying file from "C:\Users\hisha\Documents\Bomberman\obj\Debug\net9.0\Bomberman.pdb" to "C:\Users\hisha\Documents\Bomberman\bin\Debug\net9.0\Bomberman.pdb".
       Done executing task "Copy".
       Task "Copy" skipped, due to false condition; ('$(_DocumentationFileProduced)'=='true' and '$(CopyDocumentationFileToOutputDirectory)'=='true') was evaluated as ('false'=='true' and 'true'=='true').
       Task "Copy" skipped, due to false condition; ('@(IntermediateSatelliteAssembliesWithTargetPath)' != '') was evaluated as ('' != '').
       Task "Copy" skipped, due to false condition; ('@(ReferenceComWrappersToCopyLocal)' != '' or '@(ResolvedIsolatedComModules)' != '' or '@(_DeploymentLooseManifestFile)' != '' or '@(NativeReferenceFile)' != '' ) was evaluated as ('' != '' or '' != '' or '' != '' or '' != '' ).
       Task "Copy" skipped, due to false condition; ('$(SkipCopyWinMDArtifact)' != 'true' and '@(WinMDExpArtifacts)' != '') was evaluated as ('' != 'true' and '' != '').
       Task "Message" skipped, due to false condition; ('$(SkipCopyWinMDArtifact)' != 'true' and '$(_WindowsMetadataOutputPath)' != '') was evaluated as ('' != 'true' and '' != '').
   1:7>Done building target "CopyFilesToOutputDirectory" in project "Bomberman.csproj".
       Target "_CopyReferenceOnlyAssembliesForBuild" skipped, due to false condition; ('$(PreserveCompilationReferences)' == 'true') was evaluated as ('' == 'true').
   1:7>Target "PrepareForRun" in file "C:\Program Files\dotnet\sdk\9.0.305\Microsoft.Common.CurrentVersion.targets" from project "C:\Users\hisha\Documents\Bomberman\Bomberman.csproj" (target "CoreBuild" depends on it):
   1:7>Done building target "PrepareForRun" in project "Bomberman.csproj".
       Target "UnmanagedRegistration" skipped, due to false condition; ('$(RegisterForComInterop)'=='true' and '$(OutputType)'=='library') was evaluated as (''=='true' and 'Exe'=='library').
       Target "_CheckForCompileOutputs" skipped. Previously built successfully.
       Target "_SGenCheckForOutputs" skipped, due to false condition; ('$(_SGenGenerateSerializationAssembliesConfig)' == 'On' or ('@(WebReferenceUrl)'!='' and '$(_SGenGenerateSerializationAssembliesConfig)' == 'Auto')) was evaluated as ('Off' == 'On' or (''!='' and 'Off' == 'Auto')).
   1:7>Target "_CleanGetCurrentAndPriorFileWrites" in file "C:\Program Files\dotnet\sdk\9.0.305\Microsoft.Common.CurrentVersion.targets" from project "C:\Users\hisha\Documents\Bomberman\Bomberman.csproj" (target "IncrementalClean" depends on it):
       Using "ReadLinesFromFile" task from assembly "Microsoft.Build.Tasks.Core, Version=15.1.0.0, Culture=neutral, PublicKeyToken=b03f5f7f11d50a3a".
       Task "ReadLinesFromFile"
       Done executing task "ReadLinesFromFile".
       Task "ConvertToAbsolutePath"
       Done executing task "ConvertToAbsolutePath".
       Using "FindUnderPath" task from assembly "Microsoft.Build.Tasks.Core, Version=15.1.0.0, Culture=neutral, PublicKeyToken=b03f5f7f11d50a3a".
       Task "FindUnderPath"
         Comparison path is "C:\Users\hisha\Documents\Bomberman".
       Done executing task "FindUnderPath".
       Task "FindUnderPath"
         Comparison path is "bin\Debug\net9.0\".
       Done executing task "FindUnderPath".
       Task "FindUnderPath"
         Comparison path is "obj\Debug\net9.0\".
       Done executing task "FindUnderPath".
       Task "RemoveDuplicates"
       Done executing task "RemoveDuplicates".
   1:7>Done building target "_CleanGetCurrentAndPriorFileWrites" in project "Bomberman.csproj".
   1:7>Target "IncrementalClean" in file "C:\Program Files\dotnet\sdk\9.0.305\Microsoft.Common.CurrentVersion.targets" from project "C:\Users\hisha\Documents\Bomberman\Bomberman.csproj" (target "CoreBuild" depends on it):
       Task "FindUnderPath"
         Comparison path is "bin\Debug\net9.0\".
       Done executing task "FindUnderPath".
       Task "FindUnderPath"
         Comparison path is "obj\Debug\net9.0\".
       Done executing task "FindUnderPath".
       Using "Delete" task from assembly "Microsoft.Build.Tasks.Core, Version=15.1.0.0, Culture=neutral, PublicKeyToken=b03f5f7f11d50a3a".
       Task "Delete"
       Done executing task "Delete".
       Task "RemoveDuplicates"
       Done executing task "RemoveDuplicates".
       Task "WriteLinesToFile" skipped, due to false condition; ('@(_CleanUnfilteredPriorFileWrites)'!='@(_CleanUniqueRemainingFileWritesAfterIncrementalClean)') was evaluated as ('C:\Users\hisha\Documents\Bomberman\bin\Debug\net9.0\Bomberman.exe;C:\Users\hisha\Documents\Bomberman\bin\Debug\net9.0\Bomberman.deps.json;C:\Users\hisha\Documents\Bomberman\bin\Debug\net9.0\Bomberman.runtimeconfig.json;...'!='C:\Users\hisha\Documents\Bomberman\bin\Debug\net9.0\Bomberman.exe;C:\Users\hisha\Documents\Bomberman\bin\Debug\net9.0\Bomberman.deps.json;C:\Users\hisha\Documents\Bomberman\bin\Debug\net9.0\Bomberman.runtimeconfig.json;...').
   1:7>Done building target "IncrementalClean" in project "Bomberman.csproj".
       Target "PostBuildEvent" skipped, due to false condition; ('$(PostBuildEvent)' != '' and ('$(RunPostBuildEvent)' != 'OnOutputUpdated' or '$(_AssemblyTimestampBeforeCompile)' != '$(_AssemblyTimestampAfterCompile)')) was evaluated as ('' != '' and ('' != 'OnOutputUpdated' or '' != '')).
       Target "GenerateBuildDependencyFile" skipped. Previously built successfully.
       Target "GenerateBuildRuntimeConfigurationFiles" skipped. Previously built successfully.
   1:7>Target "CoreBuild" in file "C:\Program Files\dotnet\sdk\9.0.305\Microsoft.Common.CurrentVersion.targets" from project "C:\Users\hisha\Documents\Bomberman\Bomberman.csproj" (target "Build" depends on it):
   1:7>Done building target "CoreBuild" in project "Bomberman.csproj".
   1:7>Target "AfterBuild" in file "C:\Program Files\dotnet\sdk\9.0.305\Microsoft.Common.CurrentVersion.targets" from project "C:\Users\hisha\Documents\Bomberman\Bomberman.csproj" (target "Build" depends on it):
   1:7>Done building target "AfterBuild" in project "Bomberman.csproj".
       Target "_CheckBrowserWorkloadNeededButNotAvailable" skipped, due to false condition; ('$(RuntimeIdentifier)' == 'browser-wasm' and '$(_BrowserWorkloadDisabled)' != 'true' and '$(WasmNativeWorkloadAvailable)' != 'true') was evaluated as ('' == 'browser-wasm' and '' != 'true' and '' != 'true').
       Target "_ErrorWorkloadDisabledForTFMLessThan6" skipped, due to false condition; ('$(_BrowserWorkloadNotSupportedForTFM)' == 'true') was evaluated as ('' == 'true').
       Target "_ErrorDualWasmThreadPropsOn7" skipped, due to false condition; ('$(TargetsNet7)' == 'true' and '$(RuntimeIdentifier)' == 'browser-wasm' and
           '$(BrowserWorkloadDisabled)' != 'true' and '$(WasmEnableThreads)' == 'true' and '$(WasmEnablePerfTrace)' == 'true') was evaluated as ('' == 'true' and '' == 'browser-wasm' and
           '' != 'true' and '' == 'true' and '' == 'true').
       Target "_CheckForInvalidConfigurationAndPlatform" skipped. Previously built successfully.
       Target "_CheckForInvalidConfigurationAndPlatform" skipped. Previously built successfully.
   1:7>Target "Build" in file "C:\Program Files\dotnet\sdk\9.0.305\Microsoft.Common.CurrentVersion.targets" from project "C:\Users\hisha\Documents\Bomberman\Bomberman.csproj" (entry point):
   1:7>Done building target "Build" in project "Bomberman.csproj".
       Target "_PackAsBuildAfterTarget" skipped, due to false condition; ('$(GeneratePackageOnBuild)' == 'true' AND '$(IsInnerBuild)' != 'true') was evaluated as ('false' == 'true' AND '' != 'true').
   1:7>Target "_CheckContainersPackage" in file "C:\Program Files\dotnet\sdk\9.0.305\Containers\build\Microsoft.NET.Build.Containers.targets" from project "C:\Users\hisha\Documents\Bomberman\Bomberman.csproj" (entry point):
       Task "Warning" skipped, due to false condition; ($(_ContainerPackageIsPresent)
               and (
                 ($(_SdkCanPublishWeb) and $(_IsWebProject)) or
                 ($(_SdkCanPublishWorker) and $(_IsWorkerProject)) or
                 ($(_SdkCanPublishConsole) and '$(EnableSdkContainerSupport)' == 'true')
               )) was evaluated as (false
               and (
                 (True and false) or
                 (True and false) or
                 (True and 'true' == 'true')
               )).
   1:7>Done building target "_CheckContainersPackage" in project "Bomberman.csproj".
   1:7>Done Building Project "C:\Users\hisha\Documents\Bomberman\Bomberman.csproj" (default targets).

Build succeeded.

       "C:\Users\hisha\Documents\Bomberman\Bomberman.csproj" (default target) (1:7) ->
       (CoreCompile target) -> 
         C:\Users\hisha\Documents\Bomberman\Program.cs(260,17): warning CS8602: Dereference of a possibly null reference. [C:\Users\hisha\Documents\Bomberman\Bomberman.csproj]
         C:\Users\hisha\Documents\Bomberman\Program.cs(445,14): warning CS8602: Dereference of a possibly null reference. [C:\Users\hisha\Documents\Bomberman\Bomberman.csproj]

    2 Warning(s)
    0 Error(s)

Time Elapsed 00:00:02.22
